platform,fraud_type,text,Category
Reddit,scam,"I got scammed 20,000$ Got scammed all dad's saving wipes out 



""Hi , how are you? I hope you‚Äôre well. Sir, I‚Äôve been scammed big time. My father‚Äôs entire savings have been wiped out. 

I work in Kuwait, and my father also works here. The story is that a while ago, I was fired from my job, so I started looking for work. I handed out my CV everywhere, in offices and other places. Suddenly, I got a message on WhatsApp from a girl. She claimed she had accidentally sent a message to the wrong number, but since my number came up, she asked if I could show her around when she comes to Kuwait, saying not to worry about expenses as her friend would cover them. 

I told her to contact a guide instead, as this wasn‚Äôt something I could handle. Over the next few days, she created a friendly atmosphere, messaging daily. She shared that her boyfriend had cheated on her and started acting sympathetic. 

Then one day, she suddenly messaged me saying, *‚ÄúI do a part-time job and need to work online alongside it. It‚Äôs just 30 minutes of work. Can you help me? I‚Äôll even pay you.‚Äù* Since I was unemployed, I agreed, thinking I‚Äôd at least cover some expenses. She sent me a website link, a username, and password, asking me to log in and send screenshots. I did. 

She instructed me step-by-step, asking for screenshots each time. She deposited money via a crypto wallet in USDT. First, she deposited 300 USDT from her own wallet. Then she told me to click on Amazon offers. It felt odd, but I clicked anyway. The 300 USDT increased to 303. 

The system had tiers (VIP 1, VIP 2, etc.) based on deposit amounts (20‚Äì400 USDT). I clicked 25 times, turning 300 USDT into 1,600. She kept depositing more whenever required. 

When it was time to withdraw, she asked for my wallet address. The full amount (around 1,600‚Äì1,800 USD) was withdrawn successfully. She then said, *‚ÄúSince you helped, I‚Äôll give you $100.‚Äù* I didn‚Äôt have a crypto wallet, so she guided me to create one. She suggested I could do this work too. 

I created an account, started investing, and earned around $200. I was happy to have some income. She later convinced me she‚Äôd been doing this for two years and made good money. I hesitated but agreed to try again. 

Soon, I ran short of funds and asked for help. She replied, *‚ÄúSorry, I‚Äôve helped enough. Arrange the money yourself; it‚Äôll work out.‚Äù* I poured in all my savings and even my father‚Äôs, moving from VIP 1 to VIP 4. The deposits grew, and so did the promised returns. 

The catch was a 25-task target to withdraw funds. As I neared the 25th task, the required deposits skyrocketed. The girl who‚Äôd guided me stopped responding, and the website suddenly went down. I stayed up all night panicking. 

Now they‚Äôre demanding more money to process the withdrawal. I searched online and found Reddit posts confirming it‚Äôs a scam. I‚Äôve already lost 4‚Äì5 lakh rupees.",Crypto scams
Reddit,scam,"SCAM ALERT ‚Äì I LOST $55,000 üö® SCAM ALERT ‚Äì I LOST $55,000 üö®

I was scammed out of $55,000 by what I thought was a legitimate online car dealership. They had a professional-looking website, answered phone calls, and even FaceTimed me. They sent a Carfax report, I added the car to my insurance, and everything seemed real. After wiring the money, I was in contact with a ‚Äútruck driver‚Äù who was supposed to deliver the car‚Äîbut it never arrived. Soon after, their phone lines went dead, their website disappeared, and I realized I had been scammed.

I filed reports with my bank, the FBI (IC3), and local police, but I‚Äôve had no follow-up. Now, I‚Äôve discovered what looks like the same scammers using a nearly identical website and the same address! I believe they are still actively scamming people.

Does anybody have any advice for me?!",Loan / Financial scams
Reddit,scam,"I finally fell for a text scam. Thankfully caught it before any funds were removed So over the weekend, I went out of state with my girlfriend for a mountain retreat as well as hanging out in a new city, eating some local food, etc. Part of that was paying for parking. 

So I paid for parking, and all is good. Went around the city and had a wonderful time. We left prior to the parking lot kiosk expiring us. 

We finally head back to our campground and I get a text saying that my parking was expired and that I had a ~$10 balance due, and I'm like ""Fuck, how did this happen? We left with like 40 minutes left on the clock. Whatever"" and I ignored the now seemingly obviously not correct link to a payment portal that mimick'ed the EZ-Pass website, and I clicked next and put my card info in. 

My lapse of judgement was when it sent a confirmation text, it was actually allowing my card to be added to a softwallet. 

Immediately realizing I had fucked up, I called my bank and had them close the card as well as used the app to lock transactions that originate from my card just in case. 

Thankfully this story ends with $0 being removed from my account and a couple of bills being migrated to a credit card since we're nearing the end of the month, but unfortunately I fell for one finally because of how close the scam text fell in line with activities I was actually doing in the real world. 

Also side note, these scam texts didn't start coming in until I signed up for GA Peach Pass. Something tells me that there's a publicly facing DB or exposed DB with GA's Peach Pass system that is exposing cell #s for Peach Pass customers.

Stay safe, and vacation or not, stay vigilant. If you end up doing as I did, call the bank number on the back of your card and not a Google search and speak with a representative as soon as you can to minimize potential fraudulent damages to you.",Phishing attempts
Reddit,scam,Hawk Tuah girl stops questions on crypto 'scam' and says 'I'm going to bed',Crypto scams
Reddit,scam,"Random number sent me Apple Cash. This is totally a scam, right? I called the Apple Cash support line and they said I‚Äôd be fine if I sent it back even if the funding source charged it back, but previous Reddit posts say that‚Äôs not true. What should I do? If it was a genuine mistake, I don‚Äôt want to keep it, but it seems scammy to send cash to a number you‚Äôve never messaged before and isn‚Äôt in your contacts.",Phishing attempts
Reddit,scam,"Be aware: this scam ended up being costly UPDATE:
I received a letter from US alliance financial credit union. They are not going to reimburse the $13,666 on my Visa nor are they gonna refund my $2100 that was taken from my bank account. Disappointed but not surprised, I‚Äôm not a high value customer although I‚Äôve been there since 1978. I guess that doesn‚Äôt mean anything going to be opening another account and another bank.

I am a 70 years old former executive of a computer company so I‚Äôm not a dummy but was gullible. I say this because it could happen to anyone if you do t keep on top of the latest scams, in my case spoofing.

I‚Äôve been a member of my company‚Äôs Credit union since 1978. I received a call from the credit union that showed up via my contacts. 

The caller sounded just like any other rep. I‚Äôve spoken to over the years. They were confirming that I made some charges on both my Visa cards (debit and regular one). In order to remove it they would send a text and I was to click on yes to have it removed from my account. 

What I unknowingly did was authorize that transaction. They asked me for my information so they could cancel all my accounts, but you know what they did with that information.

It wasn‚Äôt until a few hours later the same person called to say that there were charges on my Best Buy Visa card and that‚Äôs when I got suspicious and hung up and immediately called the credit union .

Unfortunately, they took $2000 out of my checking account via the debit card and $15,000 charges on my regular Visa card . 
They were able to transfer money from my savings to my checking. (I was able to stop that) . They were also able to increase my credit limit on my Visa card and try to take out 20,000 but I was able to stop that. The Visa card charges are currently being investigated so there‚Äôs still a chance I‚Äôll get that back but the 2000 from my checking account is gone.

I know a lot of you are shaking your heads in disbelief that someone would be so gullible. That‚Äôs why I took so long to admit this. If I able to help one person. I‚Äôm fine with that.

I will post an update when the situation is resolved.",KYC / Banking scams
Reddit,scam,"I fell for a scam :( Phone scam. Apparently I had warrants for missing court. They knew my name, my preferred name, signature, and home addresses. 

They told me they were my local sheriff, I had to pay bail and submit to a signature analysis but if I hadn't paid first I would be cuffed and jailed for 72 hrs before appearing before a judge. They kept me on the phone for literal hours while I drove around trying to get $9300. I had my kid with me. They threatened me with jail and cps. The told me there was a gag order on my case and if I mentioned even that the money was for bail cops would arrest me. They told me there were officers within 3-5 blocks at all times to arrest me if I don't comply. They tried to get me to cash app them when I wasn't able to get anymore money out of atms. When that didn't work they then had me go to a bitcoin ATM ( they called it a state bail machine). Thats when I saw a sign describing my exact situation. I told the cashier I wasn't sure if this was legit and the scammer got irrate. Screaming threats including, cops, swat, labeling me as armed and dangerous, 1-5 years in jail, life in jail, and CPS taking my kid. I had the cashier call 911 because I was still terrified to hang up the phone. Then the scammers hung up. I sat in my car shaking for the next 10 minutes not sure who was coming cops I called or the swat ready for a fight. 

I'm not a dumb person but it all felt so real. Now typing this I'm like "" dude how did you fall for all these red flags"". I was just trying to do the right thing. I've already made a police report, notified my banks, signed up for credit monitoring. I just wanted to warn people.",KYC / Banking scams
Reddit,scam,"My spouse got caught in a pig slaughtering scam and now our life's savings are gone I'm sharing this here for informational purposes, because I don't want this to happen to anyone else. I'm also open to any advice or roasting. Believe me, I've already said horrible things to myself, there‚Äôs not a lot you can say that I haven‚Äôt already thought.

Late last year, I was not doing well, mentally speaking. My spouse had just gone through some stuff themselves, and we were just moping and not being kind to each other. I said some things that lead them to believe I was exploring the idea of leaving them. I wasn‚Äôt, I was actually implying that I was afraid they would leave me. This misunderstanding and general bad vibes compelled my spouse to seek advice from people on social media. One such ‚Äúfriend‚Äù posed as a financial adviser at an investment firm and suggested my spouse invest jointly in some sort of diversified asset portfolio. My spouse did so by liquidating a savings account they had from before we got married. I had no knowledge any of this was happening, as I was busy dealing with my own life spontaneously combusting and trying to get back on my feet, and generally being a sad sack.

This ‚Äúinvestment‚Äù had to be made in crypto. Of course. My spouse has been subject to multiple rants from me that crypto is a pyramid scheme, worse than a meme stock, because at least those are insured. So my spouse was somehow assured that the whole thing was legit because only the transfers had to be made in crypto. The rest was put into an ‚Äúaccount‚Äù and could be seen in USD by logging into a website, with posted transaction history and dividends.

A couple of months pass, and the ‚Äúinvestment‚Äù has basically quadrupled in value. The ‚Äúfriend‚Äù entices my spouse to upgrade the account. This is where my spouse begins to draw from our joint accounts, joint savings, and the proceeds we recently got from the sale of our last house. Of course the ‚Äúfriend‚Äù knew about the fact that we had massive proceeds from a real estate sale, because my spouse told them. When we sold it, my spouse and I explicitly agreed to roll those proceeds into our current mortgage to reduce our payments by a substantial amount, which would make us much better off financially. At this time, as a result of my issues going away and the sale of that house, which had taken forever, I had gotten my act together and was noticeably happier. Still, for whatever reason, my spouse persisted in hiding that they did something different with the proceeds from me. I was still completely in the dark.

Of course, this new input supposedly paid off, and the website reflected even better dividends. My spouse claims that they thought it was legit because of how crypto was going nuts at the time. Of course had my spouse checked in with me at any time, I would have immediately clocked it as a scam from day one.

So now comes the real mess. My spouse attempts to close out the investment account. In come the ‚Äúfees‚Äù and ‚Äútaxes‚Äù and what not. I‚Äôm still sitting there, happy as can be, thinking of how nice it will be now that I‚Äôve gotten back on my feet to also refinance my stupid mortgage and have money to finally enjoy buying nice things we have been putting off. Of course, all our savings, proceeds, and retirement are gone at this time. So my spouse goes, hat in hand, to their family, who loan them basically an entire master‚Äôs degree of student loans worth of money. Spouse converts it all to crypto, as per usual, and away it goes, into the blackhole of fraud, while I blissfully remain completely ignorant, like a total moron.

Now the spouse puts in withdrawal requests. They get my spouse‚Äôs ID, account numbers, you name it. New fees pop up, new loans are made. Chuck them all in the pile, why not? After a couple of months of delays, moving money around to different ‚Äúbanks‚Äù (yes, they had multi-factor log-ins, account histories, and all sorts of nonsense to make it look legit), the spouse starts to get the family coming knocking, asking for payment before they‚Äôre hit with taxes. Of course the in-laws did not tell me any of this, so they‚Äôre all on my shit list as well, for being complete morons, not figuring out it was a scam, and not once thinking that they should ask my spouse if they had permission from me to borrow six-figures.

So the spouse goes to an actual friend, mentions what‚Äôs going on, and the actual friend (bless them), clues in the spouse that it sounds fishy. Thus, Valentine‚Äôs Day weekend, lucky me, the spouse details the whole sordid thing. Spouse didn‚Äôt know it was a scam until they started telling me. I clocked it immediately. Through drips and dribbles, I get the damage.

It‚Äôs gone. All of it. Our entire savings. And we‚Äôre in substantial debt. Our net worth before this was creeping up towards one million. Now it‚Äôs six-figures in the red.

I‚Äôm honestly still in shock. My friends wonder why I haven‚Äôt filed for divorce. Probably because all that would accomplish is losing the one thing we have left, as we would have to sell the house. I‚Äôve forced my spouse into marital counseling, and we will be executing papers to make sure the debts are not owned by me jointly, but just my spouse. We‚Äôre putting the assets in my name. If I leave, I lose the house and walk away with a massive IOU. But my spouse? They‚Äôd be most of the way to a million in debt to me, because of this. I don‚Äôt know if I have the heart to do that, since none of this was malicious, it was just really, really fucking stupid. And dishonest. But mostly fucking stupid.

Yes I‚Äôve been forcing the spouse to report it all to law enforcement. Of course the spouse freaked out when I immediately clocked it as fraud and went on a rant (not kindly) about how my life‚Äôs savings are probably right now financing terrorists who sex traffic teenagers or some other dodgy bullshit. Yes, I know it‚Äôs probably all gone and I‚Äôm not getting any of it back.

Anyway, that‚Äôs that. I wanted to share to remind you all that some knowledge can be much deadlier than none. My spouse is educated, as am I, and we‚Äôve done well for ourselves through former investments that have paid off. That led my spouse to complacency and faith in themselves. I believe them when they say they did not know it was a scam. But that does not change the fact that now our retirement is gone, and we have to factor in these horrific debts that shouldn‚Äôt exist every time we contemplate doing something completely inane, like spending $2 on brand name oatmeal instead of generic.

Please, please, please, do not fall victim to things like this. I do not wish this on anyone. Don‚Äôt keep your finances secret from your family, always gut check with someone you know in real life and trust when something seems like a good opportunity. As soon as someone proposes any transaction in crypto, it should be a red flag. Just because there is an account, a website, receipts, and paperwork, it does not mean it is real.",Crypto scams
Reddit,scam,"Is Ethanol mixing a bigger scam than the 2G scam? We are getting adulterated petrol now with 20% ethanol mixing for the price of pure petrol, and it will damage 95% of vehicles in India also issue of 10-15% mileage drop with less power output

Government is forcing us to fill the tank with e20 petrol without e0, e5, and e20 options, the government reasons for the ethanol mixing are save money from oil imports, help farmers, and for cleaner air but now government claims cost of Ethanol is equal to petrol, and experts questioning the environment impact of enthanol production because 1 litre of ethanol production required 2000 litre of water.

Then who really benefits from this forced ethanol policy? Nithin Gadkhari sons own two Ethanol producing companies and whose profit soared to 3000% in the last year, data available publicly.

India's petrol consumption per day is around 30 crore litre, with 20% of ethanol, that means 6 crore litre ethanol per day, ethanol price have crossed more than ‚Çπ100 recently, so just imagine the size of ethanol sale per day.

So is this Ethanol mixing petrol the biggest scam in India? Bigger than 2G scam?",Loan / Financial scams
Reddit,scam,"Received a ring in the mail - is this a scam? A few weeks ago, I received this ring in the mail. It was addressed to me, but I did not order it. It did not come with any explanation, no enticement to order more. The band is adjustable, and the metal seems cheap - it‚Äôs definitely not gold or precious metal. 

This is all that came with it - that card, and the envelope it was contained in. When I went to the QR code, it gave a 403 Forbidden. 

Ideas?",Phishing attempts
Reddit,scam,"Scammed of $2K on Amazon My husband recently purchased a large construction tool on Amazon or $2,000. We both had a feeling it was fake because it had no reviews and was $1K off the original price. But he bought it anyway to see what would happened (assuming Amazon would reimburse us if it was a scam).

This is what we got in the mail üòÇ has anyone else seen this scam on Amazon? 

Note that the pamphlet states that the item will come in a separate package. We know it won‚Äôt and my guess is that the scammer hopes people will just wait until the 30 day return lapses and never get the ‚Äúsecond‚Äù shipment. 
",Lottery & Prize scams
Reddit,scam,"Met a couple who are likely in a long term scam and have no idea. I feel so bad for them. A couple is shopping for real estate in my town. They were referred when they had another property in another town fall through almost 2 years ago. 

They believe they are multi millionaires. They are looking at big houses on large acreage, commercial investment properties etc. they are talking about buy houses for their kids, their parents, etc. 

They money will be coming in any day now. The banks have issues. The international transfer requires time. There are fees to be paid and duties to cover. They have to set up additional accounts to transfer their vast wealth‚Ä¶they have all the excuses. 

After becoming suspicious I asked for more details. They were not very forthcoming. They have been involved with an ‚Äòinternational currency‚Äô investment for 8 years and returns have been astronomical. The agent who was helping them a few years ago said they expected money and time even years ago. They keep saying the money will show up next week. Just since I‚Äôve known them It has been 18 months of next week. 

I am 99% certain they are being scammed for $500 international account fees, import duties, or whatever sounds convincing. They probably initially invested some money, who knows at this point, and the promises of massive returns have them still sending money in hopes of the big win. 

Be skeptical folks. 

Fortunately all this has cost me is some time showing them property they will never buy. So, just another Tuesday.",Loan / Financial scams
Reddit,scam,"Coaching Culture in India is turning into a Scam. Recently, I accompanied a friend to a well-known coaching institute for his younger brother‚Äôs JEE admission. While my friend was discussing options, the person attending us‚Äîpossibly a professor‚Äîsounded more like a salesman than an educator.

His pitch was all about how they‚Äôre the ‚Äúbest in town,‚Äù and how the boy would have to quit college, cut off all distractions, and study non-stop if he wanted to crack JEE.

What shocked me was‚Äînot once did he ask how the student was doing academically. No questions about his interest, strengths, or whether he even wants to pursue JEE.

And look, I‚Äôm not saying he isn‚Äôt capable‚Äîhe‚Äôs a bright student. Maybe he‚Äôll crack JEE, maybe he won‚Äôt. But what bothers me is this larger issue: students being pulled into this coaching machinery without proper guidance or self-awareness. It‚Äôs become a trend‚Äîeveryone wants to do it because their friends are, or because parents believe engineering or medicine are the only options. 

Institutes are cashing in on this, often ignoring the individuality of each student. It's less about education, more about enrollment targets.

And the irony? Some of these very institutes had once positioned themselves as ‚Äúrevolutionary‚Äù‚Äîpromising to challenge the big players by lowering fees, offering affordable access to quality education, and putting students first. They claimed they'd be different. Now, they‚Äôre doing the exact same thing they once criticized‚Äîaggressive marketing, one-size-fits-all pitches, and zero personal attention unless you're a top-ranker.

It feels less like education, more like business. Students are customers, and results are just part of the branding.

But here‚Äôs what‚Äôs truly sad: students aren‚Äôt even being given breathing space after their board exams. There‚Äôs no family discussion about their likes or interests‚Äîno simple question like ‚ÄúWhat do you want to do?‚Äù 

Would love to hear your thoughts. Am I overthinking this? Have you had a similar experience?

Open to a genuine discussion.",Job scams
Reddit,scam,"You all scammed me with this halving nonsense I bought my bitcoins 2 years ago now because everyone promised me that once this magical date hits in 2024, April 20, the halving would ensue, causing another skyrocket bull run and I would be filthy rich. It's been almost a week now and so far my portfolio is DOWN this week.
I will be collecting the most notable usernames from this subreddit and taking legal action for giving me poor financial advice and wasting 2 years of my life looking at a silly graph. I will be selling ALL of my bitcoins so I won't be scammed any further by the rest of you. The other redditors warned me about evil cryptocurrency and its scams on the front page every single day, I should have listened",Crypto scams
Reddit,scam,"I got scammed and lost 12k As the title says, I got scammed. 

In the beginning, someone reached out to me saying that I can make money quickly. At first I was suspicious and investigated. I asked if they have a website and everything and they do. 

But that still didn't stop me from being suspicious. So I entertained them a little by playing along. 

So they started messaging me through Whatsapp and walked me through the processes of making money through the website. They helped me create a crypto account. 

Once I finished

We got started. They asked me to put in 100USD into the work account to do these data clicks that helps apps get more exposure. 

So I put in 100USD. After completing all my tasks, I would be able to withdraw my profits along with the 100USD I put in. That day, I made 214USD minus 100USD that put in. So I profitted 114USD.

I was like, ""Oh, this is actually legit? I cant believe I made money this quickly."" 

This got me to actually trust them and I was blinded. So then, the next day I did my commissions as usual and profitted from it. 

Then on my 3rd day. There was an event celebrating the company's 100,000 users. And that they give a 30% bonus to the amount you put into your asset balance. 

And I was like, ""hey if i put in 2000USD, I can get 600USD bonus."" 

Thats when it went downhill. There is this thing where as you are clicking each data, there is a chance that you will encounter a lucky data. 

Lucky data turns your asset into negative and you would have to deposit the x negative amount thats in your asset balance. And in turn, you will get 10x the amount you profit from that single app.

So I did. And then I encountered 3 more lucky datas. By that point, I have no more money in my bank account. 

I managed to complete all of my tasks. 

But then when I tried to withdraw, I couldn't. Because I have to be a certain VIP to be able to withdraw a large sum. 

As shown in the picture, I was at VIP 1. And VIP 1 - VIP 3 can only withdraw a max of 3000USD. And VIP 4 can withdraw an unlimited amount. 

To activate VIP4, I have to deposit another 5000USD which at that point, I no longer have. 

So now... I am here. 

I just lost 12000USD which I have been saving for months. I can't get it back. 

Ive fallen into Sunk Cost Fallacy by being in too deep to turn back and get my money back.

As ashamed of me to say this. I am really stupid for falling for this scam. I never should have entertained the idea to play along.

I have learned a lesson. Never trust anyone that reaches out to you online regarding ""passive income"" 

I am so stupid. I saved up that money so I can go on a trip with my friends. But now, I guess its no longer going to happen. 

Please feel free to tell me I was stupid and feel free to comfort me. I honestly just need to come to terms with it now. Well i guess I have already come to terms with it. 

Its just that... Damn... I really lost months worth of working in an instant...",Job scams
Reddit,scam,"Popular YouTuber steals US$500,000 from fans in crypto scam and shamelessly buys a new Tesla with the money",Crypto scams
Reddit,scam,"[US] Just found out my elderly dad was scammed out of $150,000. Everything he had. I just really need to vent. 

My mom died a few years back and my dad‚Äôs health started to decline, so about a year ago my dad sold our childhood home and moved into an assisted living/independent living place. 

It‚Äôs been a tough adjustment for him. He had a rough PTSD episode (Vietnam Vet) and spent time in the fall in the hospital. Plus, he still has some physical health issues going on still 

So, I know he‚Äôs been more lonely and isolated lately. 

Two weeks ago he told me he was going to the bank, which he never does because all his accounts are in his bank app. He made some excuse, but it sounded off to me. I tried to press, but he was insistent everything was fine. 

I went for a visit today and I was setting up a Hulu account on his TV and it sent a code to his phone and I saw text messages from a woman. 

When he was in the bathroom I looked through them and it became very obvious that it was a romance scam by the spelling/grammar mistake and obvious AI pictures. 

Then I saw the some of pictures he‚Äôd sent‚Ä¶photos of his checks, all his credit cards, his drivers license, social security card, etc‚Ä¶

I had to ask him what was going on. he went into the whole story about how she lives in London now and has an inheritance. They are in love and will get married when she gets back from London. All the usual bullshit. 

I tried getting out of him how much money he‚Äôd sent this person. The money from the house sale is all he has, other than SS and VA benefits. 

First it was 20k, then 30k, then ‚Äúhalf his money‚Äù, but she was going to pay him back. 

He‚Äôs even been warned so many times about this kind of stuff. I was just in total shock. He normally isn‚Äôt the type to fall for something like this. 

He kept insisting she was real, but I showed him reverse image searches and tried explaining romance scams have become easier to fall for with AI. 

I told him we should go talk to my sister (his POA), talk to the bank, and make a police report to try to stop anything else from happening. 

We called my sister and at first he agreed to allow me to take his phone and bank statements to the police station. He didn‚Äôt want to go. 

My sister was going to try to contact the bank. 

When I went to leave he flipped out instead. He kept insisting she‚Äôs real and he is getting his money back. 

I just kept walking, at 79 years old he starts swearing at me to give him his phone back and he grabbed me really hard by the arm. 

He told me I was crazy. 

So, I left with the phone and then saw the police station had already closed. I went straight to my sister‚Äôs house with the phone after. 

Since she is his POA I wanted to get her involved and see if she could still access his bank account and we could try to figure out what was happening. 

After her and I went through the messages and saw his bank account we learned‚Ä¶

He has lost all money. 

There is nothing left. I don‚Äôt know how he will pay his rent in a few days. 

She has all his bank accounts, credit cards, personal information, was writing checks, opened up credit cards in his name, etc‚Ä¶ and his SS money and VA money may be going into another account somewhere. 

They started talking in January so we were so many messages, pictures, and shit to go through your try to get a timeline or idea of how the damage happened. 

We were only half way through the bullshit message and the door bell rings. 

It‚Äôs my dad. He comes in pretty upset, but not raising his voice

He didn‚Äôt want to sit down so we can all come up with a plan. He just wants the phone. We tried explaining that this is fake, all your money is gone, and we need to work together to come up with a plan. We need to call and freeze his credit and change all his passwords. 

He started yelling at me instead and asking when I was coming back to fix his Hulu (wtf) and it‚Äôs my fault he had no dinner (also wtf) because he had to drive out there. 

It is like it didn‚Äôt even connect in his mind that all his money is gone and he will have nowhere to live soon. 

He just wanted the phone. My sister and I said we will all go to the bank and police station tomorrow. He could have it back in the morning. 

He got even more mad. Just obsessing about the phone. 

I said I was worried about him, he told me to go worry about my own life. 

I walked outside because I was getting heated up and was going to lose it and my niece and nephew were upstairs. 

While I am having a smoke outside I hear yelling coming from inside the house. It was my brother in law. I ran as fast as I could to see what was going on. 

I guess my dad had started screaming and swearing at my sister about his phone and calling her names so loud the kids came down crying. 

When I got to the door I almost ran into my brother in law. He was telling my dad to get out, never talk to his wife like that, and don‚Äôt come back. 

My dad is screaming back at him. 

I see my niece and sister crying (I am very protective of them), so I helped pull my dad outside and told him to just take his phone and get the fuck out. 

And now I‚Äôm sitting alone on my porch trying to figure out what to do. 

I know all the money is gone. It‚Äôs never coming back. This person is definitely not in this country and will probably never face any consequences for this. 

He obviously doesn‚Äôt want my sister and I to help him. 

He was vicious tonight. He can be an asshole at times, but never like this. 

He had enough money from the sale of our childhood home to be able to most likely live the rest of his life in a decent place. That gave me comfort. Now, I have no clue where he will be able to live. 

It disgusts me that some garbage human took advantage of an old, lonely veteran who probably just wanted someone to talk to. And they took every single penny from him knowing that he has a lot of physical and mental health issues. 

I‚Äôd write out everything I‚Äôd like to call and say to them, but I‚Äôd probably get banned. 

I don‚Äôt even know what to do. 

I just‚Ä¶ wish my mom were still alive. All I want right now is to talk to her. 

",Intimacy trap
Reddit,scam,"Person dropped this at my house today. Is this a scam? United Kingdom. 

A gentleman dropped this round at my house today, rang the doorbell and we had a brief chat, he seemed nice enough

As you can see from the letter he is requesting that I pass on a letter to him which he expects to arrive sometime next week. 

He stated he lived here three years ago, which does match up from when I moved in.

His name does not match any name who has previously received letters, newsletters, or parcels at this address. 

If it was to be a scam, I‚Äôm not entirely sure what he would set to gain from it, potentially registering a business at this address

I‚Äôve not seen or heard of any scams similar to this, but nevertheless would like to proceed with caution. 

Any input would be most welcome.",Phishing attempts
Reddit,scam,"My dad is getting scammed, I'm beyond frustrated. (USA) I made a post maybe 3 months ago about my dad getting involved in a romance scam. My sister and I have been trying to clean up his mess, my sister got access to his phone and we've been monitoring access to his text and signal app and couple others.

For the most part he hadn't gave anyone money even though he still talks to random people who contacted him, my sister ultimately would block them ASAP. 

We'll a week ago he gets talking to someone new, it's beyond obvious it's a scam, begging for gift cards, we've told him a billion times no real person will ever want a gift card, you can't buy gas with a gift card. Anyway, he's talking about driving 12 hours to go visit them, they're basically saying don't bother unless you send me an apple gift card, he offers to get them a card when they meet, but of course that's not good on their end because they're in Africa and not Houston TX.

So, my sister is tracking him, first thing next morning he sends a $200 apple card and he's ready to drive 12 hours to meet this person. I might add, he's drove to restaurants and hotels to meet people and gotten stood up. This day he isn't questioning driving 12 hours to meet someone that's beyond obvious a scam.

My sister intercepted the gift card, we call him and rip him. We talk to him for an hour and basically tell him we've been watching him. We go over obvious signs and we even talk about how he gives these scammers way too much information, he shows them pictures of his house, tells them how much money he makes, has showed pictures of my house, told where my sister lives, where his grand kid goes to school. Tell him he shouldn't be giving this information to anyone. 

After all this he starts talking to a random person that text him about going golfing, he of course says I don't golf and he just starts talking to them. Anyway, my sister sends me a picture of him showing them about $1,200 cash, my uncle paid him for something (they run a business together)

I can't even explain how mad I am over this, I text dad with the picture asking why would you do this, he doesn't reply back.",Intimacy trap
Reddit,scam,"This company donated 1300 Crores to BJP. 
Scam of the century !!",Loan / Financial scams
Reddit,scam,"Apple Cash Scam: scammer accidentally sends $500 to a random person, then requesting for it back. Y‚Äôall‚Ä¶ lol üòÜ this is crazy. This is just the some of the main messages since Sunday. 

Can‚Äôt even be comfortably passing out your business cards because strangers send you Apple Cash randomly and show up to your job but yet not wanting to file a report when the cops came‚Ä¶ 

The officers told her she is in the wrong for sending the money to the wrong person because she kept saying I was trying to just keep ‚Äúher‚Äù money. No I don‚Äôt wanna keep stolen money. 

She thought she targeted someone she thought would easily cave in‚Äù but lol honeyyyy she can wait on this money bc I don‚Äôt play about my finances üíÖüèΩ

That money isn‚Äôt going to be touched / she knows it and yet she‚Äôs reaching out to me on all platforms. Cashapp, zelle, and hitting up my fam now telling them different stories of what the money was for. She‚Äôs done told 3 stories within 2 days. 

What do y‚Äôall do in this situation because it‚Äôs so mf annoying lol like‚Ä¶ I already said my hands are tied bc I‚Äôm definitely not sending it back. Idk her and how do you accidentally idently send $500. 

She keeps calling from different numbers and will not stop.",Phishing attempts
Reddit,scam,"[US] Did my roommate get scammed? My roommate has been telling me about a woman he‚Äôs been seeing from Singapore. They convinced him to deposit all of his money in to this app called WEBB. The app shows all his money invested into Etherium. The app also has a web page, but said web page is called shrifein. Now he wants to take some money out of the account, but when contacting the customer service rep of the app they claim he has to pay taxes on this money before he takes it out. The woman who he is ‚Äúdating‚Äù told him to take out a loan to do so. So this is obviously a scam, but is there any way to recover his money? Who should he contact?",Crypto scams
Reddit,scam,"I just scammed a crypto scammer I have no friends who I can share this with so here goes:

I had multiple text messages saying my Kucoin account had a compromise or that someone is trying to withdraw and if it wasn't me then I should call this number. I ignored it multiple times as I knew it was a scam but after getting so many texts figured I will call them and fuck with them and take their time a bit.

The guy who picked up had a british accent and he said that I had a login from an iPhone in India and asked if it was me? From this point on I played along as best as I could and I thought I will take it as long as I can. They asked me to log in to my Kucoin account to check if I have my money and they asked of course what is the amount. I lied something absurd, I said all of my 16 BTC and 22.5 ETH is still available lol (I have max 100usdt on my account). You could hear their muffled reaction like yess they got the big catch hahah. 

From this point they made me download a trust wallet app and they gave me a seed phrase and made me log into their wallet with 0$ on it. They said this was a security wallet and I need to transfer all my funds from Kucoin to here. I was hesitating and asking a lot of questions to make it believable. He then guided me all through Kucoin and how to transfer my ETH, he said now transfer half of your ETH and I stopped and asked what, why half? Will the other half be lost?? And he said immediatley ""ahh no then do max, do all of it""ü§£. 

So then I bluffed that the transfer was complete but I don't see it on the trust wallet app. He said that he doesn't see the transaction on the ethereum network. I was playing dumb for a while and I said I even got a confirmation in the transaction history. At this point I asked him just to see how far I can take this, ""could you like send some money on to the trust wallet to check if its working?"". He said naah no way man not how it works etc and then after waiting a while and making me triple check, he made me hold the line for 10 mins and he came back and said he sent 5 dollars to the wallet and I should check. 

It was there so, of course I immediately transferred it to my account and told him that this was the worst scam I have ever seen and laughed my ass off.üòÇ He got pissed as hell told me to fuck off and said I have too much time on my hands and that after we hang up, he will make 10s of thousands scamming people and that he got all my details. Which when I asked about he couldn't really recall hahah. What a freaking team of losers.",Phishing attempts
Reddit,scam,"Doge paved way to a lot of scam coins: Beware of SH*T coins like Safemoon, Elongate, safemars, safegalaxy, safe whatever. I see a lot of safemoon shills on every subreddit, youtube and Facebook. I just don't want to see more people falling for trash projects like these so please beware. The fake bots will already downvote this thread but I am hoping it will at least reach some actual users in here.

Here are a few coins that I looked into that are completely scams but are widely being promoted.

Safemoon, safemars, safegalaxy, elongate, Zepplin dao, ravenX, fox finance, moon pirate, moonrate, hungry bear. Basically any coin which says ""they will give you coins for any transaction on the chain and then will burn x% more"".

The idea of naming it ""Safe"" ""moon"" should be a good enough of a red flag. Safemoon and these other coins has 1 wallet with more than 50% of the coins. You will see a hoard of fake users/profiles just trying to promote it. These coins have no utility, it is just a ponzi scheme with the entire idea being that people who come in last are gonna be bag holders and everyone below will make a portion of the bagholders investment if you bail out early before the rug pull. These people are trying hard to get you into safemoon etc. because they wanna hoard more money and they don't give a fuck about the people who are gonna be bag holders in the end.

Do not think that lot of people are buying the coins and you are gonna be missing out on 100x gains, majority of the people posting screen shots or talking about their experience are fake profiles.

How they try to entice you?

1. They are going to show their profits
2. They are going to promise exchange listing (Binance, Kucoin, their own exchange) which will never come I promise you.
3. They say they are transparent because they put couple of stooges for some dogshit AMA
4. They come up with some charity cause to make you feel not guilty about being part of a ponzi scheme or play on your good nature in general.
5. They make the coin value be well below 1 dollar like ($0.0000001) so its more enticing to you to get in on, giving you hope that its going to reach 1 dollar someday LOL.

It's mind blowing how some people play these mental gymnastics with themselves to justify their ponzi scheme. ""I made 100x gains"", ""is it wrong for the little guy to make money"", ""i will put 50% of profits into legit coins"".

I don't want these shit coins to be the face of crypto for all the new comers. Stop promoting/getting into these scam coins for a quick buck, it is just gonna give crypto space a bad name.

DYOR.",Crypto scams
Reddit,scam,"Scammed by iq-institute org - fraudulent company I was scammed by IQ Institute \[org\]. They kept charging my credit card for two months without notifying me. I initially purchased a test for $1.95, they present it as a one time offer, and two months later, I discovered they had taken over $60 from my card. They don‚Äôt offer refunds, and unsubscribing is impossible. Their website displays a fake widget showing a 4.5 Trustpilot rating, but they created this screenshot themselves. Their actual Trustpilot rating is terrible, around 2/5, with many reviews describing similar experiences of being scammed. Their terms and conditions have no information about subscription pricing neither how to unsubscribe and the product is a total scam with no value. Be cautious of IQ Institute Org‚Äîthey are a fraudulent company with deceptive business practices.",Phishing attempts
Reddit,scam,"Illegal search or scam? My mom had this letter posted on the door of her apartment in a complex for seniors in Phoenix, AZ. The apartment office is closed until Monday so I can't call them to confirm whether they're the ones who left it. I called the police non emergency number, though, and they had never heard of such a thing (and told me to call the apartment). What are the chances that this is someone trying to gain access to seniors' apartments to rob them vs. a violation of the 4th Amendment on the part of the complex? Or does anyone have any other explanations?",Phishing attempts
Reddit,scam,"I think my mom is getting scammed Please help, I think my mom is getting scammed. I already posted this on r/ dropshipping but thought I might post here as well.

Hi there, please help me out. My mom's been doing dropshipping for a while, and I feel like its very sketchy. She says shes doing it through SM Supermart, but I cant find anything related to dropshipping from them. Based on the screenshots she sent me (she wont share too much with me, I had to get it through my dad) the website seems to be Azureedge .net and I only found one reddit post about it where the replies said it was a scam.

To share more about her experience with it, she puts in money to buy the stock, ships the stock to her customers, and gets money for it. She was able to cash out the money from the site before, but she said she ""messed up"" and was not allowed to cash out until january 13 (its 14 now).

This has happened twice, but whenever she's planning on cashing out, a huge order will come in and she's indebted to put in money to buy more stock so she can fulfill the order. She isn't able to cash out until then. I thought she was going to be able to take money out yesterday but again, a huge order came in and I think she's going to go to a bank to try and get more money to fulfill the order.

She's put in way too much money into this. She even tapped into the money my dad put away for my university tuition, and keeps asking for more money as she needs to fulfill the order. Please help me, I can't tell if this id a scam or not.

I attachted her screenshot for reference. Thank you.",Job scams
Reddit,scam,"Is this a new scam? iMessage makes me feel like it‚Äôs legit. My name isn‚Äôt Kevin. Got this text out of the blue this morning. I googled the number and found it attached to a seemingly legitimate business on the east coast. However, I‚Äôm on the west coast and have never been to his city where he claimed this happened. My partner is telling me to ignore the guy and it‚Äôs a scam, but I want to explain to the guy that I‚Äôm no where near where he is without luring myself further into a potential scam. Thanks in advance.",Phishing attempts
Reddit,scam,"Received this anonymous STD report text. Scam? Someone messing with me? Seriously freaking me out. Got this text about anonymous STD report and that I should get tested. I haven‚Äôt been with anyone in a while, and the people I have I‚Äôve asked them about. Also, the number came from an area code of my city, which seems strange for random anonymous reporting. I honestly think it‚Äôs someone used to talk to that I cut off things with and is having someone they know try to freak me out. Any ideas?",Phishing attempts
Reddit,scam,"Mercari allowed a buyer to scam me for $400. Here‚Äôs how their broken system works: I sold a PS5 30th Anniversary controller for $400 with full proof ‚Äî original purchase receipt, photos, and description all submitted.

The buyer received the item, lied about it not being what he ordered, and immediately blocked me to avoid any communication.

Mercari sided with him solely because he had 499 good ratings while I was a brand new seller with only 1 rating.

They ruled against me despite hard proof. Even worse ‚Äî since he blocked me, I couldn‚Äôt leave him any feedback to warn others.

Mercari‚Äôs platform allows scammers to:
	‚Ä¢	Block sellers from leaving feedback
	‚Ä¢	Abuse the rating system to prey on new sellers
	‚Ä¢	Ignore evidence entirely in dispute cases

This isn‚Äôt just bad customer service. It‚Äôs systemically rigged.

I‚Äôm pursuing full legal complaints now through the FTC, CFPB, Attorney General, BBB, and payment processors.",Phishing attempts
Reddit,scam,"[NYC] Experienced the glasses scam the other day I was walking on a narrow street and noticed this guy ahead of me stop and look at the restaurant beside us. In hindsight, I realized he saw me then as a target since I was alone. There were people sitting and eating outside the restaurant so it made the street narrower.

As I walk by, I attempt to maneuver around him and he bumps into me. Actually, it was more like he extended his arm/hand out and dropped his glasses once he made contact (offensive foul if you ask me‚Ä¶ foul baiting MF‚Ä¶SOB thought he was SGA...anyways, back to the story). I turn around and see glasses on the floor and knew immediately the type of bullshit I was in for.

I just kept on walking, never breaking my stride. As I turn the corner, I could hear him saying something as he trailed behind me. He caught up to me, tapped, my arm and said ‚Äúsay sorry Bro‚Äù. I turned my head slightly and gave him the ü§öüèª in the same way I would give that gesture to people asking for money or people asking to donate. He gave up afterwards and turned around (presumably).

I was on a somewhat a busy street and there were people walking in my direction so I think that helped. There was a guy walking towards my way and I noticed him looking at me with wide eyes.

I‚Äôve heard of stories like that where the people trying these scams have gotten extremely aggressive so I was fortunate in my situation. He probably expected me to stop in the first place and since I didn't, it likely threw him off. That might've been why he didn't ask for money. I also think he knew that I was aware of what he was trying to pull from the very beginning.

I thought about that incident and wanted to share a few takeaways:

* Staying stationary is the WORST thing you can do. It's best to keep moving. The minute you stop, you give them the power.
* Always get to a busy street with people around and don't stop at a red light to wait to cross. Just cross the street in different direction. You might end up further away from your destination but if the person continues to follow, stopping might put you in more danger. Basically walk towards any direction EXCEPT the direction where you came from.

TLDR: Experienced the scam where someone bumps into you, drops their glasses, confronts you about it, and expects you to pay for damages (didn't get to this part for my encounter). Be aware of your surroundings and check out the bullet points above.",Loan / Financial scams
Reddit,scam,"Scam at checkout almost made me feel like I am crazy... At Target, buying a few items (less than 10), so I was paying attention. Lady comes in right after me. I had one of the bar plastic things separating my items from the next, following items (hers). She removed it. Moved her item closer to my items at end and moved my last item closer to hers. She was waiting for me to pay for her item??!!! WTH???!!! I saw it out of the corner of my eye and had the lady at the register take it off. Only then did she change the subject as if it was an honest mistake. No, ma'am. I saw you. She was so close to me and trying to talk to me. The lady at the register thought we were together. It was only because I caught her that her body language changed and she wouldn't make eye contact with me. WOW",Phishing attempts
Reddit,scam,"They took everything. Employment scam I made my phone number visible on indeed and shortly after I was contacted via text about a job. They told me to contact them via teams for an interview. I went through an interview, the entire hiring process and 1 week of training. They were posing as employees from a well known and legitimate company. They sent me a check for ~$3800 meant to cover the cost of the equipment needed for the job, an iPhone and MacBook. While waiting for the funds to clear, they asked me to use my own money and send them the products overnight via UPS so they could install software. They told me the rush was so I could begin the second phase of training ASAP. The next morning I contacted my bank to learn that the check they sent me was counterfeit. I contacted UPS and told them to cancel the delivery. They love go use the term ""I assure you"" even though they delivered the package an hour later. To placate me, the scammers sent another check claiming to cover the costs plus 20%. It was another counterfeit check, this time for ~$9800. These people posed as employees of a legitimate company. I was way too trusting. 

Edit: I did not cash or attempt to cash the second check. I knew it was fake. I reported it. 

Edit: ""how did you fall for this"" - because I'm gullible, stupid, desperate etc. I understand that. Believe me. I've had nothing to do but disparage myself. 

Edit: the company name was verily

Edit: I don't know why so many of you are upset about the way I've worded this. I wrote ""this is a well known and legitimate company"" simply to convey the fact that I wasn't trying to get hired at a fake company. 

Edit: ""no legit company would....."" - I know that now. Save yourself the time.",Job scams
Reddit,scam,"Attempted Zelle scam months ago - now being sued in civil court (VA) by the scammer Trying to figure out what this scammer's angle is and would appreciate any insights. Throwaway account and changing identifiable details given that this has now (infuriatingly!) become a legal case. 



4 months ago, I received a sizable Zelle deposit of thousands of dollars from an unknown Zelle account with a business/LLC name listed as the ID. Knowing how Zelle fraud works, I opened a fraud claim with my bank and asked them to investigate and reverse the charges. 4 days later, the money was reversed from our account and the fraud claim was closed. 



 
3 days after the claim was closed/money was reversed, I started to receive phone calls and then text messages from two unknown numbers with the typical frantic story of the money being sent in error, begging for it to be sent back. When I answered the phone the first time, I said ""I have taken this matter up with my bank and the money has already been reversed to the original sender, so if it is your money and you haven't received it, please take it up with your bank and stop calling me."" I blocked the number. On the second phone call from a different number, I repeated that message (much less politely), and blocked them again, but not before receiving multiple text messages from them again begging for the money, which I did not answer. 



Around the same time, I also received a ""Zelle Request"" email with a request for the specific amount of money to be sent to a Zelle account with a business name subtly different from the original account that had sent the money. Again, I ignored this. 

 
After the 2 phone calls, text messages, and email request, I didn't get any additional communication, and so I assumed they had given up. 



Apparently, this was incorrect. Last week, 4 months after the initial deposit/reversal, I received notice that there has been a case opened against me by an individual whose name I do not recognize, in a state 1500 miles away, claiming I owe them the amount of the original fraudulent Zelle deposit. I called the listed court (using a number found on the court's website, not the mailed paperwork) and confirmed that this is a real case, with a real hearing date set. 

 
What is the scammer's angle here? Will this not open him up to legal scrutiny? I have bank statements showing the reversal of the charges and my bank is providing a letter documenting the fraud claim. I am annoyed at the idea of having to pay a lawyer to represent me across the country for this clear money-grab attempt by an individual I have zero connection to. I appreciate any insights/commiseration!!",KYC / Banking scams
Reddit,scam,"r/scams is being brigaded. Our sub is currently the target of thousands of false reports. This attack started around seven hours ago, and it has been a consistent stream of false reports coming in.

Either a well-coordinated group of individuals or a group of bots are mass-reporting threads and comments. This attack does not care about the content of the post or comment, it is just mass-flagging content in an attempt to get it taken down. We have also had some high-profile threads targeted as well; likely in an attempt to get negative reviews wiped from Reddit; and I imagine this post will be attacked shortly as well.

If your comment or post is missing and there is no removal reason (or note from Reddit that their filters removed something), there is a possibility that your content was targeted. Feel free to contact us via Modmail and we will review your content. If it doesn't violate rules, we will reapprove it as many times as we need to. 

Admins have been notified that we are being brigaded, all posts that have been brigaded have been properly reported to Reddit for misuse of the reporting button, and we will continue to monitor the situation and approve content as needed.

Have a good night!",Phishing attempts
Reddit,scam,"The entire /r/XRP subreddit just fell for the most hyped and largest pump and dump scam in crypto history **EDIT:** [Proof the moderators of /r/XRP are absolute shitwads](https://i.imgur.com/uwK6EOs.png)

**EDIT 2:** Anddddd I just got banned from /r/XRP. Do the people of that subreddit a favor and start reporting it.

**EDIT 3:** [Just got banned from](https://i.imgur.com/ABcuZu6.png) /r/Ripple. Dear Christ.

**EDIT 4:** [The pump and dump group post is **still** up](https://www.reddit.com/r/XRP/comments/l989hf/xrp_pump_hold_telegram_group_now_has_over_125k/)

**EDIT 5:** Huge shoutout to the /r/cryptocurrency mods. You guys are amazing.

Me and a few friends tried to warn them but with all the Wallstreetbets and GME hype, it allowed a ton of crypto newcomers who didn't know what a ""pump and dump"" scheme is to get scammed.

This comes right after the large doge dump.

The worst part is, their moderators made no efforts to remove posts related to the scam. It is reported that /u/nvok (a moderator of /r/Ripple and /r/XRP) and fellow moderators were allowing the scam to be promoted and were removing posts that were negative towards it. They also ban any users that critique Ripple or XRP (the token of Ripple). It is unknown if they were involved in the scam, but it is evident they failed to educate their users.

Feel free to **report both of those subreddits** by contacting reddit admins. You can find any post in /r/Ripple or /r/XRP and report it via the reddit contact us page as there is no other direct way to report a subreddit. They, /u/nvok and other moderators need to be investigated.",Crypto scams
Reddit,scam,"Gas Pump Scam Attempt What is this scam called?

I was getting gas at a travel center, and a seemingly nice couple said hi. I said hi back, then came the ask. Hey, if we give you cash can you let us pump gas from your‚Ä¶

Me: Nope!

Them, but you‚Äôre already pumping ‚Ä¶

Me: Nope!

Them, but it won‚Äôt cost you ‚Ä¶

Me: NOPE!!! I am done and I shut off the pump and get ready to move to parking at the travel center to get chips and a drink to continue my trip. I hear them talking as though I am being unreasonable, but after their third attempt they clearly gave up

Don‚Äôt fuck with my money",Loan / Financial scams
Reddit,scam,"Husband just scammed by fake sweepstakes My husband was told that he had won $8.5 million and was asked to send gift card numbers to the scammers for ‚Äútaxes and fees‚Äù He cleaned out our savings account to the tune of $13k and overdrew his own checking account by another $4k. He also deposited 2 checks that they had sent him totalling $16,000 both of which bounced. One was a fraudulent check and one an identity theft. He now is facing legal repercussions because of cashing the two checks. Meanwhile he had converted the them into cash that he used to purchase money paks for the scammers so he‚Äôs on the hook for that money now and overdrawn by $20k. That‚Äôs scary enough but How likely is it that he will actually be charged for the check fraud? I‚Äôm terrified. They almost got the credit card too. He was given a number to call so that they could pay his account. I stopped it from happening at the very last second and that‚Äôs how I found out he was scammed. I know this is a common scam and any advice is welcomed",Lottery & Prize scams
Reddit,scam,"(us) Just met a woman that was about to get scammed I work at a phone retail store. This lady walks in asking if i sold Apply gift cards. I say no and she asks where she could buy some. My alarm goes off and i ask what she needs it for. 

Turns out, she met some guy online. This guy sent her a box with ""important documents"" in it so she could send it to his son. The scammer first told her to wire him $1800. She went to her bank but thankfully the bank caught on & told her what was going on. She tells this to scammer and he tells her to send $200 in an Apple gift card instead and to also zelle him the money. 

I obviously tell her to block him immediately. She says that they have video called so she thinks it's legit. I tell her that you can change your face now. That's when she confessed that many people have told her the same thing. 

Thats when i realized this poor woman has been warned many times now but she's still here looking for gift cards. I straight up tell her she will lose her money for zero reason and to just block him. I tell her that box is just a prop to get her to send money and to please just block him. 

I'm not sure if she will but it makes me so sad. She's so caught up in it that even though everyone is telling her its a scam, she's still trying to do what he says. This is also the first time i hear about them sending something to the victim's house first so i wanted to share.",Intimacy trap
Reddit,scam,"(USA, IL) I was the victim of an AI phone scam. It wasn't just the money, this was a horrifying, traumatic experience. My phone kept ringing from a number I didn't recognize. I answered it because they were so persistent and it was my daughter crying on the phone. She told me she'd been in an accident and she kept saying she was so sorry. 
She passed me to the person she was in the accident with and it got so bad after that. 

I can't even talk about the things he said was going on. I never thought to check on my daughter because SHE WAS ON THE PHONE. This man ""let me talk to her"" twice or three times. She even responded to me. This man knew where she was, where I was and apparently a lot more about us. 

I lost a lot of money I didn't have to lose. I am humiliated and extremely traumatized. This was a few days ago and I think I've been in shock because I slept over 24 hours. 

PLEASE DON'T FALL FOR THIS LIKE I DID! I consider myself pretty smart and I even keep up on scams and am rarely caught off guard, but putting my kid's voice with the panic on the phone made me NEED to err on the side of caution. 

This was a professional. Looking back, he was very smart. He always kept my hands busy, had me get into the car and drive to locations. When I got suspicious, he had so much information about me AND my daughter, he was able to convince me. 

I can't stop thinking about the things he said and when it turned out she was okay, I didn't even care about the money. I was so glad it wasn't real. I don't know how long it will take me to be able to sleep without a pill. 

This isn't just a scam. It's CRUEL and sick. 

I don't even know how to get around these people if they can convince you that your kids are hurt. 

EDIT: Without getting too graphic, here's the story. She called me after having been in an ""accident"" from ""his phone"". He said that she got out and started taking pictures and that's was a problem. He couldn't have police involved because he was doing something illegal. Never said what, but made it clear that it wasn't as simple as driving without a license. He told me he panicked and took her and drove her somewhere else. That's why she was crying. Then you can imagine a lot of what was said. Eventually he tells me that they need some kind of assurance that we won't tell. That's where the money comes in. He said he had her phone and wouldn't give it back. He let me talk to her a couple times though. Enough so that I for sure thought she was there. Even after I sent the money, he had me driving around to ""pick her up"". But he kept changing the location. 

Basically a kidnapping scam I guess. 

EDIT 2: Eventually he had me at a Walmart to send money by money gram. He also had me convinced that he had eyes on me there. I thought that's why it took him so long to tell me where to go, because he was going there too. 

I'm so ashamed, but if you have questions, please ask. It's important to me to help save someone else from something like this.",Fake emergency
Reddit,scam,"Boyfriend just fell for a scam in real time on the phone with him. Advice appreciated. My boyfriend just pulled up to CVS in Florida. A man approached him in the parking lot trying to sell him an iPhone 15. He accidentally hadn‚Äôt hung up the phone yet, and I heard the guy initially say $1k and it was dropped down to $300 (of course). There was an ATM right near by. He saw I was still on the phone and I was like ‚Äúdude, what‚Äôre you doing? Why are you buying something in a parking lot? No‚Äù. He said ‚ÄúI‚Äôll tell you later, damn‚Äù. Okay, fuck me then. He went to the ATM, bought the phone, called me back. I was like ‚Äúdid you take a picture of his ID? Get his license plate? Literally anything? That phone probably doesn‚Äôt even work. You just fell for a scam. Some dude just approached you in a parking lot next to an ATM and went from $1k to $300. A normal person would sell that shit on Craigslist or something‚Äù. He says no, he didn‚Äôt get any info, looks at the phone, says the screen is weird and it‚Äôs fake. Like, cmon. 

He‚Äôs calling the non-emergency police line now. Any other advice?

Update: cops aren‚Äôt doing anything. Also, my boyfriend didn‚Äôt think it was stolen. I just asked and he said the scammer convincingly said he won it in a raffle. 

Oh! Another update! The phone was in a fresh, usual iPhone box with a USB C cord and all.

Update 3: for those who are interested, I‚Äôll post the phone and what it looks like, the set up, etc. this weekend when I‚Äôm back from my trip. And just give some more random details I‚Äôve learned once I can ask more questions when it‚Äôs not so fresh.",Lottery & Prize scams
Reddit,scam,"You're about to be scammed. A lot. You're new to the crypto game...regret not getting in earlier because blah blah blah.

Listen...you're going to see a lot of things that promise you lots of money. But trust me when I say this..you won't make a lot unless you get lucky. You won't make millions or tens of thousands. Most of us have been slowly buying over the last 4+ years. We've seen bad days and we've seen worse days...

Set your expectations to smaller gains, especially if you've jumped on this in the past month or 2.

DO NOT connect your wallet to anything. If you do, make sure your wallet is empty. Never ever ever connect your main wallet to anything. Most of us have multiple wallets for the same coin for this reason (that and a bit more privacy). 

There are a lot of rug pull coins, we're seeing it happen...this has happened before, just Google squid game coin (which for some dumb fucking reason, people are rebuying into FFS).

Please please please be careful. If you do get scammed or rug pulled people may say you deserve it, but that's a shitty thing to say especially as a lot of us want crypto to have massive adoption. This just puts more people off and sets a really negative stigma on what crypto is and can be. 

Do your research, don't just follow some YouTube cunt who wants to make gains off of your investments. Their only interests are their pockets (the more people buy and invest the more the coin they're shilling goes up), they don't care about you. 

Also, invest in what you're comfortable with losing. 
And remember, what goes up...must come down (if you're down 10%...gaining 10% wont get you back to where you were...) 

If you have other advice to give or ranting posts on what to watch out for, please do. I joined this subreddit to learn more about crypto and not just shill a coin...

My ADHD brain means this post is basically me rambling, sorry about that. Just keep seeing posts of people getting scammed or locked out of their wallet because they fucked up...proper pissing me off.",Crypto scams
Reddit,scam,Logan Paul threatens to sue Coffeezilla over CryptoZoo scam accusations,Crypto scams
Reddit,scam,"Famous porn star scams her community, runs away with $1.5 million",Crypto scams
Reddit,scam,"Is this a scam? they sent a lot I do wanna help, its been a week since that was sent Is this a scam? they sent a lot I do wanna help, its been a week since that was sent but I‚Äôm scare they‚Äôre just trying to steal my money or something",Phishing attempts
Reddit,scam,"(US) The bank is a revolving door of elderly scam victims. After two very large deposits (6 figures) over the last 10 years, I do almost all my banking in person at my particular branch.
Every time I'm in, about once a week there are two or three seniors being absolutely spit-roasted out of thousands and thousands of dollars of cash. 

There were some money mules and a little Asian grandma who got a call that her grandson was in trouble. But she couldn't talk about it. There were a lot of men getting money for their sweethearts because the lights went off in their distant hometown. And the vast bulk needing to liquidate everything they had NOW or they would miss a golden crypto opportunity. A few had had their accounts locked and were enraged that they would have to suffer through a cooling-off period before getting ""The necessary"". 

I intervened twice, once with a money mule and once with the little grandma. But, it quickly felt like I was mopping the ocean with a dish sponge.
I'm a cautious cheap person from a family cautious cheap people-when did people get so reckless!?",KYC / Banking scams
Reddit,scam,"Is this a some kind of scam? So I told this person I'm a man and they tried being flirty at the start, I get it people think I'm a woman from time to time because I don't really give a good look of my face probably. But yeah sent me a friend request and I accepted, but the whole I have a 13 year old daughter in Paris and a dead wife and coming from North Carolina and currently in Iraq yeah that's suspicious.

And yeah I don't know where this is going but does this seem like the start of a scam? I'm already suspicious on the daughter being in Paris thing with no wife and not being home, how would this realistically work?",Intimacy trap
Reddit,scam,"Honey extensions is a Giant Scam I want everyone reading this to checkout this [youtube video](https://youtu.be/vc4yL3YTwWk?si=FlYGZ9v87-6gKgM6) to raise awareness against honey borwser extension. For those who don't have time to watch a 23 minutes video, I'm pasting an AI Generated Summary 
**Honey is presented as a scam, not a legitimate money-saving tool.**¬†The video argues that it's a sophisticated affiliate marketing scheme disguised as a helpful browser extension.

* **Honey allegedly steals affiliate commissions from influencers.**¬†The video claims Honey replaces influencers' affiliate links with its own, thereby diverting the commission to itself, even if the influencer originally led the customer to the product.
* **Honey's discount claims are misleading.**¬†The video suggests that Honey doesn't always find the best deals and that the displayed discounts are often controlled by partner stores.\[[1](https://vertexaisearch.cloud.google.com/grounding-api-redirect/AYygrcSuxfcy-QseNGrQLQO9WEvwfvJ0fS_5-UwK-d1y9t4iOKZR4xsheRNKc5S4xuPfkmSKb1d-PxAVB8PaufvaaT-XXxiKytLXxkW4P0cc5Itx8pZuoeuEo0-UIo9bVpiZwPabaMw2SLYxIH2ozeuH9jDznHNE0h4uhab56dPnaRk=)\]
* **Honey Gold (the rewards program) is a trick.**¬†The video portrays Honey Gold as a way to incentivize users to allow Honey to take affiliate commissions, offering minimal rewards in return.
* **Honey collects user data.**¬†The video implies that Honey gathers user data, potentially for targeted advertising, even if they claim not to sell it directly.
* **The video encourages viewers with inside information about Honey to contact the creator.**¬†This suggests the video maker is seeking further evidence or testimony to support their claims.",Phishing attempts
Reddit,scam,"my gma k*lled herself after being scammed out of life savings.. I‚Äôm not sure who this post will help, but i can‚Äôt not talk ab it. ik most ppl on here very easily can tell if something is a scam. older ppl can‚Äôt. she fell for a romance scam. my family was unaware until recently. i‚Äôm the youngest granddaughter, she had showed me a picture of a good looking old man on a boat last week that she had been messaging, i knew instantly she wasn‚Äôt talking to a real person. I told her to never send that mf money no matter what he says or how much u believe it‚Ä¶

a couple days later i found out on Valentine‚Äôs day 2024 she shot herself. My poor grandma, we kept thinking ab how happy she was, there was no signs of anything going on. In the back of my mind I knew about a possible scam she was in. I decided to not say anything that first day we found out, it was too emotional of a day. The next day when I arrived back at her house, my oldest sister and father run out to tell me that she had 70 dollars left to her name, they found a bunch of gifts cards for 500 dollars, a home equity loan for 30,000 dollars she took out cuz she could no longer pay her bills, and a letter saying next month her electricity would be shut off..

The police still have her phone, but I took it upon myself to go through her emails on her laptop. found a bunch of emails from a ‚Äúberry lewis‚Äù that she was messaging. In one email she is freaking out said something like ‚ÄúI have been scammed out of 44,000 dollars before and I am not letting it happen again, if you need 1,000 dollars to transfer it, get it from somewhere else‚Äù something like that. but there was a lot of evidence just in her emails. The main detective is giving the case to the FBI. sometime this week they are taking her laptop. 

I know there is nothing anyone can say to me to help. My gma is dead. The money is gone. and i‚Äôm sure the fbi won‚Äôt do shit. So, I am posting on here on the chance that one person reads it and it helps just one persons family. Please keep an eye on your grandparents. These scams are getting absolutely horrendous. My gma wasn‚Äôt stupid. We have never thought this would happened. She was very loved, and she could have told us what was going on. but she was embarrassed. please ask your grandparents who they have been talking to. And please inform them of the very dangerous and manipulative scams that are going on today.",Intimacy trap
Reddit,scam,"SCAM ALERT: Mashallah Boutique in Chicago is full of SHEIN and AliExpress Products and pretends to be handmade. TLDR: Mashallah in Chicago‚Äôs Pilsen neighborhood is full of products from SHEIN and trying to pass it off as handmade. See screenshots. (Reposting with more pics) 

Just want to warn everyone on here that a local boutique in Chicago called MASHALLAH is claiming to sell goods made in the USA (they claim to make some themselves) but in reality, everything in this store comes from AliExpress or SHEIN. Just doing a reverse image search on Google of literally anything on the website confirms that everything in this shop comes from AliExpress or SHEIN and they‚Äôre marking it up like 800% and trying to pass it off as something curated or handmade. I‚Äôm just so sad and mad that a local boutique would scam people who are in search of buying something authentic. They present everything as if it‚Äôs made by an artisan, and people support this shop because of it. If I knew everything was coming from SHEIN, I wouldn‚Äôt have shopped there. See screenshots for proof.",Phishing attempts
Reddit,fraud,"I need people to understand why scams are so difficult to deal with for banks. Hello, 

I am your friendly neighborhood bank worker (not a banker, but I work for a bank) with some information that I will scream off the rooftops if I had the chance. 

EDITED TO ADD: THIS IS FOR BANKS IN THE US, THESE ARE HOW THE BANKS DEFINE FRAUD LEGALLY, NOT MY OWN DEFINITION. 


YOUR BANK WILL MORE OFTEN THAN NOT BE UNABLE TO GET YOUR MONEY IF YOU GET SCAMMED. WE UNDERSTAND YOU GOT TRICKED, BUT WE CANNOT DO ANYTHING ABOUT IT.

Let me explain: 

To anyone outside of bank workers, fraud is a broad label that applies to ""anything that didn't go exactly how I wanted it to"" and I understand how you feel. 

Fraud as defined by a bank (and legal standpoint) as ""transaction/s that were made without you being involved in any way"" 

Example: 

- You get charged by a merchant you've never does business with before = Fraud.

- Someone steals your card and makes a purchase without you knowing = Fraud

- You initiated a purchase and the merchant pulled a bait and switch cuz you were actually on a scam site and now you don't want it = Not fraud. 

- You bought anything and gave it to someone and now you've learned its a scam and won't get the thing you were trying to get = Not fraud. 

Now, just because it isn't fraud doesn't mean we can't try to get your money back. Aside from fraud, banks also offer billing disputes, which is used when there's a problem with a transaction you completed such as: wrong item, wrong amount charged, did not receive, etc... 


The reason why scams are such a pain point is because its something you initiated yourself. That alone cuts the banks options on how we in theory could try to get your money back and will affect the amount of time it takes for us to be able to assist. 


An example of a scam that MIGHT be able to be claimed as a billing dispute:

You are on a website and purchase a product, let's say running shoes. Immediately after you get a bad feeling and start googling the name of the site and find information that leads you to think its a scam. You call the bank and tell them its fraud because they're misrepresenting themselves as a legit vendor. Unfortunately it doesn't work that way, legally this is considered a legitimate transaction. The bank cannot cancel a transaction, it is not within their power to do so. Effectively you've been scammed. HOWEVER, you tried to purchase something and you never received it! Now its a different story, the bank will have a different avenue to legally pursue your money. Now this isn't a cheat code to get all your scammed money returned immediately, we still want proof you waited for your product a reasonable amount of time and then tried to have the merchant resolve it. Emphasis on tried. 


There's so much that goes into it that its impossible to explain over the course of 1 text post. But I wanted to give an idea of why its so difficult to get your money back and its not your banks fault. 

IF YOU GET SCAMMED THE MAIN PERSON RESPONSIBLE IS YOU AND NO ONE WILL GIVE YOU MONEY JUST BECAUSE YOU ADMIT YOU MADE A MISTAKE. PLEASE BE CAREFUL.",KYC / Banking scams
Reddit,fraud,"Amazon India is a Fraud I ordered a playstation 5(slim) from amazon on 5th January which was delivered on 7th January. The condition of the box was pathetic and the manufacturing date of the product was Nov 2023 due to which I instantly called there customer care to schedule a return. On 15th January when the pickup person came, he for the 1st time opened the box in-front of me and when he did the box was containing a defected and old PS3 instead of a Playstation 5 which I ordered. Due to which they didn‚Äôt pick up the order. I have to chat with them numerous time after which they scheduled a pickup and after the pickup was done yesterday I got to know that they have put a hold on the refund because according to them they shipped the right item & are not refunding my money. Even though I have provided them with pictures from the date of delivery & pickup along with the delivery guy opening the box for the 1st time.

I am adding all the pictures I have from the date of delivery to the date the delivery guy came to pick it up & opened it for me.

Now they are saying they cannot promise me my refund.

PS : My only fault is that I panicked seeing the box and didn‚Äôt open it right then and waited for the delivery guy (the fraud) to come and open it for me.

#Amazonfraud #fraud #theft #daylightrobbing",Phishing attempts
Reddit,fraud,Rahul Gandhi alleges ‚Äòmassive‚Äô voter fraud,KYC / Banking scams
Reddit,fraud,"Everyone‚Äôs talking about the Election Commission fraud ‚Äî but what‚Äôs truly terrifying is slipping under the radar. So here is the thing: the biggest danger right now is not from the Election Commission of India or the BJP. A lot of people are missing the bigger point here.

The bigger point is the rot in the society ‚Äî and I‚Äôll tell you what I mean by that. Look around you. There are many BJP supporters, or ‚ÄúAndhabhakts‚Äù as we call them, who by now clearly know that there has been a fraud in the election process of India.

But instead of thinking like Indians ‚Äî instead of being sad that the election process of a country they claim to love has been compromised ‚Äî they are actually secretly happy that it‚Äôs all compromised, but in BJP‚Äôs favor.

And this is the most dangerous thing any nation can experience: a large group of people who put their cult or group above the nation‚Äôs interest ‚Äî above national interest. This is like a nation within a nation, and we can see it happening all around us. That is the most dangerous thing ever.

And these people ‚Äî they are present in the media, the courts, the Election Commission, and in government authorities. We should be very concerned about all this.

This can be seen in the fact that these people do not think twice before supporting billionaires, scamsters, rapists, or molesters ‚Äî if that suits the interests of their cult, which they call a political party, but which at this point is a cult.

So we can confidently say that right now, India has a large number of people who literally do not give an F about India ‚Äî because what is India, if not its people, its culture, and its interests?",KYC / Banking scams
Reddit,fraud,"It's been almost two months since the pandora papers unveiled a massive network of the rich and powerful hoarding billions of dollars in offshare tax havens, but instead of addressing the obvious fraud at hand, politicians aim to make crypto the ""bad guy"". You can't make this up. **What are the Pandora Papers ?**

""**The Pandora Papers is a leak of almost 12 million documents that reveals hidden wealth, tax avoidance and, in some cases, money laundering by some of the world's rich and powerful.**

More than 600 journalists in 117 countries have been trawling through the files from 14 sources for months, finding stories that are being published this week.

The data was obtained by the **International Consortium of Investigative Journalists (ICIJ)** in Washington DC, which has been working with more than 140 media organisations on its biggest ever global investigation.

**What has been uncovered?**

The Pandora Papers leak includes 6.4 million documents, almost three million images, more than a million emails and almost half-a-million spreadsheets.

Stories revealed so far include:

* **the owners of more than 1,500 UK properties bought using offshore firms**, including individuals accused of corruption
* the Qatari ruling family who **avoided ¬£18.5m tax on a London super-mansion**
* **Sir Philip and Lady Green went on a property spree** after off-loading the BHS retail chain which went on to collapse
* the prominent Tory donor who was **involved in one of Europe's biggest corruption scandals**
* **the King of Jordan's ¬£70m spending spree** on properties in the UK and US through secretly-owned companies
* Azerbaijan's leading family's **hidden involvement in property deals in the UK worth more than ¬£400m**
* the Czech prime minister's **failure to declare an offshore investment company** used to purchase two French villas for ¬£12m
* how the family of Kenyan president Uhuru Kenyatta's **secretly owned a network of offshore companies for decades**

The files expose how some of the most powerful people in the world - **including more than 330 politicians from 90 countries** \- use secret offshore companies to hide their wealth.""

(Source: [https://www.bbc.com/news/world-58780561](https://www.bbc.com/news/world-58780561))

""The leak shows that former British Prime Minister Tony Blair, singer Shakira and many other familiar faces engaged in, at best, aggressive tax avoidance that was accomplished by hiding assets in extremely complex corporate legal entities. Though in some cases hidden funds seem linked to outright corruption, much of this activity is nominally legal ‚Äì but the very existence of such structures almost guarantees they‚Äôre being used for deeply harmful ends well beyond dodging taxes.

For those in the crypto world, it is tempting to frame these revelations in terms of simple ‚Äúwhataboutism.‚Äù And hooboy, what about this: By one estimate, as much as **$32 trillion in assets worldwide** **may be in offshore tax havens. That‚Äôs roughly** ***15 times the total value of all cryptocurrency in existence***\*\*,\*\* and much of it amounts to theft by world leaders from their own citizens. The tax revenues missing thanks to those hidden funds mean immense amounts of missing public infrastructure and services worldwide, at the particular expense of the poorest and most vulnerable people.

There are many nuanced, detailed arguments for the inevitability of cryptocurrency and blockchain‚Äôs growth and adoption ‚Äì advantages of efficiency, trust, privacy and autonomy that are already proving out at a global scale.

But interest in cryptocurrency is driven perhaps most of all by something more elemental and emotional, a deep intuition that has been rising around the world for decades: **that the people in charge cannot, and should not, be trusted.""**

(Source: [https://www.coindesk.com/business/2021/10/05/the-pandora-papers-show-why-people-love-crypto-you-cant-trust-the-powerful/](https://www.coindesk.com/business/2021/10/05/the-pandora-papers-show-why-people-love-crypto-you-cant-trust-the-powerful/))

Hillary Clinton recently stated that: ""What looks like a very interesting and somewhat exotic effort to literally mine new coins in order to trade with them **has the potential for undermining currencies, for undermining the role of the dollar as the reserve currency, for destabilizing nations""** and she is completely right, that is the idea of cryptocurrencies in the 21st century, **to deconstruct a corrupt financial system and provide a more decentralized, better version of it.**

(Source: [https://markets.businessinsider.com/news/currencies/hillary-clinton-says-cryptocurrency-destabilize-nations-2021-11](https://markets.businessinsider.com/news/currencies/hillary-clinton-says-cryptocurrency-destabilize-nations-2021-11))

**Crypto is a way out, a way to take control of our finances on our way to decentralized financial system.** The people who are supposed to lead us, realize the threat that crypto poses and that we, millions of adopters, have the potential to destabilize nations, central banks and traditional currencies. I think we are in for a hell of ride this decade, and we will hit a lot of resistance once governments start to regulate crypto, but I am surely excited to see where this development will lead us and that I jumped on the train.",Crypto scams
Reddit,fraud,Sam Bankman-Fried sentenced to 20 years in prison for orchestrating FTX fraud,Crypto scams
Reddit,fraud,"People asking why RaGa isn‚Äôt going to courts for Election fraud are living under a rock and naive. Here‚Äôs why **Should opposition file a court case on this, we do not know when it will be taken up and if taken up fairly, and once the matter is subjudice, you are prevented from talking about it and the case woupd be sent to a favourable bench and that is exactly what the BJP and ECI want, the whole case to be in subjudice and not spoken about.**

Haven‚Äôt you seen the state of the judiciary in the last 10 years?

Have you forgotten the Chandigarh Mayoral Elections? How it was rigged and caught on camera in full glory? And what happened? He was let go without even a nominal punishment.

How electoral bonds were allowed to go on for 5 years and after being declared illegal and unconstitutional , no follow up enquiry on the CLEAR quid-pro quo?

How courts rejected oppositions plea for 100% VVPAT counting?

Appointing BJP members as judges of the HCs, 

HC judges attending VHP meetings, CJI meeting PM at his residence..

Courts being judgmental instead of delivering justice based on the law, biased benches (remember bela trivedi? And how its been 5+ years of jail without TRIAL)

Courts calling RaGa not a true citizen for asking questions to the establishment.

Open your eyes. We are all by ourselves. No courts, no institutions, no ECI, etc political party will stand by you. 

I would say we are already living in Russian style oligarchic democracy.",KYC / Banking scams
Reddit,fraud,Billionaire Gautam Adani charged in New York with massive fraud,Loan / Financial scams
Reddit,fraud,"USA My dad died after being scammed by 2 ‚Äúwomen‚Äù and committed fraud himself to pay them. I am so broken. I came to clean personal effects and arrange services for my dad after he passed away Thursday. He and I had a rocky relationship in the last 2 years because of the first scammer. I started bringing up red flags and he said ‚ÄúI guess I don‚Äôt have a daughter anymore!‚Äù He was in denial. He finally accepted it in March and he asked for forgiveness and started to repair our relationship. He came to my son‚Äôs graduation in June and started talking about a new ‚Äúwoman‚Äù. I didn‚Äôt confront on the second one, but put my concerns in his ear that it could be another fake. 

After he died, I was able to open his phone because he had given the password to his roommate when he went to the hospital last week. As I went through the phone, the ugly tale unfolded. He was still talking to scammer 1 dangling an inheritance I was getting from a different family member that he said I would give him part of so ‚Äòshe‚Äù would still talk to him. Scammer 2 is still on Google chat feigning concern that he is not answering. I proceeded to inform scammer 1 that the golden goose is dead. They get angry and threatening. They don‚Äôt believe and want proof. Probably to use the picture in a future scam. I play it cooler with scammer 2. I informed of the death and they expressed sympathy and want me to stay in contact and say when the services are. 

Today though, I went to the bank. Turns out my dad is not just a victim, but also had committed his own crimes. He opened two accounts in his roommate‚Äôs name. One was a credit card and the other was a personal loan. He had taken documents to copy and an old iPad of the roommate‚Äôs to process the opening of the accounts. He was paying the payment out of his social security and deleting emails from the account with the iPad as reminders for payment were posted. The total fraud by my dad was around $40,000, most of which went to the scammers.

I am now in the middle of showing the poor roommate what he did and providing proof of his guilt for the dispute. I am also teaching how to add an app to monitor for inquiries and new accounts. I am writing this to ask all of Reddit to show family and friends how to set up credit monitoring. I would never have believed my father was capable of this. He became addicted to the romance scam contact and he compromised his core values to keep it going. I think he died from the stress because he was out of money and couldn‚Äôt scrounge any more. His web of lies was going to burn and expose him any day. I am numb.",Intimacy trap
Reddit,fraud,"Safemoon down 26% in a day as Coffeezilla video exposes the CEO's direct fraud. Here's the video first: 

---

###[I UNCOVERED A BILLION DOLLAR FRAUD](https://www.youtube.com/watch?v=CzbBi0agLNg)

--- 

To summarise the actions of John Karony, the CEO: 

Enacted the 100% tax honeypot, covered by myself [here](https://www.reddit.com/r/CryptoCurrency/comments/tuumsi/safemoons_v1_100_tax_results_in_the_theft_of/), but the major story ^(as ^though ^tens ^of ^millions ^of ^dollars ^stolen ^isn't ^a ^big ^story) is that he had a deal with the Crypto Exchange Bitmart, who ran their own version of Safemoon's ""tokenomics"" (10% buy and sell tax) - so what they would do is redistribute 5% to holders themselves, and then send 5% of transactions to Karony which Karony was supposed to add to the liquidity pool. 

####Except he did not 

He appears to have kept it. 

---

So what this means is that all the people that have gone blue in the face telling us that John was cleaning house, getting rid of all the bad apples.. well he was just as crooked as the rest of them. Truly a den of thieves. 


##Birds of a feather flock together 

What's mad is laying it all out... 

* **Kyle** who copy-pasted the contract kept withdrawing from the Liquidity Pool even while claiming you couldn't and that Safemoon was ""rugpull resistant"" 
* **Thomas** who lied about his Ripple job offer, lied about his development credentials and continually siphoned funds from the liquidity pool into his own wallet 
* **John** who constantly claims Safemoon is the evolution, sets up dodgy deals with Bitmart and creates the V1->V2 honeypot 

It just goes on and on. Every week a new stone is unturned and people find more and more filth and scum. 


But it just slides off the back of the criminally-deluded Safemoon Army. Today has seen three wallets sell $500,000 between them, and we're only a few hours after the wallet released. The whales are not happy about this, but the casual holders? 

Here are some quotes from their sub... 

> Buy the DIP, Safemoon to the moon, if you sell you, then you is a low life. LOL Dimond hands baby. We will be rich in 5 years. People fud bitcoin and look where we at 10 years later. Buy the Dip and you will be rich in 5+ years.

>1 billion volume is coming...We will be on all major exchanges soon. Love these tasty dips. 

#

> Just watched, it's bad on so many levels. But he's at least good at editing. He makes a lot of arguments but fail to provide any proof. 

#MY DUDE HE LITERALLY GAVE YOU THE BLOCKCHAIN TRANSACTION HASHES IN THE VIDEO MY DUUUUUUUUDE. 

#

> The Video is pure conjecture and open-ended opinions that leads the watcher (by the nose) to form an opinion off of nothing; but it sounds good. 

#

> He's just after clicks and is trying to profit from spreading fud about safemoon for his own financial gain and popularity, nothing more 

#

> I made my mind last year. I have a goal to achieve and every new wave of fud and dip that comes after is only a great way for me to buy more. 


#


This is the biggest heads-in-sand moment I've ever witnessed. When will they wake up? When John is in jail? When Safemoon is 0.00000000000000001? Or is that just another great buying OP? Fuck a rubber duck.",Crypto scams
Reddit,fraud,"Kim Kardashian is recklessly pumping ""Ethereum MAX"" scam to her 250M followers on Instagram. This is the kind of scam the SEC must put a stop to, not prevent people from earning interest on their stablecoins. There are securities fraud laws against celeb pumping scamcoins",Crypto scams
Reddit,fraud,"After $10+ billion fraud SBF is free while Tornado cash developer is in jail for developing open source sofware A Tornado cash developer is still in jail without formal Charges.

SBF committed $10b fraud and is playing video games in the Bahamas. Which he is losing BTW

Code is free sepeech, but it's said that money speaks so much. SBF and his connections are making him a free man. He lost billions but right now he is playing LOL (not a joke).

We saw big support for the TC dev when he was arrested but atm there's not much talk about his situation due to market conditions and a billion dollar scammer is running around the bahamas. As a community we need to raise our voice to this kind of injustice if not we won't end up better than TradFi.

&#x200B;

You can sign the petition to free him here: [change.org petition](https://www.change.org/p/open-source-development-is-in-danger-take-action-before-it-s-too-late-opensourcenotacrime-privacynotacrime-freealex-freepertsev-freealekseypertsev?recruiter=1273998407&recruited_by_id=c9d665c0-1e0e-11ed-a893-69d333769675). Credit to u/BenjyMemeMan",Crypto scams
Reddit,fraud,"Reuters Investigate has found that in the last five years, Binance served as a middleman for the laundering of at least $2.35 billion from hacks, investments frauds and illegal drug sales An inquiry into the world‚Äôs largest crypto exchange, Binance, financial activities by Reuters, reveals that the exchange platform has aided in laundering no less than $2.35 billion in corrupt funds, over a five year period. In a recurring pattern, as published by Reuters investigation report, Binance has helped launder money originating from scams, hacks, investment frauds, illegal drug sales, a foreign exchange violation case among others in the last five years. 

The U.S.¬† government also hired crypto researcher Chainalysis,¬† to monitor illegal flows, and it was reported that Binance received criminal funds totaling $770 million in 2019 alone, another report by Crystal Blockchain,¬† showed that a Russian-language site called Hydra, used Binance to make and receive crypto payments worth $780 million.¬† 

Reuters calculated from an examination of court records, statements by law enforcement and blockchain data, compiled for the news agency by two blockchain analysis firms. Two industry experts reviewed the calculation and agreed with the estimate.

Binance declined to make Zhao available for an interview. Responding to written questions, Chief Communications Officer Patrick Hillmann said Binance did not consider Reuters‚Äô calculation to be accurate. **He did not respond to requests to provide Binance‚Äôs own figures for the cases identified in this article.** He said Binance¬†was building ‚Äúthe most sophisticated cyber forensics team on the planet‚Äù and was seeking to ‚Äúfurther improve our ability to detect illegal crypto activity on our platform.‚Äù 

What impact do you think this will have on Binance and its' Binance Coin? 

[SOURCE](https://www.reuters.com/investigates/special-report/fintech-crypto-binance-dirtymoney/)",Crypto scams
Reddit,fraud,"Sam Bankman-Fried‚Äôs 25-year crypto fraud sentence could be cut by 4+ years with good behavior, co-conspirator Caroline Ellison is set for release in May 2026",Crypto scams
Reddit,fraud,"[SERIOUS] Can we judge and condemn Caroline Ellison on her terrible actions of fraud rather than her looks? There is no doubt that Caroline Ellison (ex CEO of Alamede Research, the trading firm founded by Sam Bankman-Fried) is a criminal. She helped orchestrate a fraud that led to the loss of billions of dollars of customers and investors. Given how many people Caroline Ellison hurt, I totally understand that people despise her and that many of those that lost money due to Caroline's actions even hate her. I also hope she pays and goes to jail and lost money due to her actions (indirectly).

What I do not like, however, is that many people here are judging/insulting her based on how she looks. Some posts are attempts at humor:

https://preview.redd.it/wt3vbd56xt7a1.png?width=871&format=png&auto=webp&s=6e51730a6591a74ce4d2d1c2b64eec3d5b443036

... but a lot of them are also just blatant hatred towards her looks without any other content. This has been happening for almost two months now. A few recent examples:

https://preview.redd.it/no32metv9t7a1.png?width=869&format=png&auto=webp&s=a92fd7cf9ab0a748f058d80ca47fb026a89daf14

https://preview.redd.it/tqglb7aw9t7a1.png?width=869&format=png&auto=webp&s=63f0d9360ff7585d0425d7acb86e7e15f51d2dd7

https://preview.redd.it/53c2bx0x9t7a1.png?width=873&format=png&auto=webp&s=fd71a26cebed24b7f2b9fa299849c866c2139327

It makes me wonder whether she would get the same treatment if she were male, knowing that women in general are judged on their appearence more than men (yes, science confirms this). Or in other words, whether this is a case of sexism/misoginy. Sam isnt exactly the most attractive human being either and I dont see similar comments made to him.

But I also do not really care of the gender issue in that I simply perceive everyone as the same, regardless of gender. So, much more important: I hope that we can condemn her based on her behavior and actions rather than her appearance. Sam and Caroline are despicable human beings and should pay for what they have done.

**EDIT: I did not write this in defense of Caroline. I dont care about her one bit and want to see her get punished. Its more for the quality of this sub, for women and society in general (because this unnecessary focus on looks does a lot of damage), and because I would prefer to see a focus on her evil acts. I also know -of course- that men get ridiculed for appearance too and condemn that all the same.**",Crypto scams
Reddit,fraud,"You remember when Solana was the next big thing and it turned out the team were just massive liars and were committing fraud? A lesson in doing your own research and not buying into hype. For those of you who may be new to the whole crypto thing, Solana was all the rage last year. People and VCs were incredibly high on this chain like it was the next best thing since sliced bread. Well surprise surprise. Not only did Solana turn out to be INCREDIBLY centralized, the team lied about their circulating supply twice and were caught committing fraud. That's a big yikes from me.

 I have literally sold all my SOL, I've bought a bag of MATIC and I'm never going back. It's more decentralized (SOL has proven to be extremely centralized), The team can actually be trusted and it's just an overall better chain IN MY OPINION. I know a lot of you apes are pretty much gambling and will invest into anything even if it's a shitcoin. That's not me though and that shouldn't be you either.

This chain CANNOT compete with the likes of Ethereum and L2s like Polygon. Especially when Solana is a project that has literally lied to you and disrespected you straight to your face. A real shame that people will still invest in this because y'all have no self respect lmao.

Anyway I went off on a bit of a rant but the point of my post is this. Do your own research, do consistent research and tune out all the noise you're going to be hearing. Forget about marketing and hype. You will avoid most of this game's pitfalls by doing your own research. The most important skill you're ever going to use is tuning out noise and research.",Crypto scams
Reddit,fraud,Elderly Karnataka couple dies by suicide after losing Rs 50 lakh to cyber fraud,KYC / Banking scams
Reddit,fraud,"Overstock.com : ‚ÄúWe pay fee for credit cards and we employ 40 people in fraud department. When we take cryptocurrency, we have a very small transaction fee, much smaller than credit card fee and no fraud department.It‚Äôs like a cash transaction. For us, that is a much cheaper way of doing business.‚Äù",Crypto scams
Reddit,fraud,JPMorgan's Jamie Dimon: Bitcoin is a 'hyped-up fraud',Crypto scams
Reddit,fraud,"Infosys Slapped With Rs 283 Crore Penalty For Visa Fraud, Abuse of US Immigration Process",Job scams
Reddit,fraud,"Andrew Yang wants to Employ Blockchain in voting. ""It‚Äôs ridiculous that in 2020 we are still standing in line for hours to vote in antiquated voting booths. It is 100% technically possible to have fraud-proof voting on our mobile phone""",KYC / Banking scams
Reddit,fraud,"U.S. indicts Sam Bankman-Fried on conspiracy to defraud the U.S., wire fraud, securities fraud, and money laundering",Crypto scams
Reddit,fraud,Caroline Ellison‚Äôs ‚Äòdiary‚Äô a key piece of evidence in Sam Bankman-Fried‚Äôs FTX fraud case: report,Crypto scams
Reddit,fraud,"SafeMoon subreddit claims Coffezilla is spreading FUD for exposing SafeMoon billion dollar fraud This is just another example of how delusional cryptocurrency communities are. 

Coffeezilla made a youtube video exposing SafeMoon's billion dollar fraud:

SafeMoon's founders and employees are currently being investigated by the FBI, while obviously having commited fraud that is documented on the blockchain and in several recordings. They even admitted deleting evidence on video. 

It is a fact that SafeMoon is a fraud, several employees said so themselves. There are millions of dollars missing that should be in the liquidity pool and are now in the pockets of safemoons creators. All of it can be looked up by everyone on the blockchain.

Yet the safemoon subreddit calls Coffeezilla 'FUDzilla' and claims he is spreading FUD. Right now they are celebrating for buying the dip... while being 95% down from ATH.

Not everything is FUD. This echo-chamber, cult-like behaviour is sadly quite common in the crypto space, not just with meme coins like SafeMoon. Take care and think for yourself.",Crypto scams
Reddit,fraud,"SBF says ‚Äúdishonesty and unfair dealing‚Äù aren‚Äôt fraud, seeks to dismiss charges",Crypto scams
Reddit,fraud,"Michael Saylor and Microstrategy are being sued for alleged tax fraud We all know michael Saylor because he was the CEO of Microstrategy for a long time. He accumulated 17,732 BTC, which he bought at an average of $9,882 each. MicroStrategy owns 129,699 bitcoins as of June 28, 2022. The total purchase price for the bitcoins was almost $4B making an average price of around $30,650 per bitcoin.

Currently, it seems like they are being sued for alleged income tax fraud by the DC Attorney General. This could be terrible for Bitcoin because he is often perceived as one of the big faces for Bitcoin and he and microstrategy own so many of them. Oh boy. Get ready to buy the dip, because this has to affect the price in a substantial manner. How can he not pay *any* income tax at all despite living in DC for 10+ years!? That is ridiculous.

&#x200B;

The DC Attorney General:

&#x200B;

https://preview.redd.it/oselmv03b3l91.png?width=609&format=png&auto=webp&s=5ba4336717716614add1900b6d234aea1dc7a65c",Crypto scams
Reddit,fraud,I Basically Got SBF To Admit to Fraud (CoffeeZilla) He's done dotted.,Crypto scams
Reddit,fraud,SEC Charges Crypto Company SafeMoon and its Executive Team for Fraud and Unregistered Offering of Crypto Securities,Crypto scams
Reddit,fraud,"Just this year, JPMorgan CEO called crypto is a ‚Äòhyped-up fraud‚Äô, a ‚Äòwaste of time‚Äô and 'pet rock'. Yet we see JPMorgan launch a network with JPM Coin, which recently went live, that mimics real crypto but it's private and centralized. The issue is not crypto but about them having power and control JPMorgan's CEO has had a lot of negative things to say about crypto time. He has said very very many anti-crypto things but even just this year he said that crypto is a ‚Äòhyped-up fraud‚Äô, a ‚Äòwaste of time‚Äô and 'pet rock'. These statements however are strange considering JPMorgan investment and push into blockchain tech and development of their own coin on top of the seven or so crypto funds JP runs.

Onyx is an team and division under JP who developed the JPM Coin which is a private and centralized blockchain run by JP with a token called JPM Coin used for settling and clearing transactions between JP Morgan customers. JPM Coin even recently went like for euro transactions. Even JP Morgan's CEO acknowledged the vast superiority of a blockchain token over legacy systems in the speed, convenience and 24/7 nature of transactions.

All this is to say that they don't have an issue with crypto really. It's about the ability for them to control the coins and tokens.",Crypto scams
Reddit,fraud,"Director and Promoter of $2,000,000,000 BitConnect Ponzi Scheme Pleads Guilty to Fraud",Crypto scams
Reddit,fraud,"""Bitcoin is a fraud and a scam""",Crypto scams
Reddit,fraud,"Not Your Keys, Not Your Bitcoin ‚Äî FTX Was Selling Fake BTC to Its Users. Sam Bankman-Fried has just admitted to the massive fraud of all FTX customers.",Crypto scams
Reddit,fraud,"3 years ago today Do kwon tweeted this and then it was followed by $40B fraud, destroyed lives and finally he landed in prison.",Crypto scams
Reddit,fraud,Prosecutors seek from 40 to 50 years in prison for Sam Bankman-Fried for cryptocurrency fraud,Crypto scams
Reddit,fraud,BitConnect Founder Charged By SEC With $2B Crypto Fraud,Crypto scams
Reddit,fraud,"I was just scammed out of $100k through title company wire fraud *Final Update*
I got my money back after 3 months, it just showed up in my account with an email from BoA saying they recovered the money and resolved the case. 


__________________

I really don't want to tell this story but if I had seen it before I may have done something different. This just went down yesterday.

We were buying a house this week, a rental property and were putting 25% down (around $100k). We had gotten a couple of emails from the title company about docs and stuff then I got one asking to put the closing cost in escrow. They sent wire transfer info and me not suspecting anything wrong followed through. I didn't know what the exact closing cost amount was and had to ask them and they actually had the right amount(?). They had sent us a Clear to Close email and all that so they knew we were closing this week and they knew who our real estate agent was (who was also fooled). The wire was to a Bank of America account (which I use myself) so I wasn't too worried. The next day alarms were going off from our mortgage company when we asked about it.

The person that did this convincingly impersonated the title company agent (the emails were almost identical to the earlier ones but of course they subtly switched the email address and changed the phone numbers in the signature section). I had no reason to suspect this was a different person and they somehow knew our closing cost which we are still trying to find out how. My wife takes care of the details and I just usually sign stuff and pay so I thought everything was legit.

I called BoA (2 hr hold) and they couldn't reverse it since it was the next day and said I had to sign some form before trying to recover the wire. I made a police report and reported it to the FTC/FBI but odds are the money's gone unless BoA can do some magic which I'm not expecting. 

One odd note, the people we were buying the house from only had one stipulation; that we use their title company. We didn't care because who cares what title company you use but we did think it was odd that they cared. 

I've been on this sub for a while and should have seen it coming but I didn't expect it could happen to me and definitely didn't expect this level of sophistication. They send you warnings about wire fraud but they don't warn you about how they do it. We'll be fine, just to accept I got...got.

ETA

Update:
The bank it was wired to was in Houston so we had someone go to the bank itself and get the bank manager on the phone (they weren't picking up our calls). They told us the account was already flagged because of the wire amount and the money from the wire was still in the account. They couldn't go into details but implied the account was frozen so the chances of us getting it back just went up but it may take a while because they need to do their DD and all. Looks like we caught it in time thankfully but of course there's no guarantees.


Update 2: The government has seized the scammer's account which had hundreds of thousands in it from other victims. We are in line to get our money back but it will be a while.",KYC / Banking scams
Reddit,fraud,"Mark Cuban Blasts Gary Gensler, Says SEC Chair Has Not Protected Single Crypto Investor Against Fraud",Crypto scams
Reddit,fraud,"After losing $8,000 in an altcoin scam, one man started a group that hunts down crypto frauds",Crypto scams
Reddit,fraud,"I am a victim of a massive Financial fraud in India I live in Canada and I already lost upto 8 -10 crore rupees worth of assets in the past because of my parents and toxic relatives in India 

Recently, I discovered that my uncle ( mother's brother. Hate to call him my uncle ) has fraudulently applied for a housing loan with Syndicate Bank ( now merged with Canara Bank ) in India for 50L without my knowledge and permission. It's appalling that banks in India can approve 50L loan on my name without even seeing me virtually or in-person. 


It's only recently I came to know about it and he hasn't been making the repayments on time. As a result, my credit score has tanked.

Besides the housing loan, he siphoned away 50L and he still owes me this amount.

I am 1crore rupees in red now.

Lawyers are expensive to hire and I am not able to do much.

I have no hope and i am not able to come to terms with the fact that I have gone through a massive financial abuse.

Many would have experienced emotional and sexual abuse from their own family members. That's very painful. However, not many talk about the financial abuse when it happens from their own family members.

I need help.
I have booked my tickets to fly to India in June 1st week. 
It's gonna be a big toll on my mental health.
But, I have to fight this battle.
- To restore my credit score, sue the bank if possible.
- Recover my 50 L from him

Is there a way i can do something for this from Canada?

Any help will be appreciated.
It's debilitating and I am having severe anxiety and panic attacks.
I am not able to cope. It's taken a huge toll on my mental health and I am at the verge of becoming homeless because of this.

TLDR: My uncle, my other and bank manager plotted for financial abuse. . Canara Bank approved 50L housing loan on my name without my permission and I was not aware of it until recently. I was living overseas and did not have a Pan Card, Aadhar Card, or any other bank account in India when this bank loan was approved in my name. In fact, none of the payments to this loan account has been from my personal bank account. Bank has not been co-operating to provide the documents they used to approve this 50L housing loan.

Edit: Thank You very much for all the useful responses and resources shared with me. Never expected it to get so much traction. Please allow me sometime, I will gradually respond to all the comments.",Loan / Financial scams
Reddit,fraud,"Rahul Gandhi‚Äôs Instagram and YouTube Growth After ECI Vote Fraud Allegations I‚Äôve been analyzing Rahul Gandhi‚Äôs social media growth, and there‚Äôs a clear spike in his Instagram followers and YouTube subscribers since his August 7, 2025, press conference alleging 1,00,250 fraudulent votes in Karnataka‚Äôs Mahadevapura constituency. Here‚Äôs the data from August 2 to August 15, 2025:Instagram Followers (Daily Change): Aug 2: +9,291 
Aug 3: +7,960 
Aug 4: +6,489 
Aug 5: +4,818 
Aug 6: +3,987 
Aug 7: +9,793 (allegations announced) 
Aug 8: +73,175 
Aug 9: +55,707 
Aug 10: +65,836 
Aug 11: +80,862 (highest) 
Aug 12: +68,170 
Aug 13: +73,439 
Aug 14: +63,942 
Aug 15: +28,428

YouTube Subscribers (Daily Change): Aug 3: +10,000 
Aug 7: +20,000 
Aug 8: +30,000 (highest) 
Aug 9‚Äì14: +20,000 daily
(No data for Aug 2, 4‚Äì6, 15)

The biggest jumps (Aug 8‚Äì11) align with the ECI allegations, with reports of an Instagram reel hitting 1.2 million views in an hour. The ECI‚Äôs demand for an affidavit or apology on August 8 seems to have fueled more debate. However, Instagram growth dropped on August 15, possibly due to Independence Day or public reaction to the controversy.What‚Äôs behind this surge? Is it support for Rahul Gandhi‚Äôs claims, Congress‚Äô social media push, or just controversy-driven hype? Why the dip on August 15? Would love to hear your perspectives.

",KYC / Banking scams
Reddit,fraud,"Sam Bankman Fraud Posts Weird Messages On Twitter Here is the first message he posted.

&#x200B;

https://preview.redd.it/dgdb72ijpvz91.png?width=622&format=png&auto=webp&s=ab572916180d97fb8d1f905dc07f3ee1923dcc54

Here is the other messages that he posted.

&#x200B;

https://preview.redd.it/0gvpbreopvz91.png?width=669&format=png&auto=webp&s=af66dd6bd8c70186ed3e533cbcce733a4f3a7d97

Honestly, at this point, I think he just posted this to troll everyone. Some people think he also might be pretending to be hacked. Either way, it's stupid to post. It takes real dedication for someone to be shitposting after losing billions of dollars. Honestly, at this point, none of this stuff is unexpected anymore. Hopefully, all this will end soon with him behind bars.

EDIT: He has now posted more messages. You have to wonder why he would post this stuff.

&#x200B;

https://preview.redd.it/7bysdjtyczz91.png?width=605&format=png&auto=webp&s=bdec0cff699602668575a33f8357cc66166b45b5

EDIT 2: It seems he finally finished the sentence.

&#x200B;

https://preview.redd.it/3ht55awz020a1.png?width=611&format=png&auto=webp&s=f7df67ad4f2ef29a1aed776a5db7f5f7f163038b",Crypto scams
Reddit,fraud,"Safemoon down 45% in a day (-96.5% from ATH) as Coffeezilla's latest expose on CEO fraud finally hits home. Weirdly enough, the previous two videos detailing extraordinary allegations, with proof, on the massive scale of fraud that permeates Safemoon didn't seem to do it, but the truth from the latest video has finally sunk in, with a top whale selling off four Billion tokens (worth nearly $2m). 

[Transaction 1](https://bscscan.com/tx/0x5b2f84b56d66f807cf5aa8f05ba8848875dba3a19f7a4c33717bae6182e90874) 

[Transaction 2](https://bscscan.com/tx/0xde60375cf511084a1b1f17841f26a06050b30cde0d7b7a9f46a02d4c675e56d3)

---

[Coffeezilla's latest video](https://www.youtube.com/watch?v=kIUrE7Ovm5k) 

---

This one is much quicker, snappier, and devastating. 

The gist of it is that the Safemoon community has spent the last week and a half fervently denying that the wallets Coffee speculated were CEO John Karony's was a personal wallet, and therefore the movements in and out of the liquidity pools and receiving large payments from Bitmart etc were all kosher. 


Someone tipped Coffee off to *yet another* pump-and-dump scheme organised by Ben Phillips, where Karony spent $300,000 on shitcoins. Ben Phillips also was part of some Hotdog NFT bullshit, and Karony mentioned he liked one publicly on twitter... that very safe NFT is owned by a wallet that Coffee uncovers. 


--- 

The video does a much better job of explaining it than I do, but we're in the Endgame now fellas. 

My RES tags on Reddit have been pulling overtime with all the people I've tagged as ""Safemoon Cultist"" 

What do they have to say? Let's find out. 

> Whale sold. Watch this dip get eaten.

#

> Awwww. Just because you lost YOUR life savings and are butter hurt, doesn't mean everyone else is. Don't be mad... once FOMO hits, you'll be back. 

#

> Please stop buying bro karoney is stealing 100 trillion money i saw on ioutube truste me please stop ‚úã üò≠üò≠üò≠üò≠üò≠üò≠üò≠üò≠ 

#

> We have less whales than most crypto tokens. Just check babscan! 

#

> Well, if you would have paid attention you would know that when the youtuber posted his first video the price went down 25%... this time he posted and the price stayed pretty much the same. That's all 

(That one aged like milk on a hot Texas day) 

> ‚ÄúWhy isn‚Äôt my fud working? Why aren‚Äôt they selling? Time to make up more shit!‚Äù
 

#

> If it is a rug pull, would it be logical to spent 1 mln on a bill board, hire top qualified personnel, launch wallet, work on exchange, blockchain, card, websites, cross chain, etc. Would you start a LLC with liability, would you doxx, etc. 

# 

> I haven‚Äôt watched any of his videos. Don‚Äôt need to 

#

> Stopped reading at copy and paste wallet, that's a marching order term right there
 

#

> I'm fairly confident that this will be remembered as Safemoon's low point. 

#

> I believe this is all fud to make the price drop on purpose üòâ
 

So we have a mixed bag really. Most of the people who haven't already sold are just sticking their heads in the sand but the mounting volume of proof is starting to resonate with more and more people. 

There's still quite a sizeable portion of people that think a turnaround is about to happen... So I guess let's sit back, crack open the popcorn and keep watching this incredible shit-show.",Crypto scams
Reddit,fraud,"[US] Beware of Wire Fraud - $200k I work in real estate and we were paying off a short-term loan to a seller. This deal had been going on for over a month, and the email thread included the seller, his attorney, our CEO, and our legal team. All real emails, no spoofing, no fake addresses. Turns out the seller‚Äôs actual email account had been compromised.

At some point, the hacker jumped in and swapped the legit wire instructions with fraudulent ones. They matched a fake ACH form we were sent a month earlier, also through that same compromised email. We hadn‚Äôt used the ACH info, so we didn‚Äôt catch it at the time.

Since we send a ton of wires and have a solid relationship with our bank, I sent in the request and instructions received via email and they called to confirm just the name and bank. Nothing seemed off, so the wire ‚Äî over $200K ‚Äî went out.

A few days later, the seller still hadn‚Äôt confirmed receipt. I called him directly and that‚Äôs when we realized the instructions we got were not what he sent ‚Äî even though they were from his actual account. We called the receiving bank immediately, and thankfully they had already flagged the account for fraud and froze it. The money is still sitting there and they‚Äôve told our bank to request it back.

the hacker had to have been watching his inbox for months, waiting for the perfect moment to jump in. We were just too comfortable with our usual process and didn‚Äôt verbally confirm verbally. The email addresses were real. It matched the ACH info he signed and sent. Our bank didn‚Äôt see any red flags. We almost lost a lot of money. Always get verbal confirmation. 

EDIT: Just heard back from the FBI this morning and the phone number on the real email address for over a month had a VOIP phone number. So a voice verification would have went to the hacker.",Phishing attempts
Reddit,fraud,"JPMorgan CEO used to call Bitcoin a fraud and a ponzi scheme - Also said he would fire anyone caught trading it. ""Dont listen to what I say, look at what I do""",Crypto scams
Reddit,fraud,Bankman-Fried's ex-girlfriend Ellison to be sentenced over crypto fraud,Crypto scams
Reddit,fraud,"Crypto currency fraud mega corp I have uncovered a mega corporation whose sole business aim is to defraud people out of their hard earned cash. Including me. 

The shell company, the highest level I am able to get without any granted powers, is luck7.inc. This is a company based in South East Asia, operating in at least Shanghai, Ho Chi Min City & Manila. 

This company, is the registrar organisation and currently the highest owner (I am able to find) of multiple scam websites, all with the same appearance. Websites such as Oexbake.top/oexbake.com/oexgeek.xyz/ordioex.com/oexgeek.online/ordioex.top/ordioex.xyz

These are just a few that I have found. There are more, some operated so long they expired. 

This company, primarily operates, but not exclusively, Romance Pig Butchering Scams. They are using paid actresses who will act like they are in a relationship with the victim. These actress are used in photos, videos, voice notes, phone calls & video calls. The actress will even try and convince you use the website, or invest more whilst on these calls, so they know fully well what is going on, even if they are not fully involved. My scammer was ‚Äúwestern‚Äù not just the usual usage of ‚ÄúAsian‚Äù women. My scammer was called Emily Campbell, she pretended to be from Australia and living in Perth, Scotland. She actually lives in Southampton, because she took a video of her apartment, that I asked for when after I realised was being scammed, but before she knew I had realised. The address was ascertained from a screenshot. While I know she wasn‚Äôt the one person I was most probably talking to, the phone calls and video calls with references to our messages and the investing, meant she is involved enough to know the morale repercussions of what she is choosing to do. 

When I first asked about oexbake.top, weeks ago now on another website, so showed me the post. Extremely upset - she did not know it was mine, and I pretended it wasn‚Äôt. This confirmed the scam, as they have operators lurking in r / cryptoscams. 

I have reported everything, to all appropriate authorities, who have called it an international cyber risk. 

I hope this post, will stay live, and allow multiple people avoid these scams in the future. Regardless of what the organisation decide or try to do. Please share and interact this post to get it near the front page on google if any of these key words are googled. 

Together, we will stop these evil doers. 

Mad how many people are out of touch with basic humanity here. Definitely some basement dwellers who are so ugly and weird it‚Äôs obvious anyone being interested in them is a lie.",Crypto scams
Reddit,fraud,Justice Department shuts down its cryptocurrency fraud unit,Crypto scams
Reddit,fraud,"Parent was one step away from falling for a $30,000 fraud scam from the ""Fraud Department"" Long term reader, luckily a first time poster. I hadn't seen a scam on this forum quite like the one my Father nearly fell prey to, but it definitely rhymes with many of them. I caught wind of what was going on when my Father was on the *very last step* of kissing $30,000 goodbye forever, and it was basically blind coincidence alongside a ridiculous strategy from the scammer that prevented it. It's kind of wild how each step of the scam, and explanation from the scammer, gets more and more ridiculous as it progresses. Pressure and urgency have a funny way of short-circuiting logic's checks and balances though.

So here's how I gathered it went down. Apparently my dad got a phone call early in the morning from the ""New York City Bank/Wire Fraud Department."" They immediately began applying authoritative pressure, that he needs to remain on the phone as they're conducting an investigation. The scammer apparently already knew which bank my dad did business with, and asked if he had a large vulnerable amount of money in his accounts (red flag, good god).

The scammer's story was that *their Fraud Department was investigating a bank manager at that branch who was directly stealing funds from accounts.""* They told my dad that they suspected the Manager (who they ""refused"" to name in an active investigation) was working with some customers in the theft, and suspected *MY DAD was possibly part of the fraud*. As he was potentially a co-conspirator, hanging up or ignoring their instructions would be criminal and he could be immediately arrested.

But don't worry, they had a perfect solution for him! My dad needed to go to the bank and withdraw the $30,000 from his account in cash. He was strictly informed he couldn't tell the bank his reason for withdrawal, because the bank manager would get wise that he was being investigated. So he made up a story about giving a cash gift for a new car to his son. And just like that, almost in a high-pressured trance, my dad walked out of his bank with $30,000 in his hand.

The next step in the scammer's plan was even more brilliant! My dad was instructed to head to the nearest CVS (christ) and given instructions to purchase a particular-sized large envelope. He was to put all $30,000 into this envelope, and *mail it directly to the address of their New York ""Fraud Department""* for verification and safe-keeping (whatever the fuck that means) while they monitor the Manager's activities.

By SHEER LUCK, my dad had just written me a check to shop for a gift for my birthday. He frantically called me to not deposit this check yet, as he had to withdraw all the money in his account and send it somewhere for some kind of investigation for a while... all while he was complaining about how difficult it was to fit these stacks of cash into an envelope to send in the mail. After stomping on the goddamn brakes of that conversation, we started putting the pieces together. Apparently the scammer called him 9 more times that afternoon trying to reach him, before blocking their number.

He was still a bit shaken and paranoid that someone may have actual access to his account, and waited several days before re-depositing the money. Crisis averted, by the skin of his teeth.

I just thought I should share my first real brush with a bona fide scammer, even if it was just secondhand-experience hearing how close a family member came to being conned.",KYC / Banking scams
Reddit,fraud,"I'm sick of this sh*t:Why is it that almost every new coin that's being released ends up being a fraud Honestly , this is so frustrating , it's like every single coin that's being released in the market is a scam or a rug pull or a trick to manipulate me into stealing my money . From celebrity NFTS , which are ENDLESS by the way . To new tokens and startups , I can't trust anyone and I'm beginning to doubt myself .

 Why is it that this field that was built on progress , tech and development , is so full of scams , shills , thieves and a - holes ?

There's no trust from me for new projects , and yes before you say it , I understand that I should be only using real platforms like solana prime to trade , and that if I had been doing that I wouldn't have ended here . But I did , and now I'm here , and we shouldn't be taking this on the chin and shutting up .

Too many bad projects out there , and something should be done about it .",Crypto scams
Reddit,fraud,"Than one time when Craig Wright accidentally gave cryptographic proof to be a fraud One of the most repeated lines in crypto is ""Craig Wright is a fraud"" - but did you know this is actually cryptographically proven without the slightest doubt?

# What happened?

Craig Wright claims a lot of things - not only being Satoshi, but also owning all of Satoshis coins. However no one actually knows which coins belong to Satoshi. So he just listed all coins in his dubious ""[Tulip Trust List](https://storage.courtlistener.com/recap/gov.uscourts.flsd.521536/gov.uscourts.flsd.521536.512.7.pdf)"" that he believed were Satoshis.

Plot List: Not all of these addresses belonged to Satoshi, and also not all were dormant. In May 2020, the following Message was signed by 145 addresses Craig Wright claimed to own, and published together with the signatures:

&#x200B;

[One of the addresses with verified signature, checked with verifybitcoinmessage.com](https://preview.redd.it/b1autuha0rra1.png?width=1134&format=png&auto=webp&s=54a1283d5902ec4b7c95ac7fd2e6b1974fc81a59)

[The same address found in the Tulip Trust List](https://preview.redd.it/ab66pu8vzqra1.png?width=2598&format=png&auto=webp&s=aab8a7cfe54f1b0bab5c59f6bea2c7fa8c0b69bd)

You can find an archived version of all addresses and signatures [here](https://archive.md/Z1oB8#selection-9.0-9.364).

**Cryptographically this signature is as secure as a BTC transfer - it could only be created with the private key, and it's an indisputable proof the owner of this address agrees with the written message.**

# 

# Where are we today, almost 3 years later?

&#x200B;

[BSV chart on CoinMarketCap](https://preview.redd.it/pwygxmsszqra1.png?width=1936&format=png&auto=webp&s=5bf8056143c18dc2de04114588d53150566c1467)

His own version of Bitcoin, BSV is at about 35.90$, down 92% from ATH. The market cap of this fraudulent project is still **690 Million USD** and ranks #65 on CoinMarketCap. Even though it's proven he claimed to own many addresses he clearly doesn't own, people continue to trust him and believe he is Satoshi Nakamoto.

Don't buy this fake Bitcoin and don't believe Craig Wright, he is a liar - this is proven in the most fundamental way possible in crypto.

\~

Sources:

[Coindesk Article](https://www.coindesk.com/policy/2020/05/25/craig-wright-called-fraud-in-message-signed-with-bitcoin-addresses-he-claims-to-own/) from May 2020

Original [tweet](https://twitter.com/Zectro1/status/1264867307546800130?s=09) from Zectro

\~

tl;dr: **Craig Wright is a fraud**

^(edit: Damn, typo in title ;\_; \*That)",Crypto scams
Reddit,lottery,"Caution! This sub has some of the worst investing advice I've ever seen, and it's full of people who think they're Warren Buffet because they won a billion dollars in the lottery. Let me begin by saying that if you invested $1,000 in bitcoin when it was first released, you are most likely very wealthy today. But don't let that detract from the fact that it elevates you to the status of someone who wired $1,000 to an anonymous person on the internet in exchange for some magical beans.

You'd be stupid not to have money invested in cryptocurrency these days, but keep in mind that it's almost entirely based on speculation, and a lot of your success is based on pure luck. In a bull market, everyone is a brilliant investor. People who post here pretending to be seasoned investing gurus are more often than not people who got lucky a few times. Have fun with your Baron Rothschild memes, pretending that everyone who invests in cryptocurrency will become a millionaire.

This is not the first time in history that a generation of young people has gotten rich by jumping on a wild speculation train. People had the same attitudes at the height of the dotcom bubble. ""Twenty-five percent returns in a year?"" Those are scrub figures. Anything less than 100% is not acceptable!"" We all know how that ride ended, and this one will as well. This ride will come to an end, whether it ends in a major bust or becomes a mainstream financial tool dominated by Wall Street. Take advantage of the high returns while you can.

Lastly, If you have the money to do so you can manage your risk by diversifying. Yes, the goal of diversification is to have a completely uncorrelated asset. Because all cryptocurrencies are highly correlated with one another, diversifying requires diversifying in a completely different asset class. Investing in another coin is not considered diversification; it is equivalent to investing in McDonald's and KFC and calling it diversification. 

As always, thank you for your time.",Crypto scams
Reddit,lottery,"My dad thinks he won the Facebook lottery. Can I help him, or is he screwed? I‚Äôm really worried and anxious for him Edit 4: The police finally went and told him he was being scammed. He played dumb with the officer and got her to leave. He immediately called my aunt and said ‚ÄúI know you guys think I‚Äôm stupid but I know what I‚Äôm doing!‚Äù She asked him about how much money he spent and about the Facebook credit card. He denied having the card or spending money, even though he showed me the card and told me he paid ‚Äúfees‚Äù for it. I‚Äôve called the elder abuse hotline. Not sure if they‚Äôll do anything. We both think his problem is narcissistic personality disorder and not dementia. I‚Äôm afraid he‚Äôs going to have to learn the hard way. I cannot take over his finances because of several factors I‚Äôd rather not mention, so please stop suggesting that. Edit 3: The police didn‚Äôt make it yesterday because of an OVI accident. Trying again today‚Ä¶
Edit 2: I spoke to his local police department and they are going to visit him today after work. His bank would not help me‚Ä¶‚Ä¶
Edit: I have contacted the authorities, both local and FBI. Today I will contact the bank and Cash App as well. I don‚Äôt know if I can get into his wallet and get that card because I do not have access to his home when he is not present. Please stop giving me the same advice. He does not have dementia. He still works and has a normal mental capacity. He‚Äôs just desperate and these people have brainwashed him for a year‚Ä¶‚Ä¶‚Ä¶..
My dad thinks he won the Facebook lottery. He kept saying he may retire soon (for about a year now). He would not tell me how he would manage it, but I finally got him to tell me. He reached in his wallet and pulled out this janky looking atm card with a Facebook logo on the front. He suddenly wants to learn how to use cash app. He‚Äôs already paid a fee for the card itself and a fee to have it transferred to work in our atms because it‚Äôs set to the west cost (confused about this one). Next he has to pay $2600 in ‚Äútaxes‚Äù. I tried to calmly explain that this isn‚Äôt real. I showed him videos and articles verifying that it‚Äôs a scam. I don‚Äôt think he believes me. He thinks he‚Äôs going to be able to pull thousands out using this card in the coming weeks. Is there anything I can do to stop these people?
",Lottery & Prize scams
Reddit,lottery,"Warning! This sub has some of the worst investing advice I've ever seen and is full of people who essentially won a billion dollars in the lottery, so now they think that makes them Warren Buffet. Let me preface this by saying that if you put 1000$ into bitcoin back when it was first released, you are probably very rich today. But let's not let that distract from the fact that it makes you somebody who wired 1000$ to an anonymous person on the internet, in exchange for some magic beans. 

These days you're probably stupid not to have money invested in crypto, but just keep in mind that it's almost entirely based on speculation, and a lot of your success is based on pure luck. **Everybody is a genius investor in a bull market**. The people you see posting here acting like seasoned investing gurus, are more often than not people who just happened to get lucky a few times. Have fun with your Baron Rothschild memes, acting like every person who invests in crypto is going to become a millionaire. 

This is not the first time in history when a generation of young people have jumped on a wild speculation train and gotten rich. During the height of the dotcom bubble, people had the exact same attitudes. ""25% returns in a year? Those are scrub numbers. Anything less than 100% is unacceptable!"" We all know how that ride ended, and this ride shall too come to an end. Whether it ends in a major bust, or it becomes a mainstream financial tool dominated by Wall Street, this ride will come to an end. Enjoy the great returns while you can.

",Crypto scams
Reddit,lottery,"Solo Bitcoin miner wins the 3.125 BTC lottery, solving valid block",Crypto scams
Reddit,lottery,Solo bitcoin miner beats the bitcoin lottery and receives block reward of 6.25 BTC,Crypto scams
Reddit,lottery,"If you want to play the scamcoin lottery to get rich quick, then you do you, but don't try and legitimatize your winnings to convince the next row of suckers to jump in. Well all know Safemoon is a clear and defined pyramid scheme. Its growth relies on a new set of ~~investors~~ suckers to jump in and provide liquidity so the previous set can get out with profit. 

I've been seeing a lot of brigading from the Safemoon sub in here, basically trying to legitimatize Safemoon using some really backwards logic, but the point is, I could give a shit if you put in $1,000 and come out a millionaire, Bitconnect had plenty of winners too, but what burned **so, so** many people and turned them off Crypto is the false pretense of legitimacy, and when the rug is eventually pulled, all these people get completely rekt. 

So I take umbrage to all the people who have made a couple thousand dollars who then start preaching how legit the project is, especially spreading unfounded rumors like exchange listings etc.

If you made money, great. You gambled on an unknown, unproven project and sold your earnings to the next set of hopefuls, but you know deep down there's absolutely nothing in Safemoon and to pretend like it could be the next big thing or ""reach 1 penny eventually"" is completely disingenuous and should be discouraged at every opportunity.",Crypto scams
Reddit,lottery,"Is playing lottery with shitcoins really worth it? I do think if you are not a real good momentum trader you will just hold bags. But it has become an alternative to lottery for many. Because when they pump they can produce 50x-100x.

* The pump mania is pretty quick and you have create partial exits during the mega pump.
* 95% people can't control their greed and keep holding.
* Some add more to the lottery system thinking they found the true coin which will give them a good retirement.

Looking at the charts below, the sharp quick moves and exit liquidity indicates that if you can't lose money or are not a profitable experienced trader then **stay away**.

https://preview.redd.it/kq6fjynka5cd1.png?width=1131&format=png&auto=webp&s=88ea9d97e5747ab0dd61dc0ff9e14c4243f03ecf

**Chart Data Source:** [**https://botsfolio.com/crypto-portfolios/Metaverse**](https://botsfolio.com/crypto-portfolios/Metaverse)

https://preview.redd.it/d66oewc995cd1.png?width=1141&format=png&auto=webp&s=4ddf75d174150235744af5d79bd67d8ced033e35

**Chart Data Source:** [**https://botsfolio.com/crypto-portfolios/Moon-Bucket**](https://botsfolio.com/crypto-portfolios/Moon-Bucket)",Crypto scams
Reddit,lottery,Solo miner wins $200K Bitcoin lottery with just 0.012% of hashrate,Crypto scams
Reddit,lottery,"The real lottery is ""lottery of birth"" Today while I was passing by a traffic signal, a homeless family was begging with 3 toddlers sitting on the pavement dressed in soiled clothes, unkempt and dirty. I instantly realised that the kids have not been that lucky with the ""lottery of birth"".

Lottery of birth - it's the advantage or disadvantage one inherits based on where, when and to whom they are born. 

Often I have had complaints in life as to why God had been so malevolant to me considering my own sufferings and longings. But I never realised that how lucky I have been from the lottery of birth point of view.

I have a loving family. My parents even though not that educated and financially sound never left a stone unturned to educate me despite I being born with congenital disease. They always looked forward with a sense of hope and worked hard to bring up their children. Their hard work paid off and I was lucky to have found a stable employment. I was lucky to have given them a quality life. I was lucky to have found love. Lucky to have managed my bad health. 

Yet something in me never lets me to rest or take a deep breath and relax. I am always anxious to the point that I feel whatever I have achieved is never enough. 

It pains me when I look at that child on the pavement and think about what kind of life is this to be born in poverty and to die in poverty. Struggling for survival and not having a dime of peace in life to reflect upon the virtues of life. 

People generally referring to' lottery of birth', state that how a certain someone born to a rich or influential parents has an advantage over them. The 'advantage' so mentioned is always in terms of material possessions and never in terms of the intellectual capabilities or just the basic necessities of live like a safe and stable home and family, education etc.

In today's world of busy schedules, work cultures, weakened moral compass and acquisitive society, we forget that this world is not just to everyone and that not all human beings win the lottery of birth.

",Life reflections
Reddit,lottery,"Odds of guessing a Seed Phrase vs Odds of winning $1.73B Lottery The Powerball, which is a multi-state lottery in the United States has now grown to $1.73B and is amongst the top lotteries in the world currently. 

The odds to win the jackpot are 1 in 292,201,338 *(292 million 201 thousand 338)* 
The overall odds of winning any powerball prize are about 1 in 25

Now, to calculate the odds of guessing an existing wallet we‚Äôll look at the current total wallets and the total possible wallets. We‚Äôll look at Ethereum for these calculations.

Total ETH wallets: 246,860,000
Possible ETH wallets: 1,461,501,637,330,902,918,203,684,832,716,283,019,655,932,542,976

So the odds of finding an existing wallet is approximately 1 in 5,920,363,770,735,015,415,413,993,718,908,291,383,296 *(5 duodecillion 920 undecillion 363 decillion 770 nonillion 735 octillion 15 septillion 415 sextillion 413 quintillion 993 quadrillion 718 trillion 908 billion 291 million 383 thousand 296)*

You‚Äôll have to win the Powerball Jackpot almost 10 times CONSECUTIVELY to be that lucky! 


Fun Fact: 

Even if you end up guessing the seed phrase to an existing wallet, there‚Äôs a very good chance it will be filled some airdropped shitcoins only!",Crypto scams
Reddit,lottery,"Crypto has its own kind of lottery - the Bitcoin Puzzle - and solving the easiest remaining problem will win you 6.6 BTC. I came across this and couldn't not share with you: The [Bitcoin Puzzle](https://privatekeys.pw/puzzles/bitcoin-puzzle-tx). In 2015, someone created the puzzle by creating 160 wallets and sending Bitcoin to each of them.

# Why?

Just for fun - and to show how secure bitcoin private keys are. Your seed phrase results in a 256-bit private key (256 0s and 1s). Guessing a particular private key is like winning PowerBall 9 times in a row.

# If Bitcoin private keys are so secure, how do I solve the puzzle?

Each private key was created with leading zeros, which means you will only have to guess the remaining bits. The first puzzle was too easy: just one bit. The key was 0000000000000000000000000000000000000000000000000000000000000001.

Each private key has one more bit and the first 65 have already been solved.

# What is the lowest hanging fruit?

Puzzle #66 offers **6.6 BTC** and has 66 bits to guess:

[source: privatekeys.pw](https://preview.redd.it/zwbta02ygmub1.png?width=1342&format=png&auto=webp&s=5744209c6ee9a0692089af1d5b8bd3ad79ee5f5c)

Here's the address: [13zb1hQbWVsc2S7ZTZnP2G4undNNpdh5so](https://privatekeys.pw/address/bitcoin/13zb1hQbWVsc2S7ZTZnP2G4undNNpdh5so)

# How - and how likely is a solution?

The most efficient way is to use a GPU. An RTX3080 can solve 1.6 billion keys per second, using [CuBitCrack](https://github.com/brichard19/BitCrack) on GitHub. It's an open source project written in Python\*. You'll find a tutorial there.

[CuBitCrack crunching numbers](https://preview.redd.it/sa1z3080mmub1.png?width=882&format=png&auto=webp&s=cfbc843c2cfcd2fbe6b7fb52e82415bb16905f23)

36,893,488,147,419,103,231 possible keys divided by 1,600,000,000 keys/s gives 2.3\*10^(10) seconds - or 731 years to guess them all. To guess 1% of all keys, it would take 2,668 days and consume about 19,215 kWh of electricity. With 10 cents per kWh this would cost you about $1,922.

6.6 BTC are worth $188k right now. That means you'd have a chance of 1% to win it for $1,922 which is slightly more than 1% of the price.

# Conclusion

It's a fun way to learn about bitcoin private keys and open source software written in Python. The **odds are better than playing the lottery and the expectation value is better too**! On the plus side: your computer can heat your office when it's cold, so the energy isn't wasted!

# /edit: Isn't it ironic - my first really successful post - one day before they pull the plug on Moons.

^(\*I've created a python script that uses random keys in a certain range with every start. Feel free to ask in the comments if you're interested. I didn't want to scare off readers by posting code.)",Crypto scams
Reddit,lottery,"11 Kerala women pool money to buy Rs 250 lottery ticket, win Rs 10 crore jackpot",Lotteries & Gambling
Reddit,lottery,"What is your current ""lottery ticket"" coin? Seems many people buy 10-100$ of a certain coin just in the case it goes up by X amount. They see it as a lottery ticket. I have seen mentions of Doge, Shib, Safemoon etc in the daily.

My current pick is Floki, bought it at the beginning of August and it's doing surprisingly well. Pure gamble ofcourse, and all it needed was a tweet from Musk that his dog arrived with the same name. But I'll take this X11 any day. Still holding to see where it goes. At this point it can only go higher.

So, what is your pick?",Crypto scams
Reddit,lottery,"Nerd Miner Review: I bought a BTC lottery miner, now I am an active part of the BTC network! After seeing a sall post in another subreddit I become very interested in this small device that can be definied as a ""lottery miner"", since the mining capabilities are really small, but it has a minimal hash rate and let you become part of the BTC network and help to secure it, even in a small way.

[This is the Github project](https://github.com/BitMaker-hub/NerdMiner_v2), it's open source.

[The Nerd Miner V2 with the \\""clock miner\\"" screen.](https://preview.redd.it/apyixpupsghb1.jpg?width=3024&format=pjpg&auto=webp&s=f01661f50e3e295fdded8689479f0572f46b2e44)

**Please be advised this is not a product advertising and I will not put in the post a link to buy it**. Also please note that the components of the NerdMiner can be bought separately and assembled together, using the open source files to let it make it work. This can save you up to 50% of the cost.

The Project uses a **LILYGO T-Display-S3 ESP32-S3 1.9 inch LCD Display Development Board**, with WIFI and Bluetooth. A **dual-core LX7 microprocessor** is installed. **Flash memory: 16MB, PSRAM: 8MB**, working with **3.3V power supply**.

It's defined as a ""**lottery miner**"" because it is like playing the lottery with a lesser chance to win. The main aim of this project is to let you learn more about bitcoin mining and be part of the network.

To explain the term ""**lottery miner**"": there is a very very small chance to mine a block alone with the nerd miner and earn (at the current rate) a little less than **6.25 BTC** (a bit of the reward goes to the mining pool).

The chance to mine a BTC block is solow to be close to 0, I think it's **17,500,000,000,000,000:1,** if I calculated it correctly.

**Power usage** is less than a conventional light bulb (**\~1.55W**)

**Hash rate** is approximately: **45 KH/s** (after the latest update)

**Power consumption details:**

Device 5V | 0.14A | 0.71W (using a measuring device)Black Fan 5V | 0.126A | 0.63W (manufacturer information)RGB Fan 5V | 0.13A | 0.65W (manufacturer information)

&#x200B;

[The \\""global stats\\"" screen](https://preview.redd.it/7imjmrvssghb1.jpg?width=3024&format=pjpg&auto=webp&s=8c097c43938b32c15fe5c8ab9650bcd29dcabab0)

The one that I bought came with a 3d printed case, with a small fan and a USB-C port (no USB C cable was provided). The fan is actually working but it's not really needed to ""cool down"" the device, and I deactivated it cause it was a bit noisy.

&#x200B;

[Nerd Miner default screen, with a pen for size comparison.](https://preview.redd.it/f4v55503tghb1.jpg?width=2864&format=pjpg&auto=webp&s=12d95658f66d8dba5c66941362281839ac16eef7)

The screen can be turned off by clicking the lower button, the device continue to work even when the screen is off.

[The setup screen](https://preview.redd.it/c8e5srapvghb1.jpg?width=275&format=pjpg&auto=webp&s=6929140aa9148b2b615772539985c3f583e50122)

The setup it's really easy. There are many guides and videos but they are not even needed. The first time that the Nerd Miner is connected to power it shows a QR code. Scanning the QR code connects a smartphone to the WiFi network of the device and then it requires insert the password in the page above and to connect the Nerd Miner to your home WiFi. You have the possibility to insert a BTC address and then save.

If the device it's powered off it automatically reconnect itself when powered back on.

[The internal part of the device. There is a small led that light's up when it's on and the fan can be connected to the LILYGO T-Display \(note: I have deactivated the fan in this image\).](https://preview.redd.it/sw5i6dqdtghb1.jpg?width=3024&format=pjpg&auto=webp&s=bf6302931c68dd9ca21108ad17b9e572ead8939f)

The Nerd Miner works even just with the LILYGO display, but the 3D printed case like mine is open source and the files are on the same github of the project. Some website already offers some customisation options for it.

[The Nerd Miner V2 classic LILYGO case.](https://preview.redd.it/utv6kvy2ughb1.jpg?width=1024&format=pjpg&auto=webp&s=990b60b42efd2a512428c4385c158584f2e92579)

Personally I bought the device with some BTC that I earned from an altcoin pump, it's so nice to have it on my office desk and I am really happy to be part of the BTC network, even with a minimal hash rate.

&#x200B;

**Disclaimer: This is not a financial advice. This post is just a discussion on a product that I've found really interesting. Always DYOR.**

**While commenting, please respect other's opinion (and mine)!**

&#x200B;

^(Note: I am not a native English speaker, if you find any mistake please point them out in the comments so I can correct them!)",Crypto scams
Reddit,lottery,"mom ruined her life and mine. Hi. The past couple of days have been incredibly rough for me. I hope I can explain everything in a way that makes sense.

My (27 yo) mom (63 yo) was involved in a scam. She did not know this was a scam. She was told she won $100,000 if she would give $50,000. These communications started on tiktok first and then moved to WhatsApp. The scammers claimed they were Julie Leach, a previous lottery winner. The scammers sent her checks and instructed her to cash $4,700 at a time, at various bank branches. She cashed $23,000 total. She broke this into smaller sums, sending them to three addresses that the scammers told her to send them. She put them in children books and mailed them via usps.

The only reason I knew this is because she's on my checking account. I noticed -$23,000 in my bank last Thursday and panicked. I called my bank to figure out what was going on and they told me my mom had been jumping bank to bank, cashing these checks. When I called her, she told me the story of what the scammers told her. All of my money I have been saving for years, which was $7,000 had been withdrawn in this process because of her. The bank is now telling me that if my mom doesn't pay back the $15,000 that is owed (because that is now the total if you don't include my $7,000), that I will be responsible.

I don't know what to do. All of my money is gone. I'm going to be held responsible if she doesn't pay up and I know she can't afford this and I definitely can't afford this. I just graduated college and am getting married next month. We've contacted the police, the FBI, and have obviously talked to the bank. The bank told me I'm no longer allowed to bank with them and won't help us at all because my mom willingly cashed the checks. I'm so confused why they allowed her to cash these checks and why I'm even involved in the first place.

Any advice?

UPDATE FOR ADDED CLARIFICATION:

I talked with my mom to confirm that I was understanding her correctly and she let me know that she deposited the checks that were sent to her, and then withdrew the amounts. She was under the impression that the money would be withdrawn from the scammers account, but she was ""writing checks to herself""",Lottery & Prize scams
Reddit,lottery,"Showerthought: Binance should create a lottery with all the Dust of its users. If you want to participate, you will donate your dust and become a ticket holder. At the end of the month, a winner gets the jackpot. I was thinking about this whole Dust discussion and this would be a nice little game next to all the other crypto emotions. I don't really care that much about my dust as it's not a lot compared to the volatile market out there. But all added together it could be a pretty big amount of money which could be sold out to a lucky winner each month/end of week/whatever fits best.",Crypto scams
Reddit,lottery,"I really hope on the next altcoin run people stop investing in shitcoins that makes the entire market look more like a lottery It's time to change, no more investing in Verge or shitcoins promoted by McAfee. We need to invest in quality projects and let those shitcoins die off. Good to see Bittrex delisting 80+ coins. Hopefully a lot of would-be shitcoin investment money will flow into quality projects/",Crypto scams
Reddit,lottery,"What would you do if you win a 100 crore lottery? At times I have wished i win a big lottery and just be a lazy ass doing nothing. But, lately I've realised after winning a big lottery it would make my life hellish boring if I don't work and laze around. I feel working towards your future makes your feel really good even if your have loads of money. So I think I would continue working even if I win this big of a lottery only difference being it would give me the freedom to work on my own terms. If it were you who won such a big lottery, what would you do?looking to get various perspectives",Lotteries & Gambling
Reddit,lottery,Hacker could‚Äôve printed unlimited ‚ÄòEther‚Äô but chose $2M bug bounty instead,Crypto scams
Reddit,lottery,"Elon should not be held up as a positive figure for crypto. Crypto is for the people not a plaything for the richest man in the world. How many of you are on minimum or low-paid jobs? How many of you struggled to get by during the pandemic? How many of you have families to take of and that keeps you up at night? How many of you fantasize about owning a house or a car but know you have a better chance of winning the lottery? 

Now how many of you are *depending* on crypto to get you out of your dire situation because you literally have no other options? 

I know from being on this sub a long time a lot of us are doing this because we are banking on crypto to get us out of the gutter and achieve a level of financial freedom our broken economic systems could never help us achieve. 99% of the posts you see here aren't of people hoping to become millions despite all our joking about moons and Lambos. The majority of ""cashing out"" posts you see are for modest, reasonable goals. Going to college, taking care of elderly parents, getting by in poor countries, owning a house. These are all things that in our age of technological advancement and productivity should be considered bare essentials and yet here we are betting it all on magic meme money to save us and give us the minimum we hoped for out of life.

Musk, Bezos, Zuckerberg, and the rest of them are literal symbols of the broken systems that have led us here and necessitated the creation of crypto to allow us to claw back a tiny bit of agency in this crazy world. Their bloated assets, larger than many countries' GDP, give them the kind of power 1000 ancient kings couldn't even dream of. They aren't on our side. If there was the mere hint that crypto could threaten their status or wealth you bet your ass they would turn on us in a second. 

Don't simp for Musk if he pumps your bags for a few days, he didn't make his billions by helping people intentionally. Crypto is for the people now and always.",Crypto scams
Reddit,lottery,"Tried the Pancake Swap lottery with one ticket on an absolute first-time whim, won 60 CAKE (worth $870) Absolutely do not enter the lottery on Pancake Swap. Lotteries are dumb. You will lose all the money you could be staking instead. The chance of winning anything is near-zero. You will not win anything. Every ticket costs around $5. It's not worth it. It's silly and stupid to put money into lotteries.

However...

...I tried it yesterday on a whim because I was bored and happened to have 0.4 CAKE in my wallet. Bought one ticket for 0.35 CAKE (about $5), didn't change the numbers. Today I found out I won 60 CAKE worth $870. Beyond lucky.

Why am I telling you this? Because I can't tell family or friends due to Crypto Rule #5 (never tell friends or family how much crypto you have). But the story is so lucky I had to share with *someone*. And none of you moon-loving bastards know me.

Swapped the 60 CAKE for 870 USDC and staked it straight into the aave pool on Curve, boom.

BOW TO ME, I AM THE GOLDEN GODDESS

The lucky sequence:

https://preview.redd.it/8hh0yjn39ga71.png?width=642&format=png&auto=webp&s=b29de90a7156c6f99e0cb0ddcd130d89df98f7c1",Crypto scams
Reddit,lottery,"I've retired thanks to crypto, but there's something very few people think about or tell you: boredom hits hard TL;DR: do not stop working/studying when/if you get rich through crypto (or by any other means). Set up your own business, study something you love or whatever. Just make sure your brain will keep doing some exercise and that you'll be part of some group/society.

Seeing so many posts about when lambo, when moon etc., I see myself a few years ago discovering that I could finally hasten by \~10 years my retirement (I'm in my 60's now). Damn, was I happy about that. I could finally erase all my debt, travel without worrying about days off being discounted of my paycheck, spend lots of time with my family and buy some of the stuff I've always wanted. In \~6 months my life changed really hard, and for the better! I gave my grand kids a nice trip do Disney and paid the wedding of my youngest daughter. Suddenly everything fit perfectly.

After 7-8 months, then, I got myself thinking like ""so... is this it?"". I was not happy anymore. Don't get me wrong: I wasn't *unhappy*, but I wasn't happy either. I would wake up everyday, go for a walk, pass by some bakery and buy some stuff, and get back home to surf on the web. I could of course travel to wherever I wanted, but what for? 

Friends came in asking for money and I never heard from them again. Some relatives thought I'd won the lottery and suddenly became extremely friendly and helpful, even though literally no one but my daughter and her husband were here at my wife's funeral. 

At the end, I've decided to go back to studying and finally entered college. It changed my way of perceiving the world and now I'm quite happy. I've also volunteered at some NGOs in my city and it helped me to keep my pace with society.

So my advice is that you need to get prepared to deal with boredom. We grow up with our parents telling us to go to school, have a job, a car, a house and that this is life. But when you suddenly have the car, the house and everything else, what's left? Do something for yourself and have this in mind. 

Boredom hits hard and you need to get prepared to deal with it.

Godspeed to you all!

EDIT: wow, never expected so many reactions to this post! Thanks for the love you all! Will try to reply to some comments soon.

EDIT2: My DM box is flooded with people asking for advice. I did NOT day trade, I simply held whatever I had. I was lucky to be at the right place and time to acquire cheap coins that happened to moon in 2017.

EDIT3: People in the comments saying it‚Äôs my fault for not thinking about other aspects of life before having money. You can‚Äôt be much of a philosopher without having had the time or money to study. I had to work to eat and lived from paycheck to paycheck for a fair amount of time. All my worries were immediate.",Crypto scams
Reddit,lottery,"Alt coin funeral. This cycle is the end for alt coins. 

Not the end as in they‚Äôre all going to be moot. But the end as in an incredible number of people, especially those who‚Äôve made it through 2 cycles, are going all in on bitcoin after the winter. 

The tides are changing and it turns out the bitcoin maxis have been right all along. 

There are an infinite number of alt coins, but there‚Äôs only 1 bitcoin. 

Every year there will be new alt coins fighting for a 10 ten spot. All it‚Äôll do is further dilute the alt coin market cap. People will be burned out with trading and pivot towards long term investment, and there‚Äôs only 1 place where it makes sense to park your investment. 

Bitcoin. 

I‚Äôm balls deep in alts. I have almost no bitcoin. But I‚Äôm realizing I‚Äôm tired of the game. Sick of hoping I choose the right altcoins only for 75% of them to flop around for years. 

It‚Äôs not worth the mental energy. I‚Äôd be better off parking in bitcoin, DCA over the course of 10 years, instead of trying to diversify amongst alt coins & hope that every 4 years I have a *chance* of making life changing money. 

The hype trains will continue but most will ride to the top then ride it back down. And it‚Äôs not that I don‚Äôt believe in advanced decentralized tech that is better and faster or more useful than bitcoin. I just don‚Äôt believe that in the long run, the average person will make out like a bandit by picking right relative to just DCA into bitcoin indefinitely, which is a change from markets or the past. 

Alts will dilute indefinitely. Bitcoin will grow against the dollar indefinitely. Better to spend the mental energy finding ways to fiat mine to buy bitcoin than finding ways to hit the lottery in the alt coin market. 

That time has come and passed for the VAST majority of traders. 

",Crypto scams
Reddit,lottery,Exposed: Congressman Trying to ‚ÄòShut Down‚Äô Crypto Gets Biggest Donations From Big Banks,
Reddit,lottery,You'd never play the lottery but are all-in on crypto. What's the difference?,Crypto scams
Reddit,lottery,"If you won the lottery tomorrow, would you invest some into crypto? If you won even just a solid 1 million dollars tomorrow, would you reinvest some of it into crypto? Or blow your whole wad? 

I see a ton of people in this sub talk about what nice cars they are going to buy when their crypto yields big gains. It‚Äôs all well and good to treat yourself, especially if you came into a lot of money all of the sudden. But I feel like most of you would reinvest this into crypto in order to CONTINUE making money off your gains. 

Maybe it depends on your age or where you are at financially but how many of you would take the money and run, and how many of you would put some of that money to work?",Lotteries & Gambling
Reddit,lottery,"How many of you guys actually made money with crypto? Crypto is depicted as a relatively ‚Äúeasy‚Äù way to make money. Obviously that isn‚Äôt really the true. I find it more like a lottery than a easy income source if you trade with altcoins. So how many of you guys actually 2x, 5x, 10x or even 100x your money in crypto? And how many of you actually lost money so far? Do you consider crypto as a good way of making money if you do it smartly? Do you feel like crypto is easier to make money with than some other maybe more traditional methods? Do you feel like you can keep getting consistent results if you know what you‚Äôre doing?",Crypto scams
Reddit,lottery,77% of DMK‚Äôs electoral bond money came from ‚Äòlottery king‚Äô Santiago Martin,Political corruption & fraud
Reddit,lottery,"I've created a worldwide DeFi lottery system on ETH that can be entered by simply holding an ERC20 token, and am giving it out for free We released it as a token called LOTTO. You can claim a small amount for free if you held any DeFi tokens like LINK, AAVE, UNI, COMP, SNX, etc during the snapshot on January 18th, 2021 at 6 AM EST: [LOTTO Claim Page](https://www.lotto.finance/claim)

Here's how it works:

On Tuesdays and Fridays at 8 PM EST, the startGame() function (built into the LOTTO token code) is called. This function pulls 5 LOTTO from all user balances, pools it together, and gives it all to one user at random. This means if you hold LOTTO in your wallet that you can check your wallet one day and see thousands of dollars worth of LOTTO just appear there. Right now the jackpot is at 13450.50 LOTTO, which is $2421.09 at the current price on Uniswap. It's been getting bigger every week as the number of token holders goes up- we just passed 2800 LOTTO holders üî•üî•üî•

It's the most entertaining token you'll own, and we host the lotteries each week in the Discord/have a voice chat party starting 1 hour before each lottery.

It's listed on [Uniswap](https://info.uniswap.org/token/0xb0dfd28d3cf7a5897c694904ace292539242f858) and a few other exchanges like [Whitebit](https://whitebit.com/trade-pro/LOTTO_USDT?type=spot). I'm open to answering any questions you guys might have about this!",Crypto scams
Reddit,lottery,"I've been on this sub for around a week, now I understand why people lose money when they follow people's advice on here Yesterday i made a post about scam coins with no real value. I expected to see common sense and critical thinking, criticism against shitcoins.
Unfortunately what I saw was universal love for shitcoins, how people see them as their winning lottery tickets. What's 20$, if it moons I will win a lot, if it gets rugpulled I lose only 20$.

Everyone here screams adoption this adoption that, but nobody realizes that every time they support a scam coin they don't only lose money, they take a giant shit on crypto's credibility.

You're wondering why your parents think crypto is a ponzi, while you put yet another 50$ on a rugpull doge clone. Maybe you're a part of the problem mate.

Yes scams will happen always but when the hive mentality ""its only 20/50$"" still exists, crypto will never be taken seriously and adopted at large.

Scams coins aren't gonna stop existing until the demand of them is non existant. And it's not a big amount but if 3.5mil people start using their brains and not their get overwhelmed by their ""where lambo"" mentality things might get a little bit better.

Stop spending your money in shitcoins and DYOR. Don't make exploiters rich. Be the better person.

THINK ABOUT THE LONG GAME!!!",Crypto scams
Reddit,lottery,"Shower thought: Some hodlers might already have bought the next life-changing lottery ticket. We don't know who these lucky people are. But they might already be out there, walking among us. 

People who've already stumbled upon just the right crypto and bought just enough at just the right time to make life-changing gains somewhere down the line. 

People who may have thought long and hard about what to buy. And people who just bought a little something on a whim. 

People who might hodl for years, hanging on stoically despite the temptation to sell. And some people who might lose their wallet down the back of the sofa until they see their coin one fine day on the news.

Just think, it could be you... :) I hope it is!

(Mandatory: Hodling isn't the only valid strategy, and the whole crypto market could, of course, collapse. DYOR etc.)",Other
Reddit,lottery,"(US) Won lottery and giving away money scam So I had this lady follow me on twitter and, she didn‚Äôt send me any messages or anything, so I looked at her profile and it says she won the lottery and she‚Äôs giving money to people who need it. Her page is full of videos of people who are showing money and thanking her for the money, so I just out of curiosity sent her a message saying hey I need some money what‚Äôs up, so she asked what do I need it for, and I just told her a few things, and so she‚Äôs like okay I‚Äôll send you the money but you have to promise that you will make a video thanking her for it once I get it, and so I was like sure, absolutely, then she asked me for my shipping information so she can send it. Now at this point I stopped replying, so what is the end game here? Where does the scam come in? At what point is she going to turn the tables?",Lottery & Prize scams
Reddit,lottery,"Why do people still compare investing into altcoins like gambling with lottery?! First at all let's define what gambling is:

> **Gambling** (also known as **betting** or **gaming**) is the wagering of something of [value](https://en.wikipedia.org/wiki/Value_(economics)) (""the stakes"") on a [random event](https://en.wikipedia.org/wiki/Event_(probability_theory)) with the intent of winning something else of value, where instances of [strategy](https://en.wikipedia.org/wiki/Strategy_(game_theory)) are discounted. 

*\~Wikipedia*

And what does investment mean:

[from Investopedia](https://preview.redd.it/cwacgjv2do9c1.png?width=871&format=png&auto=webp&s=d9154ab7a8b7e66fe36fc54143cea39e1bee7c86)

Playing the *""Powerball""* \- lottery, you pick 5 out of 69 numbers *plus* 1 out of 26 random numbers. The odds to hit the jackpot is 1 in 292,201,338.

If you lost your bet, you lost.<-This is gambling

When it comes to invest in altcoins, there are many many factors that can come in play. You can do due diligence: 

\- check the dev team behind the project

\- check the tokenomics

\- consider macro economic/ political factors

\- compare market valuation of the project to similar projects

\- technical analysis

\- countless more ways

You can always back off a bad investment and invest into another more promising one to re-balance one's portfolio. As long as the investor doesn't blindly yolo-ing all their life-saving into a memecoin, even a small investment into memecoin is worth a invesment when done correctly.

I hope I could clarify the difference between gambling and investing as I unfortunately see so many here to call investing into alts like playing lottery.

**TL;DR: Investing in altcoins is clearly not gambling**",Other
Reddit,lottery,Lottery money giveaway scam? This guy is saying he'll give $5k away but requires a $30 registration fee so people don't claim it twice ...,Lottery & Prize scams
Reddit,lottery,Odds of winning Powerball (Lottery) vs guessing one bitcoin private key,Crypto scams
Reddit,lottery,"Banks/government worried about the dangers of crypto on behalf of their users? Then why gambling/lottery/regular stocks? I have read it far too often. Someone who was unable to send their money to an exchange. Someone who had their bank account frozen due to ‚Äúsuspicious‚Äù behavior, while they just wanted to partake in the crypto ecosystem.

So much so called ‚Äúworry‚Äù from institutions that have proven to not be particularly interested in the wellbeing of their customers/citizens.

If they were afraid for people to get scammed, they would ban :

.lotteries (the chances of winning this are smaller than doge hitting 1$ and that is saying something)

.gambling (as with lotteries, the odds are very much not in your favor. The house always wins)

.tell sell commercials (that sweat belt will not help you lose weight)

.regular stocks. (They do everything crypto does, but slower)

This should be your auto response whenever someone expresses concern, about your holdings.

Its not concern, its wanting a piece of your pie.",Crypto scams
Reddit,lottery,"Hi everyone! We are giving away a total of ~4000 USD worth of Banano (420069 BAN) split amongst each and every one of you! No strings attached! \*\*\*UPDATE\*\*\* 
We have sent out TONS of rewards so far, and as a huge THANK YOU, we are sending out MUCH MORE to each of you who have already submitted as of writing this! Our aim is 75% of the intended funds to be distributed in this manner, followed by 25% in a LOTTERY! 

*** Lottery Update: winners drawn and funds sent!***

https://www.reddit.com/r/banano/comments/tctq0a/giveaway_lottery_winners_53638_ban_to_each_winner/

Thanks again, folks! 
\------ 


As the title states this is a giveaway to all of you with kind regards from r/banano. The only thing you need to do is *comment your Banano address* and you will receive some. In order for you to get yourself Banano, simply download the official wallet [Kalium](https://kalium.banano.cc) or use our [web wallet](https://vault.banano.cc). Setting up a wallet only takes a minute or so and wont cost you anything.

## What is Banano?

Banano is an instant, fee-less and eco-friendly cryptocurrency founded in 2018 and probably inhabits the most friendly and funny community in all of crypto. In fact, this endorsement (or just call it a kind note) should tell you all you need to know:

[https://www.reddit.com/r/banano/comments/n9oz27/creator\_of\_dogecoin\_here\_was\_told\_to\_check\_this/](https://www.reddit.com/r/banano/comments/n9oz27/creator_of_dogecoin_here_was_told_to_check_this/)

&#x200B;

[https:\/\/www.reddit.com\/r\/banano\/comments\/n9oz27\/creator\_of\_dogecoin\_here\_was\_told\_to\_check\_this\/](https://preview.redd.it/fgjskua97sl81.png?width=751&format=png&auto=webp&s=33b9485b4db1ca575c8382dffb44ec8bc1a867df)

**Importantly, Banano has been distributed entirely for free since April 1, 2018.**

Banano has ongoing development since years and has experimented with hundreds of different ways of distribution since then, while keeping the onboarding of noobs and the education of users as a **priority**. For example, we set up [Bananominer.com](https://bananominer.com/) which simply means we are rewarding users to contribute to Folding@Home with BAN - while Banano itself doesn‚Äôt require mining. This incentive to support medical research has led Banano into the top folding teams of all time! Stats can be found [here](https://stats.foldingathome.org/team).Want more free Banano? Try out these [faucets](https://www.reddit.com/r/banano/comments/nyb4ch/faucet_list/) and join our community ([Reddit](https://www.reddit.com/r/banano/) and [Discord](https://chat.banano.cc/) being the most active channels), we have loads of different ways to get free BANANO all the time.

Also, in recent times we started to wrap Banano and bring wBAN to Binance Smart Chain, Polygon and since yesterday also to the [Fantom network](https://fantom.banano.cc).

To better understand what Banano is, check out our [website](https://banano.cc) and **particularly our** [meme-rich Yellowpaper](https://banano.cc/yellowpaper). For help getting started and relevant links check out [banano.how](https://banano.how).

THANK YOU to r/CC for letting us do this, and we'll see YOU in the Jungle!",Crypto scams
Reddit,lottery,"LOTTERY WINNER, MAVIS WANCZYK ""NOT"" Hello,
I D/L BlueSky 2 wks ago and was contacted by a female telling me I was selected to receive a money award, I went back & forth with her even getting a video from her saying my name and that i was to receive $50K, She sent a pic of her with her driver's lic, & a MA. I.D., after D/L Cash App I deposited $500, then she says the certicate was an additional $1000, an was instructed to buy Apple Gift Cards(store only allows) 2-3 $100 cards because of scams, then D/L Paypal and tried to send her the remaining balance of $800, PAYPAL sent a refusal saying it was most likely a scam. She then requested a wire transfer or Zelle both denied transfer, mind you I was always suspicious all along but she constantly reassured me this was not a scam and that the funds and certificate were ready to send FedEx, by this time I had enough and told her to stick it were the sun don't shine and blocked the number, the next day she texted from a different number again I told her to go f... herself and blocked the number, again this morning another different number, again I just blocked the number. I ended up losing about $750, anyway it's not alot of money most people would say but it put a crimp on my finances. I explained to her that I was on a fixed budget, but she reassured me that I would be very happy when I recieved the funds. Lesson learned, these animals are bottom dwellers, mud suckers, relentless scum, who get off on PEOPLE'S suffrage. BEWARE OF THESE SCAMMERS!

",Lottery & Prize scams
Reddit,lottery,"[AU] Potential Lottery Scam - My Charity Raffle Hey everyone,

I‚Äôve been following this Australian company called My Charity Raffle (not sure if anyone else has come across them), and something feels a bit off.

They run charity raffles where you can win luxury trips and experiences, supposedly in support of various causes. But I‚Äôve noticed two things that raise red flags:

	1.	No Transparency on Donations: I can‚Äôt find anywhere on their website or social media that explains how much of the ticket price actually goes to charity. For something that markets itself as a charity raffle, you‚Äôd think they‚Äôd be up front about what percentage supports the cause vs. admin/marketing costs. I always do the 50:50 charity raffle because at least that‚Äôs clear!

	2.	Same Winner, Multiple Times: The same woman keeps appearing, always going on the luxury trips. It‚Äôs hard not to question the legitimacy of the draws when the same name/photo pops up again and again.

Has anyone else noticed this? Or had any experience with them (good or bad)? Just trying to figure out if this is a legit operation or if it‚Äôs more of a marketing front with minimal charitable impact.

Would love to hear thoughts or any info others have dug up.
",Lottery & Prize scams
Reddit,lottery,"$1,800,000 was stolen from Binance Smart Chain PancakeSwap Lottery Pool",Crypto scams
Reddit,lottery,"Weighted H-1B visa system might end lottery-based model after DHS proposal WITCH watch out, the days of gaming the system looks to be finally over",Job scams
Reddit,lottery,"Influencer accidentally reveals his seedphrase on a stream, loses everything (around $50k) **PSA**: this was [posted yesterday by another user](https://np.reddit.com/r/CryptoCurrency/comments/165xc49/brazilian_crypto_streamer_shows_private_keys/), but it was a mere Twitter link in Portuguese. I have dug into the story and translated everything to share here, so that we can understand what happened.

The influencer is Ivan Bianco, who has a channel in Portuguese about crypto. He was talking about his DeFi earnings. He was trying to access his Gala account (crypto-related gaming stuff). He wasn't with his phone and had to open a password file to actually make the login.

&#x200B;

>""Let me log in here folks, on the other screen so that I don't show my account details. \[...\] I'm not logged in and my smartphone isn't here with me now.""

He then proceeds to open Windows explorer and drags the files for a second screen. However, when he opens a ""back.txt"" file, it appears on the shared screen and everyone could see it:

https://preview.redd.it/4a60xt02wflb1.jpg?width=1536&format=pjpg&auto=webp&s=13169e25c13e8819c3cbd582d72cf33acf6a114f

>""Fuck, I screwed up big time! Will have to close the stream and I explain later on. I fucked up big, big time"", he said immediately, closing the stream afterwards.

Someone was faster than him, though. A few hours later he did another stream, crying and stating that it was his lifesavings (around $50k USD) and that everything he has comes from DeFi.

>""He stole everything man, the money of a lifetime. I can't believe I did this, that I screwed this up""

He then pledged the thief to give it back, because he wouldn't even have money to pay his bills because, again everything comes from DeFi. Apparently, the thief returned part of the funds, but I wasn't able to verify how much.

# Well...

1. Don't store your seed phrase digitally. Ever.;

2. Even people who apparently know more than the average Joe can screw up big time;

# TL;DR

Mate opened his seedphrase while live on YouTube, someone stole his wallet. Part of the funds were returned.

&#x200B;

&#x200B;

&#x200B;

&#x200B;",Crypto scams
Reddit,lottery,"Instagram lottery scam Someone followed me and said he was giving money away because he won the lottery, I just have to pay 150 for the transfer. Is this a real thing that I should trust or should I just block him?",Other
Reddit,lottery,"I will never trust any of you cowards ever again! I trusted all of you. You said you would HODL.

&#x200B;

Instead you SODL.

Your bloodlines will be forgotten in history. The gene pool will weed you out as inadequate. The future generations you unfortunately spawn, while they last, will be poor and dumb.

Is that what you want for your children and their children? Poor and dumb? Too bad, that's what they're going to be. All because you sold during the bear market in a moment of weakness.

We were brothers and sisters in arms. A valiant group of individuals hellbent on changing the world. It turns out there are only a few of us with true strength, both mentally and physically. We've been stabbed in the back by short sighted individuals who are scared easily into selling at a loss.

Take this as a call to arms. A wake-up call. I am insisting that you all HODL. We will defeat the bears and feast on their flesh and blood on a glorious round table with the finest mutton, mead, and life changing profits. Our future generations will be smart, rich, and attractive.

We will become stronger than ever if only you have the courage.

HODL.",Crypto scams
Reddit,lottery,"If You‚Äôre Lucky and Make Money from Crypto and Friends or Family Ask About it, Don‚Äôt Say Anything The world is full of stories of people who win the lottery or come into money and end up ruining their lives. Why? Because they can‚Äôt help but talk about it. Celebrating with friends or family, sounds like the right thing to do, but pretty much right away people will begin demanding money. Some will ask for it for personal projects or investments, but most will ‚Äúneed‚Äù it for a car, medical care or housing costs. It will never need, even if you don‚Äôt make that much. The news is even sadly littered with stories of ‚Äúlucky‚Äù people who were murdered for their winnings.

This is not meant to say you can‚Äôt help people. Of course you can. Do it quietly if you have to, but don‚Äôt say where the money came from. Just say you saved up or had a good year and ‚Äúloan‚Äù them that $500 for the car or whatever, but don‚Äôt expect it to come back. Really, donating to a charity can also be a great thing to do to if you‚Äôre fortunate. 

Good luck and stay safe out there!",Lotteries & Gambling
Reddit,lottery,"How to consistently make returns from the Crypto market! : I analyzed ~2,000 cryptocurrencies over the past 8 years to create an effective DCA strategy for the crypto market We have all come across news articles that discuss people who made insane gains in the crypto market like the [trader who turned $17 into \~6MM](https://www.benzinga.com/markets/cryptocurrency/21/05/21076574/he-invested-17-in-shiba-inu-now-he-has-almost-6m) or [Dogecoin millionaires](https://www.cnbc.com/2021/07/06/millennial-dogecoin-millionaire-on-being-paid-in-dogecoin.html) who invested a considerable amount right at the beginning of the rally.

But the problem with these strategies is that it‚Äôs heavily based on luck and for every winner, there would be hundreds of folks who lost all of their investment \[1\]. While it‚Äôs great to be that guy who made a 1,00,000% gain in an investment, the realistic chances of that happening is slim to none.

So in my first-ever analysis covering the crypto market, we are diving deep into the data to create a strategy that will give us consistent returns year over year while trying to minimize the downside.

[ ](https://preview.redd.it/yy9ggzm81fu71.png?width=1728&format=png&auto=webp&s=7311d222188eba337e5532be8ea09a166225d746)

**Data**

There were a number of sources available for cryptocurrency data, but many of these sources had issues - They were either expensive, incomplete, or required separate signups. After extensive testing, I decided on a single source that solved many of these issues.

The data for this analysis was extracted using the [CoinGecko API](https://www.coingecko.com/) which had aggregated historical data across 317 different exchanges related to price, market capital, and the trading volume for thousands of cryptocurrencies. In most cases, the data was available even up to the time that the cryptocurrencies were initially listed!

All the data used in the analysis is shared as a Google sheet at the end.

https://preview.redd.it/po5nxrq81fu71.png?width=1728&format=png&auto=webp&s=06a90c560dd42691def6131829a8c74a36e05f66

**Results**

https://preview.redd.it/ultgwwqa1fu71.png?width=623&format=png&auto=webp&s=ddc9b8361d413045f9b90cd92a055e38fd3e3a81

Daily price and volume data for 1,985 cryptos were collected with data going back up to 2013 for some currencies. If you compare the first listing price on the exchange and the latest available price, only 40% of them have gained in value.

[ ](https://preview.redd.it/ijtwk4sb1fu71.png?width=739&format=png&auto=webp&s=08bf6014e8ad84dd9a860c4924bceb7feef9cfb6)

Even though you have slightly less than a coin toss probability of picking a winner, the average gain across the currencies was a whopping 3048%! What is more interesting is the impact of outliers. If you just remove the top 1% of the currencies, the returns drop down to 641% and if you remove top 5% of the currencies, your return would only be slightly higher than the S&P500!

Now the challenge becomes a question of how to make sure that you are consistently picking the top currencies that will gain in value over time. While you can try your luck at picking something that will end up in the top 1% and then get featured in the news for insane gains, the chances that you will pull it off are very low.

What I have tried to create is a Dollar Cost Averaging strategy for the Crypto market based on the popularity/trading volume of the Currency. Before we jump into the exact strategy, here is a visualization of how the Crypto market has changed over the years.

[ ](https://i.redd.it/x3prca6d1fu71.gif)

*In case the visualization is not loading in Reddit,* [*check it out here*](https://public.flourish.studio/visualisation/7551046/)*.*

As you can see there has been a lot of turnover over the years with a few currencies maintaining their top 10 positions.

The strategy I have created is simple. On the 1st of every month, you check what the top-10 \[2\] traded currencies of the last month were and invest in them. For example, if I am investing $100 on 1st Nov 2021, I will check what were the most traded (i.e popular) cryptos in the past month (in this case Oct'21) and then invest in that. By following this strategy, you are not jumping into any investment. You are just methodologically checking the popular cryptos at the beginning of the month and investing in them.¬†

The underlying principle was to create a straightforward strategy that can be followed by anyone without luck coming into the factor.¬†Now there would be two ways to invest in the top 10 currencies. You can either split your investment equally across the cryptocurrencies or split it in the proportion to the traded volume.

[ ](https://preview.redd.it/8z1psb4q1fu71.png?width=692&format=png&auto=webp&s=b43708b7921772b4c27afa6655ce5e1067b971fe)

Both strategies give amazing returns but equally splitting your investment produces almost double the weighted average split. This is mainly due to these reasons:

* As we saw from the trading volume chart, the volume is ***extremely skewed*** towards Bitcoin. So if you do the weighted average split, most of your investment will go into Bitcoin and your returns would be pegged majorly to Bitcoin.
* By doing an equal split, you are taking on much higher risk (as you are investing in relatively smaller cryptos) and you are being rewarded for the extra risk you took. \[3\]

But now you would be wondering whether this is applicable only for those who started in 2014. Sure, they would have made money in the crypto market.

What if I had started late? Would my returns be significant enough to follow this strategy?

https://preview.redd.it/djmu593r1fu71.png?width=911&format=png&auto=webp&s=cbaae2139fc3fcc8d41f5d9050ebc692e64e3a90

This chart should put all the apprehensions to rest. No matter which year we had started, by following the DCA strategy, we would have made a significant return on our investment \[4\].

[ ](https://preview.redd.it/z3y73in81fu71.png?width=1728&format=png&auto=webp&s=ad5e60b20c42f2c2d162ff364c59e4482536f174)

**Limitations**

This analysis comes with its own limitations.

* We are relying on the data produced by one company (CoinGecko). While they track more than 300 exchanges, we might have missed out on some other popular cryptos that were not traded in the exchanges tracked by CoinGecko
* There are [more than 2200 dead coins](https://www.coinopsy.com/dead-coins/#other) \- but the majority of them were not listed on any big exchange (due to which we won't have data) and if particular crypto became popular (like top 100 in trading volume) at any time, the chances of them dying out completely is very low. (In the 2,000 cryptos we have data for, from 2013, only 3% became inactive completely)

[ ](https://preview.redd.it/lq950go81fu71.png?width=1728&format=png&auto=webp&s=b363b8d322a5ebcc66e110e63c0c2c974e702f8e)

**Conclusion**

While there are [index funds/tokenized ETF‚Äô](https://www.bitwiseinvestments.com/funds/Bitwise-10)s available for Cryptos, they usually charge an exorbitant expense ratio (Bitwise Index fund charges a whopping 2.5% \[5\]) and have not been around for long enough to reliably trust them with your funds.

It certainly is alluring to be that guy who can now retire after [making a $17 investment](https://www.benzinga.com/markets/cryptocurrency/21/05/21076574/he-invested-17-in-shiba-inu-now-he-has-almost-6m) in the right cryptocurrency. But then again, you have similar chances of winning the lottery.

Certainly, you can invest in one currency if you completely believe in its long-term prospects and viability. For the rest of us who might not have the time and capabilities to research and invest in individual cryptocurrencies, I guess the 10,000%+ return on your invested amount is plenty good enough!

[ ](https://preview.redd.it/nc9u42p81fu71.png?width=1728&format=png&auto=webp&s=7540e84037c5567335dd5e417a94d13287213fdd)

Price, Volume, and Market cap data collected for all Cryptos: [here](https://drive.google.com/file/d/11jtsghd_XcxIZgOFDUFkGYAe1vzvwXSz/view?usp=sharing) (It‚Äôs around 100MB in size and has \~1.2MM rows)

Analysis Sheet: [here](https://docs.google.com/spreadsheets/d/1mILuQILazut6ejI2zROTV_zW9Bngl0TOagzvAamQlus/edit?usp=sharing)

[ ](https://preview.redd.it/f2litlp81fu71.png?width=1728&format=png&auto=webp&s=78b2c3927d8222dfb4f6cf21877b9c123c791915)

**Footnotes**

\[1\] As we found later in the analysis, approximately 60% of the listed currency lost value over the tracking period.

\[2\] I took top-10 as it felt like a realistic number of cryptos to keep track of. The results would be different if you choose the top 100 or top 5. If you are planning on following this strategy, please optimize the number of cryptos based on your risk profile and the time you can invest in this exercise.

\[3\] Do note that extra returns are not always guaranteed just because you are taking a higher risk. There is a concept of Beta in stock markets. Beta measures the volatility of stocks. Investing in stocks having higher volatility (say +3 or +4) will net you higher returns when the market is going up but if the market turns, your losses also will be proportionally higher when compared to stable stocks.

\[4\] Even if you had started your investment at the peak of the 2016-17 rally, you would have made a 629% return to date.

\[5\] The below chart from Vanguard shows the impact of 2% fees over a 25 year period for a $100K investment.

https://preview.redd.it/rwthymku1fu71.png?width=286&format=png&auto=webp&s=9a0d3325c78530b9ea94acf7e339e7c5f50d58f5

*Disclaimer: I am not a financial advisor. Please do your own research before investing.*

Edit: For those who are asking how to see the most traded cryptos of the past month, you can go to coinmarketcap and then use customize filter and select the highlighted option. 

https://preview.redd.it/hf1cawh32gu71.png?width=851&format=png&auto=webp&s=6139799f8ffa05b4ac02ad5238ac768b04064e97

&#x200B;",Crypto scams
Reddit,lottery,"The crypto market is not a lottery or a casino, but if you enter it with that mentality it will treat you the same. Not financial advice. 

I have seen many people compare the crypto market to a casino or lottery system. With the lottery it is based on randomness and odds. Similarly, casinos are rigged to let most people lose, hence "" the house always wins. "" 

In crypto there are a variety of factors that determine the flow of the market or the worth of a coin. There is a speculative element that can be compared to gambling but even that isn't the same. 

If you're one of those people that gets your advice from YouTubers, influencers, and you generally aren't good at reading patterns or larger sentiment then you'll find yourself in hot water very quickly. 

My advice, learn to read patterns. Why is something valuable, or why do people perceive it to be? Are there development teams competing in that area? What is the latest trend that hasn't caught on yet but is being mentioned enough to not be a total coincidence? These are some questions. Read enough and eventually patterns start to reveal themselves. You'll be surprised at how good your own mind is at detecting patterns rather than some influencer trying to take you to the cleaners.",Crypto scams
Reddit,lottery,"Low Market Cap Altcoins (Lottery Tickets) that you believe will explode! The title says it all. I'm looking for a good low mcap altcoin which has a good team behind it, a good project, and probably a nice future! It's something not too many people know about but it's that secret little thing that you HODL in your wallets.

Really hoping to hear about some new exciting projects. Let me know in which projects you believe.",Crypto scams
Reddit,lottery,"Community lottery to spread moons to people who may not have as many moons as the daily shit poster idea I got downvoted for because it seemed as if I was begging for people to give me moons. 

This idea came to me when I thought about how if everyone gave someone just 1 moon. A person could have over 1 million moons.. although it would probably be less due to the non moon holders, bots, and people who opt out

Mods of the subreddit could make a lottery that would have people stake 1 moon for a chance to be randomly selected using some form of blockchain tech or some application that is capable of doing so. 

I know, why don‚Äôt I just contribute meaningful information and good content to the sub?! Yea That‚Äôs one way, But why not have another way. Is there any harm done by doing this other then work for the mods to do.

I think something positive that would come out of this would be the possibility of gaining more accounts with higher moon holdings rather then having a small amount of folks who have the bulk of moons due to daily shitposting or in general just having the ability to be more active in the community.

Edit: wasn‚Äôt aware of HODL bonus. This bonus can be retained if mods allow trades up to 1 moon each month.

Edit2: yes this is already a subreddit but it would be a bit different here still same idea. r/millionairemakers",Crypto scams
Reddit,lottery,Crypto to Be Lumped in With Lottery and Gambling if UK Accepts New Legislation,Phishing attempts
Reddit,crypto scam,"I just scammed a crypto scammer I have no friends who I can share this with so here goes:

I had multiple text messages saying my Kucoin account had a compromise or that someone is trying to withdraw and if it wasn't me then I should call this number. I ignored it multiple times as I knew it was a scam but after getting so many texts figured I will call them and fuck with them and take their time a bit.

The guy who picked up had a british accent and he said that I had a login from an iPhone in India and asked if it was me? From this point on I played along as best as I could and I thought I will take it as long as I can. They asked me to log in to my Kucoin account to check if I have my money and they asked of course what is the amount. I lied something absurd, I said all of my 16 BTC and 22.5 ETH is still available lol (I have max 100usdt on my account). You could hear their muffled reaction like yess they got the big catch hahah. 

From this point they made me download a trust wallet app and they gave me a seed phrase and made me log into their wallet with 0$ on it. They said this was a security wallet and I need to transfer all my funds from Kucoin to here. I was hesitating and asking a lot of questions to make it believable. He then guided me all through Kucoin and how to transfer my ETH, he said now transfer half of your ETH and I stopped and asked what, why half? Will the other half be lost?? And he said immediatley ""ahh no then do max, do all of it""ü§£. 

So then I bluffed that the transfer was complete but I don't see it on the trust wallet app. He said that he doesn't see the transaction on the ethereum network. I was playing dumb for a while and I said I even got a confirmation in the transaction history. At this point I asked him just to see how far I can take this, ""could you like send some money on to the trust wallet to check if its working?"". He said naah no way man not how it works etc and then after waiting a while and making me triple check, he made me hold the line for 10 mins and he came back and said he sent 5 dollars to the wallet and I should check. 

It was there so, of course I immediately transferred it to my account and told him that this was the worst scam I have ever seen and laughed my ass off.üòÇ He got pissed as hell told me to fuck off and said I have too much time on my hands and that after we hang up, he will make 10s of thousands scamming people and that he got all my details. Which when I asked about he couldn't really recall hahah. What a freaking team of losers.",Crypto scams
Reddit,crypto scam,Friend lost $600K in BTC scam My mom just told me this story. We have a family friend we‚Äôve known since 1990. He put 1/3 of his life savings in BTC. I‚Äôm not sure of the exact details but he put money into a crypto account and somehow his account got hacked and he‚Äôs out $600K. He‚Äôs been freaking out over the past few weeks because it was his kids college fund and also his personal retirement fund. This is just a reminder to everyone to be really careful with these types of investments. I know there is a lot of money being thrown into crypto and it will attract all the wrong types of attention. Keep your account locked down. Don‚Äôt answer phone calls or any messages at all about your account. Stay vigilant.,Crypto scams
Reddit,crypto scam,"I absolutely know its a scam but, how does this work? Opened my Coinbase Wallet to check something and found out I have half a BiLlIOn dollars. 

Some old shitcoin suddenly came back to life...

Am I understanding that if I did try and swap/trade this, if be paying someone some fees? Or, if I read this correctly, I'd be trying to pay half a billion in fees?

I get that its a scam. Just a new one to me. How did someone get the dead coin value to suddenly appear to be of value again? 

I won't be clicking on the button to try and sell/swap/trade. Was just a curiosity and maybe a warning for others.",Crypto scams
Reddit,crypto scam,"[AUS] Just got crypto scammed There were so many red flags here and I ignored them all.

Got a call from a private number (red flag) who said they were from Coinbase and that there had been an unexpected login attempt from New Zealand (I live in Australia). This has legitimately happened recently so I assumed it was another occurrence. He tells me that there will be an investigation and that I there might be times where my account is unavailable over the new few days. He then gives me a report code that I can use to speak with a customer service rep.

Guy (British accent) begins asking usual security questions about if I've shared my password with anyone blah blah but no information that seemed suspicious like an email or security code. Then he asked if I still had my 16 word code that I set up/received when I signed up for Coinbase, to which I replied I did not remember any such thing. He says that is okay and asks if I am in a place where anyone can hear me, to which I reply no. He then says to write down the following 16 word code (on paper, not my phone) without repeating it out loud. He then says that they recommend storing coins in a cold wallet which is stored only on my phone, rather than CB which is linked to email. 

Basically he spent a long time not making any moves and making it seem like he was 100 % concerned with the safety of my account. 

He then says that we need to move my funds to a cold wallet as they are going to close my CB acc as part of the investigation (RED FLAG RED FLAG) and it is usually best to keep them there as this is stored on my mobile, and only buying and selling through CB. It was around this point that I literally started thinking ""I feel uncomfortable with this, I should stop. Am I going to be scammed right now and lose $6000 because I'm worried of insulting someone on the phone and entering conflict?"" Alas.

He then asked me to link an existing wallet, and instructed me to enter the 16 word code that I wrote down. I thought at the time that this was linking to my Coinbase, and so I thought it lent legitamcy to his claim: how would be know this correct code if he wasn't from Coinbase? He then instructed me through the process of selecting a transfer code of a crypto type, moving back to Coinbase, and transferring all of that type of crypto. I did this for all I had, Bitcoin and ethereum.

He stayed on the line until my funds were ""safe"" then told me about the next steps of the investigation process and what I could expect to hear over the next few days. He told me to contact support with the reference with any questions, and wished me a good day. I went on with my afternoon.

It wasn't until an hour ago that I checked my cold wallet and saw that in addition to the ""receive"" transactions for both BTC and ETH, there were a matching set of ""sent"" transactions, for the full amount of both executed about 5 minutes after the first.

They buttered me up, read me out a fake code and tricked me into setting it as my passkey, then let themselves in.

All up I lost $4400 worth of BTC and $2500 of ETH. Bought both around 2020 when BTC was around $40k, so I was pretty pleased with my returns. Words can't begin to describe my embarrassment, shame, and anger. It could have been worse, but I should have twigged at ANY of the red flags.

Tl;DR: got convinced to move all of my crypto from Coinbase to a cold wallet from which it was promptly liberated.",Crypto scams
Reddit,crypto scam,Hawk Tuah girl stops questions on crypto 'scam' and says 'I'm going to bed',Crypto scams
Reddit,crypto scam,"Popular YouTuber steals US$500,000 from fans in crypto scam and shamelessly buys a new Tesla with the money",Crypto scams
Reddit,crypto scam,"You got SCAMMED. You didn't get HACKED! For God's sake learn the difference and if you think you got 'HACKED', write the details as to what happened so the community can learn what the f* happened and not panic for their crypto money. Crypto Wojak 1: ""Guys I got hacked. Lost $100 gazillion. My funds were on Metamask.""

Crypto Wojak 2: ""Oh fuck Metamask ffs!!!""

10 hours later:

Crypo Wojak 1: ""Oh guys I totally forgot to say this but I clicked a Discord link and they asked me to validate my wallet for free NFTs so I put in my seed phrase and after that my funds were drained. But lemme just write a post saying I got HACKED and METAMASK SUXXXX!!!!""

\---------------------

For fuck's sake, most of the people that lost their crypto money got SCAMMED, not HACKED. Did someone suddenly invent a quantum computer capable of breaking SHA-256 cryptography? Because that's literally what it takes to 'hack' your crypto wallet without your seed phrase. 

The whole point of crypto is that NOBODY, no MACHINE, no CIA, no NSA, no Illuminati, no Bogdanoff can HACK your crypto wallet, that's the whole fucking point of crypto ffs. So you can fucking imagine why ppl start to panic when some rando Wojaks that got scammed like a noob but cries out loud how he got 'hacked'. Then everyone starts to think 'what if this happened to me????' and 'does this mean Ledger and Metamask are not safu??'

If only people could be clear and write out step by step what actually happened and stop spreading these bullshit fear stories.",Crypto scams
Reddit,crypto scam,"3 Years Ago, One of the Biggest Crypto Scams Happened. SQUID Went from $0.009 to $2,861 and then the Rug got Pulled ""A digital token inspired by the popular South Korean Netflix series Squid Game has lost almost all of its value as it was revealed to be an apparent scam.

Squid, which marketed itself as a ""play-to-earn cryptocurrency"", had seen its price soar in recent days - surging by thousands of per cent.

criticised for not allowing people to resell their tokens.
This kind of scam is commonly called a ""rug pull"" by crypto investors.
This happens when the promoter of a digital token draws in buyers, stops trading activity and makes off with the money raised from sales.""

source: https://www.bbc.com/news/business-59129466",Crypto scams
Reddit,crypto scam,"The entire /r/XRP subreddit just fell for the most hyped and largest pump and dump scam in crypto history **EDIT:** [Proof the moderators of /r/XRP are absolute shitwads](https://i.imgur.com/uwK6EOs.png)

**EDIT 2:** Anddddd I just got banned from /r/XRP. Do the people of that subreddit a favor and start reporting it.

**EDIT 3:** [Just got banned from](https://i.imgur.com/ABcuZu6.png) /r/Ripple. Dear Christ.

**EDIT 4:** [The pump and dump group post is **still** up](https://www.reddit.com/r/XRP/comments/l989hf/xrp_pump_hold_telegram_group_now_has_over_125k/)

**EDIT 5:** Huge shoutout to the /r/cryptocurrency mods. You guys are amazing.

Me and a few friends tried to warn them but with all the Wallstreetbets and GME hype, it allowed a ton of crypto newcomers who didn't know what a ""pump and dump"" scheme is to get scammed.

This comes right after the large doge dump.

The worst part is, their moderators made no efforts to remove posts related to the scam. It is reported that /u/nvok (a moderator of /r/Ripple and /r/XRP) and fellow moderators were allowing the scam to be promoted and were removing posts that were negative towards it. They also ban any users that critique Ripple or XRP (the token of Ripple). It is unknown if they were involved in the scam, but it is evident they failed to educate their users.

Feel free to **report both of those subreddits** by contacting reddit admins. You can find any post in /r/Ripple or /r/XRP and report it via the reddit contact us page as there is no other direct way to report a subreddit. They, /u/nvok and other moderators need to be investigated.",Crypto scams
Reddit,crypto scam,Logan Paul threatens to sue Coffeezilla over CryptoZoo scam accusations,Crypto scams
Reddit,crypto scam,"Donald Trump just did an interview on Fox News where he said ‚ÄúI have not been a big fan of cryptos‚Äù and has called it a ""scam"" in the past. As the crypto market continues to climb today, we can add him to the list of celebrities that has no effect on the markets",Crypto scams
Reddit,crypto scam,"Idgaf... I'm leaving my coins on an exchange where it is insured... Too many scams out there that even crypto vets are falling for. Last night several threads warned about Trezor phishing scam and almost on cue, today I read a post by 7 year crypto veteran that he fell for it and lost everything, about $72,000 in Bitcoin.

It can happen to anyone. You're tired, arguing with your gf, distracted, etc... nobody is perfect. He lost everything. I can't afford that. Shit gives me nightmares.

I've been intending to buy a Trezor for some time now, but I keep hesitating. I've been so nervous about the whole thing. What if I lose my seed phrase? I live n NYC, someone breaks into my apartment, a fire, collapse, etc.. call me paranoid.

Now that Coinbase One offers insurance, I'm not even going to worry about cold storage. I sleep better this way. I don't care about all the ""not your keys not your coins"" arguments. I have a legally enforceable contract with Coinbase now that I pay for.

True, it's price is kinda steep at $30 a month, but to me it's worth it. It comes with no trading fees which sweetens the pie. Also comes with ""priority"" customer support, which I tested and only had to wait 2 minutes before I was speaking to a live agent.

So yeah, fuck that. I'm just too paranoid. If US gov ever looks like it's on the verge of collapse, then yeah, I might put it in cold storage before I bounce out of the country. Until them I rest easy with my coins insured on an exchange.

Let the hate begin...

&#x200B;

&#x200B;

Edit 3: For those of you who calling me a shill, here is a link to the review I wrote a week ago about CB One. It's a fair review. Just my expereince. I don't sugarcoat anything. [https://np.](https://www.reddit.com/r/CryptoCurrency/comments/tsi85k/is_coinbase_one_worth_it_1_week_review/)[www.reddit.com/r/CryptoCurrency/comments/tsi85k/is\_coinbase\_one\_worth\_it\_1\_week\_review/](https://www.reddit.com/r/CryptoCurrency/comments/tsi85k/is_coinbase_one_worth_it_1_week_review/)

EDIT 2: As mentioned, I live in NY. Only CB and Gemini are available here. Kraken and CDC and Binance are not available in NY. I know that CDC also offers insurance up to $250K and they don't charge for it so long as you use 2FA and whitelisting.

EDIT 1: Here is a link to the Coinbase Insurance T&C for those who have been asking for it.

[https://www.coinbase.com/legal/user\_agreement/united\_states#coinbase-one](https://www.coinbase.com/legal/user_agreement/united_states#coinbase-one)

&#x200B;",Crypto scams
Reddit,crypto scam,"crypto.com just Scammed their Users Again, and there is a good chance that crypto.com might be secretly insolvent. Did you know crypto.com and their CEO Kris have a long and full history of fraud and outright scams? With the CEO and CFO of crypto.com both having been investigated for fraud at a company they previously ran called ENSOGO, and the CDC exchange itself was financed by defrauding their ICO investors just a year later.

* **Part 1: crypto.com, Kris, and a brief history of fraud and scams**
* **Part 2: crypto.com just scammed CRO holders**
* **Part 3: Why I think crypto.com is likely secretly insolvent**

\---------

# Part 1: crypto.com, Kris, and a brief history of fraud and scams

**Ensogo:**

Before crypto.com Kris Marszalek was the CEO of Ensogo (a Groupon copycat) that defrauded investors, and third parties. Kris would resign as CEO and run away from the problem ultimately leaving an insolvent company that cost everyone else a lot of money. [More reading on Ensogo can be found here](https://www.reddit.com/r/CryptoCurrency/comments/jf8bx4/history_of_kris_cryptocoms_ceo/). If for some reason you believe it couldn't be the same person [here is a video](https://www.youtube.com/watch?v=bXzlJZectBY) of Kris shilling how great Ensogo is and how you should work for Ensogo just nine months before Ensogo declared bankruptcy in June of 2016.

https://preview.redd.it/9hvcm7h9phpe1.png?width=1228&format=png&auto=webp&s=9126ff5d094ca6d319d5e90b9b23bfbda36ddfe0

**Monaco:**

Just eleven months after Kris defrauded investors and users at Ensogo, Kris was back with another ~~revolutionary~~ idea, well a **copycat** of another popular idea. Whereas Ensogo attempted to compete with an established competitor (Groupon). Monaco (MCO) attempted to be the first to get in early into a budding field, Crypto Credit Cards.

Kris raised $26M on an ICO for an ERC-20 token called Monaco with plans to launch a Crypto credit card with special rewards for Monaco holders, although plans for this would ultimately stall with no signs of success, Kris would pivot a year later and use his remaining reserves to buy the crypto.com [domain for $12M](https://www.theverge.com/2018/7/6/17540818/crypto-com-domain-matt-blaze-monaco-mco-cryptology-sale). This would lead to Monaco being renamed ""crypto.com"" token and then later being abandoned altogether for a new token called CRO. In 2020 Monaco holders were given a limited amount of time to exchange their MCO for CRO (a new token in which CDC owned nearly all the supply) and at a suboptimal rate. [source](https://www.reddit.com/r/CryptoCurrency/comments/biaud9/monaco_mco_raised_26_million_in_ico_and_promised/)

>To sum up this long tale, Monaco (MCO) raised tens of millions of dollars to launch a cryptocurrency Visa card... The company rebranded itself by buying the $12 million Crypto.com website and renamed Monaco (MCO) to Crypto.com, likely due to numerous users calling Monaco (MCO) a scam. [source](https://www.reddit.com/r/CryptoCurrency/comments/biaud9/monaco_mco_raised_26_million_in_ico_and_promised/)

**The crypto.com credit card debate:**

After defrauding Monaco investors to buy the crypto.com domain, Kris would eventually launch a crypto credit card. Forcing credit card holders to buy CRO from crypto.com and lock it up to get rewards for holding the credit card. Kris repeated one of his tricks from his days at Ensogo, offering rewards that are too good to be true to onboard new users, then pull those rewards and create unhappy users.

\* For the crypto.com credit card it worked like this:

Sell your freshly minted CRO to Users (at no cost to yourself) -> Have them lock up their CRO for a year to get a credit card with ""great"" rewards, dripping the money they gave you back to them -> after a significant number of users are onboarded pull those rewards -> Leave unhappy users to deal with the consequences.

Many users purchased a Credit Card locking up hundreds of thousands of CRO to get rewards, had those rewards slashed - and a year later the value of the token they locked up had lost 75%-90% of it's value costing users thousands to hundreds of thousands.

**Notes:**

Part 1 doesn't cover many sketchy things that crypto.com does like: hosting fake ""giveaways"", and taking advantage of new crypto investors with a ""gamified"" experience that **steals 15% of your money** with spread every time you make a full trade.

\---------------

# Part 2: crypto.com just scammed CRO holders

When crypto.com first launched CRO they minted 100B tokens, before eventually burning 70B tokens in 2021 (as a gimmick) [and said the final supply was 30B. ](https://cryptobriefing.com/70-billion-cro-burned-ahead-crypto-org-chain-launch/)On March 2nd 2025, just four years after the ""burn"" CDC made a proposal to remint the 70B tokens that they previously ""burned"" and to give it to themselves without making it clear how it would be used.

This proposal was put up to a ""democratic vote"" where nearly every user that wasn't CDC rejected the proposal. CDC proceeded to wait until the day before voting closed to steamroll the proposal - with CDC controlling 48% of the voting power and only 70% of validators voting this was all but guaranteed to pass and CDC will be minting 70B in CRO currently worth $5B to give to themselves, devaluing existing CRO holders.

https://preview.redd.it/fiyrftkffhpe1.png?width=1484&format=png&auto=webp&s=52a4c61fc6a881908e9c15a54597e86171d84c5e

In yet another attempt at manipulation immediately after CDC forced the remint of 70B tokens, they made another proposal to burn 50M tokens which they will surely pass for optics.

[https:\/\/www.mintscan.io\/crypto-org\/proposals\/30](https://preview.redd.it/tnrru669ghpe1.png?width=959&format=png&auto=webp&s=24ecd7d2ea1cb7c547515b0c461256c8caea3f1b)

So in other words instead of minting 70B Cro, they're just minting 69.95B Cro...

Kris was mostly silent to the backlash but a few days after the proposal went live they would eventually make one of their only statements saying they needed to mint 70B tokens to create sustainable flows on the ""demand side""

https://preview.redd.it/pdg2yf00hhpe1.png?width=612&format=png&auto=webp&s=8898f1383813d26d6f4a4d9edb9be68a450414f8

Or in other words, CRO needed 70B tokens so that they could sell them to third parties for pure profit at no cost to themselves, diluting the value of all existing CRO holders who may want to sell. An absolute garbage excuse for anyone who knows how ""Crypto and Demand of Alts"" actually works.

This is completely contrary to what CDC said they would do in their white paper, use exchange profits to purchase additional CRO, creating an ecosystem where exchange profits are redistribute to CRO holders.

https://preview.redd.it/0ukzivkwhhpe1.png?width=785&format=png&auto=webp&s=c345b611d1549fd59991bae0173fa6606f832d0c

\---------

# Part 3: Why I think crypto.com is likely secretly insolvent

The question becomes why is Crypto.com abandoning their white paper to scam CRO holders, the simple answer is CDC just wants to mint more ""rewards"" for their users at no cost to themselves, but I **think** the truth is something much darker... I think crypto.com is likely secret insolvent.

After FTX collapsed CDC seemed like it would be another exchange to fall given CDCs staking feature and similar business model. CDC survived a smaller exchange run and would eventually release an audit in early December, but just days later the firm that ran it said they weren't confident with the audits and would stop running them since they didn't show liabilities.

[https:\/\/www.investopedia.com\/mazars-suspends-crypto-clients-6931106](https://preview.redd.it/1g880c2clhpe1.png?width=980&format=png&auto=webp&s=68995b30dcfaa155b2dc469853bb03b4846503f2)

Crypto.com hasn't had an audit since, **in fact a post from a week ago asking why CDC hasn't had an audit since 2022, has since been deleted or removed from** r/crypto_com

Given the fact that CDC is now blowing up what's left of their reputation to mint $5B it raises even more questions, why would CDC blow up what's left of their reputation? Ensogo did not have a money printer feature to save the company that Kris could use to prevent the company from going under when he ran it into the ground... crypto.com does and we already know from Ensogo that CDC leadership does not have a good track record with actually leading a company.

One of the only things Kris has attempted to repeatedly respond to since this drama began in early March is to aggressively assure users that CDC doesn't have any problems. While continuing to ignore any questions asking for a firm plan of how CDC will use the 70B CRO that they're reminting.

https://preview.redd.it/9ur2wv9gnhpe1.jpg?width=592&format=pjpg&auto=webp&s=ff3c15453b434c0034ffdd10c17d265060a57cee

Kris went out of his way to try and tell users that all of these claims that CDC might be in trouble are ""just falsehoods"", but they're using the emergency built in money printer feature of their platform, they aren't releasing an audit, and their leadership has a very bad history of running companies into the ground

So it other words:

* If a homeowner has a long history of catching his prior homes on fire
* He won't let you look at the home to verify it's not on fire
* The homeowners is aggressively telling people that there is no fire
* He's rushing loads of water to his home
* He isn't telling you why he needs the water

**The house is probably on fire and you probably want to get your money out of that house.**

That appears to be the state of CDC at the moment. **There is no smoking gun because CDC isn't letting people see what's going on** by refusing to do more audits, although it's not guaranteed everything points to CDC likely being at least partially insolvent, and UNTIL THEY RELEASE AN AUDIT I **THINK** IT'S SAFE TO ASSUME THEY ARE. (don't trust verify)

If CDC did have a hole the two thing that might save CDC from going under in a bankrun is their insane fees to take money from the platform and the fact that they encourage users to lock up their funds on the platform which will hide the full extent of the damage by preventing many users from withdrawing during a bankrun (probably what helped save them in 2022 if they were insolvent).

Who knows though, CDC has a plan to mint $5B and give it to themselves. If that works in a few years they might be able to dig themselves out of any hole that they may or may not currently be in.",Crypto scams
Reddit,crypto scam,"Most disgusting scam yet: dude comments on all posts pretending to post the official crypto address for helping the Ukrainian government. Please report u/substantialsummer634 to Reddit That's pretty much all there is to say to it. u/substantialsummer634 is mass replying to posts, saying ""Ukraine‚Äôs official Twitter account tweeted out a call for donations through bitcoin, Ethereum, and stablecoin tether on Saturday."" and then adds an Ethereum address for donations. The first part is true, you can find the real addresses in [this very popular post](https://np.reddit.com/r/CryptoCurrency/comments/t26b00/im_uvladimirputin_and_im_asking_you_to_donate/). The address is fake though. 

Fortunately nobody fell for it yet, the last transfer to that address was 47 days ago, but please report the scammer to Reddit - I have done that already. Thanks!

Edit: just in case their account indeed gets suspended, their posts look like this: ""*Ukraine Update: Ukraine‚Äôs official Twitter account tweeted out a call for donations through bitcoin, Ethereum, and stablecoin tether on Saturday. I just sent what I could, wish I could do more . Have a. Heart Stand with Ukraine . Here‚Äôs the wallet address if you guys wanna donate anything to help. [Wallet address]*""

If you see something like that, check if it's the real address and if not, report the account",Crypto scams
Reddit,crypto scam,"HEX crypto scam exposed (yet again): majority of addresses with hex never bought HEX! **Etherscan shows 258,903 holders for hex**

I went to etherscan and looked up [HEX](https://etherscan.io/token/0x2b591e99afe9f32eaa6214f7b7629768c40eeb39). It shows that there are 258,903 holders and you can see the top 1,000 holders. However, if you choose Download CSV Export at the bottom, you get the first 100,000 token holders. I went ahead and downloaded these.

**91,964 out of first 100,000 addresses never bought hex!**

I also did this for Safemoon and WISB on binance smart chain. I plotted the token balance distributions. For hex, I saw a huge spike in the histogram plot.

The top plot shows the single spike for hex. In the bottom plot, the vertical scale is logarithmic, so every major tick on the axis means 10 times more balances.

Looking in the raw data, it appears that most balances have exactly 100 HEX.

91,964 out of 100,000 addresses have 100 HEX to be exact!

**One address sent HEX to 173k addresses in large batches, mostly small amounts of 100 and 101 HEX**

The sender address is [0x0b795e585ec0436e4572cc9b24fc5da1faf9cfc6](https://etherscan.io/address/0x0b795e585ec0436e4572cc9b24fc5da1faf9cfc6).

Etherscan page for this address found 173,310 ERC20 transactions and shows the last 10,000 transactions. And what do we find here?

9,693 of the last 10,000 transactions are send transactions of 101 HEX to different addresses. They were all sent on June 27 of 2020 between 17:28 and 19:31. The other 307 transactions after, contains mostly send transactions of larger HEX amounts. Like 14 times a send transaction of 12,201.83575 HEX for example.

At the bottom, you can choose Download CSV Export again. This gives the first 5,000 ERC20 transactions. The address received 2,000,000 HEX on March 27 of 2020 as first transaction. It sent 1000 HEX each to 1000 different addresses the day after on March 28 of 2020. Then it received another 1,000,000 HEX from the same address on March 29 of 2020. And the next two days, it sent 100 HEX each to over 3998 different addresses.

Till this day, all these addresses that I've seen, never bought more or sold or staked HEX. You might find a few exceptions if you go through them. I don't know.

&#x200B;

https://preview.redd.it/7cvyld96l1t71.png?width=1032&format=png&auto=webp&s=e96d996a1527b750dcfb3d519c17c1feca9d990f

&#x200B;

https://preview.redd.it/yddonbt4l1t71.png?width=3554&format=png&auto=webp&s=dfd2c9f094511cbfd03a17d0b0edbd5fbd6dce93

https://preview.redd.it/7dy8jct4l1t71.png?width=3578&format=png&auto=webp&s=d2c0ba3e23d084cba3bdc62f9fd5edc1b460cec9

https://preview.redd.it/sx8dcct4l1t71.png?width=3572&format=png&auto=webp&s=59281d8dc11a3bd7419ef5179129db4ef3b7606f

**Summary**

So we know that of the first 100,000 hex ""holders"", 91,964 of them never bought hex, but one address just dropped hex to these addresses. And they still have the same amount of 100 or 101 HEX that was sent to them.

This address made 173,310 ERC20 transactions in total.

Now, there is still an unknown gap of three months between the first 5000 transactions and the last 10,000 transactions of this address. But we can select a different date range for CSV export to get these transactions. Then we find that almost all the transactions are of small amounts of 100 and 101 HEX sent to different addresses in three months time, between March 27 and June 27 of 2020.

So we know now that least 173k out of 259k holder addresses never bought hex!

**Help expose this scam**

Maybe you could help investigate this further. How much of the 86k remaining holders are real buyers? Richard Heart wants us to believe hex has a large number of users, but most of the holders are not buyers at all.

&#x200B;

**Great work by user 11sensei11 (I'd tag but it'd get removed)**

&#x200B;

Also this post will be brigaded by the HEX ""community"" as per usual, but people need to know the truth on this elaborate scam. **Stay away at all costs.**",Other
Reddit,crypto scam,Andrew Tate‚Äôs crypto crashes over 40% after scam claims,Crypto scams
Reddit,crypto scam,"Wells Fargo fined $1 Billion effectively stealing from customers near a decade. This in addition to a $3.7Billion fine in December 2022, yet media could only talk about FTX. Crypto scams may be a problem but they love to ignore banks scams,the SEC is hot attacking crypto but silent on banks In another huge L for banks and mainstream media, Wells Fargo is fined another $1 Billion. They were also fined another 3.7 Billion back in December 2022. Of course, we heard very little to nothing of this from the media, as FTX were their three favourite letters. This is besides the fact tat the scamming went all the way back to 2016, scamming customers for near a decade. Given how these firms are constantly given slaps on the wrist, the $4.7 Billion probably doesn't even compare to the profits they made from said scamming. This likely means that the $10 Billion or so of customer funds that FTX lost is absolutely dwarfed by Wells Fargo in this scheme. Not just Wells Fargo, but virtually every major bank is caught in 3 - 7 violations every single year.

Wells Fargo‚Äôs misdeeds included wrongfully repossessing customer vehicles, improperly rejecting thousands of customer applications to modify their mortgages which lead to many losing their homes to foreclosure, charging illegal ‚Äúsurprise overdraft fees‚Äù on customers‚Äô debit card transactions and wrongfully freezing more than 1 million consumer banking accounts.

So people lost, cards, homes, and funds to them. It is kind of ironic that so much is made of crypto scams. Sure, they are bad but at least we all admit it and don't delude ourselves. But people put their hard-earned money in a bank thinking it is 100% safe, take loans for house and cars only to be scammed out of it. I guess at least with shitcoins and exchanges, small ones especially, we know it's a gamble.

And yet all we hear from the SEC is **crypto firms not ""coming under regulations"".** We know how scant and undefined those very regulations are. Even Biden made statements about the rich using crypto to evade taxes,while we all know tax evasion in traditional finance absolutely dwarfs crypto. Yet on matters of these **banks violating regulations multiple times very single year and making billions,** the SEC has stayed rather quiet.

This brings us all back to a central tenant in crypto of decentralisation. The idea is that it doesn't matter if the entity is in crypto, a bank or a traditional finance firm, centralization is not good. Any centralized entity is a centralization of power and power corrupts. Don't mistake the post for a endorsement of Cefi, just because it is crypto. There's a very good reason we say not your keys, not your crypto.

&#x200B;

[https://www.msn.com/en-us/money/companies/wells-fargo-to-pay-1b-to-settle-shareholder-lawsuit-over-slew-of-scandals/ar-AA1bgZzu](https://www.msn.com/en-us/money/companies/wells-fargo-to-pay-1b-to-settle-shareholder-lawsuit-over-slew-of-scandals/ar-AA1bgZzu)

[https://nypost.com/2022/12/20/wells-fargo-hit-with-record-3-7b-fine-for-putting-americans-at-risk-for-potential-harm/](https://nypost.com/2022/12/20/wells-fargo-hit-with-record-3-7b-fine-for-putting-americans-at-risk-for-potential-harm/)

[https://nypost.com/2020/02/22/wells-fargo-to-pay-3b-to-settle-fake-accounts-probes/](https://nypost.com/2020/02/22/wells-fargo-to-pay-3b-to-settle-fake-accounts-probes/)",Crypto scams
Reddit,crypto scam,"There are only two types of people who say crypto is a scam‚Ä¶ People who don‚Äôt understand crypto at all, and have fear of what they don‚Äôt know; and people who understand it way too much, and are worried by their economic interests being in danger.

And then, there‚Äôs my granma. Oh my she‚Äôs so cool guys, ofc I love her! When I talked to her about cryptocurrencies and BTC, 2 years ago, she said: ¬´I don‚Äôt understand how this works, but you seem so excited about this, and young generations are always right in this stuff¬ª.

She went to her bedroom and said:¬´wait, I want you to do one thing¬ª

She returned with 100‚Ç¨: ¬´I want you to go to the bank and buy some crypto¬ª. She clearly had no idea that you could do things with money outside a bank influence. Of course I took those money as cash for myself but I invested 100$ in a new wallet.

It was 2019, I bought ADA at 0.0352. I left it there and this year I sold them at 2$. 6000$ from 100‚Ç¨.

Why? My grandma is not feeling well, and could not be able to walk soon. But mentally she‚Äôs fine. I wanted to show that she was right in trusting me.

I was so proud of myself, and after various whitdrawals from exchanges I had almost 5200‚Ç¨ in my account. I wanted to give 5000‚Ç¨ cash to grandma, as she did to me, and take 200‚Ç¨ for myself as ‚Äúconsulence‚Äù. Lol. So in the last two and a half months I took cash 500‚Ç¨ weekly and last sunday I went to her. She remembered those 100‚Ç¨ when I talked to her, and after she saw 5000‚Ç¨ she couldn‚Äôt believe her eyes. I lended the money to her and she only took 500‚Ç¨ for her and then she gave back to me 4500‚Ç¨: ¬´go to the bank and buy more ‚Äúcrittusoddi‚Äù (=cryptocurrency in our dialect, I think she invented a new word lol), but this time don‚Äôt come back with money¬ª. This week I invested 500‚Ç¨ in 9 different projects: DOT, LUNA, SOL, CRO, GALA, CKB, XRD, ALGO and ONE. I left them in my ‚Äúgrandma wallet‚Äù, and I hope in two years from now they will increase in value and I could still show them to her, to feel like this again.

This week I‚Äôm so happy and proud of myself, and I wanted to share this story with someone, as I only told grandma about my crypto knowledge. Sorry if I bothered you.",Crypto scams
Reddit,crypto scam,Coffeezilla shared a website with a count-up timer for how long it‚Äôs taken for Logan Paul to repay his CryptoZoo scam victims,Crypto scams
Reddit,crypto scam,Proposed New York Bill Looks to Criminalize Crypto Rug Pulls and Scams,Crypto scams
Reddit,crypto scam,"Gold drops: ""Healthy correction!"" Stocks drop: ""Buying opportunity!"" Crypto drops: ""Told ya it was a scam!"" Can somebody please tell me why even some of my friends with economics degrees claim that whenever the cryptocurrency market drops 10-15%, it is all a big scam?

How about gold, or stocks? 

People feared cars, people feared electricity, now they fear crypto.",Crypto scams
Reddit,crypto scam,"By Crypto Standards, the US Dollar is a Scam Coin. Just about everything about it screams scam.

When you look up info about how to spot a scam coin, one of the things it tells you to look out for is...

###Signs of a scam coin

1. **""Unknown Group of Entrepreneurs are Running it""**

The Federal Reserve is run by a group of ""Unknown Private Investors""

2. **Whois lookup on one of their websites comes back anonymous or unavailable.**

WHOIS look up for UsMint .gov tells me
""Information not available or no support for .gov""

3. **Shilling you to believe it's real by offering multiple periodic Airdrops**.

We're on our 3rd Stimulus now?

4. **Confusing whitepaper thats overwritten, and difficult to understand**

Anyone ever try to read, and understand Federal Reserve banking laws, or policies?
Some things can be understood but usually it's written almost entirely in Dog Latin, and you're going to need a lawyer to interpret that just like you'll need a fraud lawyer with crypto experience to go over that whitepaper when you're going after that scam coin to get your money back. It's also INSANELY OVERWRITTEN. The USD white paper will literally take you months to go over and understand. 

5. **GitHub Source has no supply limit set**(Devs can Mint coins)

Ahhh.... Nah, those private investors I don't know wouldn't want to do that. Besides, that would devalue the dollar, and severely hurt their credibility.

Stop spreading conspiracies , and stop doing that weird Crypto thing! You're killing the environment! - non crypto users",Crypto scams
Reddit,crypto scam,"Kardashian promoting a scam coin, Lindsay Lohan's five-figure NFTs, Akon promising to build a $6 billion crypto city - The Hollywoodization of crypto is a moral disaster. For their fans, it's potentially a financial disaster.",Crypto scams
Reddit,crypto scam,"Can someone explain to me how people fall for scams like ""Send crypto to this adress to double it""? Seriously I have seen an alarming amout of posts where people have come to this sub crying about their mistake/greed after falling for these scams. I am much younger than the average user of this subreddit and I know for a fact that I would never fall for such scams.


So these scams go something like this:-
It's usually a youtube live video of a conference where Elon Musk, Jack Dorsey or Vitalik Buterin with 12k to 20k live viewers which are bots with a flashing sign with a wallet QR code saying, if you send crypto to this address, we'll send double back. These conferences are so old that a simple Google image search if these conference would be enough to know for a fact that it is a scam. 


Is it just that people are too greedy? I am only 16 and sometimes wonder that if adults are just money hungry dumb dumbs. Please people do not disappoint me.


Edit:- Thanks for the awards guys, your noti's have been lost in the sea of other notifications and I am not able to personally thank you.",Crypto scams
Reddit,crypto scam,Logan Paul still hasn't refunded victims of his crypto videogame scam,Crypto scams
Reddit,crypto scam,"In their ""Money Explained"" series, Netflix contributes to the ""crypto is a scam"" narrative, without bothering to give a basic explanation of what crypto actually is. A couple of edits in response to some frequent comments I've been seeing:

* This post is about the ""Money Explained"" series, which has five episodes that are (kind of) about money. This is different than the cryptocurrency episode in the regular ""Explained"" series (season 1, Episode 15).
* The point of my post was not to say ""there are no crypto scams and Netflix is lying"". Nor was it to say ""Netflix says all cryptocurrencies are scams"". My point was that, over the course of the series, there were plenty of opportunities to mention crypto in a neutral/positive way, but they only came up in the same breath as scams. This to me seems like unfair representation, especially for a show that was supposed to explain money.

**TLDR: Netflix portrayed crypto as pump and dumps and Ponzi schemes, without showing the legit side or even explaining what crypto is.**

Today I watched Netflix's ""Money Explained"" docu-series. The Bitcoin logo was on the thumbnail so I was intrigued. Turns out that was just clever targeted advertising.

Of the five episodes in the series, crypto was only mentioned in one, ""Get Rich Quick"". The episode covered various types of scams and mentioned crypto on two occasions:

The first was as an example for a pump and dump. They introduced the concept of a pump and dump, then said something like ""this happens a lot with cryptocurrencies"". Then they displayed two newspaper articles with the words ""Cryptocurrency"" and ""Bitcoin"" highlighted. I thought this was laughable for two reasons: first of all, pump and dumps existed well before cryptocurrency. I remember watching Jerry Orbach talk about a pump and dump in a 1990s Law and Order episode. Secondly, if you're going to try and disgrace crypto as a giant pump and dump, why would you use Bitcoin as an example? Fools.

Then they covered Ponzi Schemes. To be fair, the scope of Ponzi schemes that they covered was a bit broader, but they still zeroed in on Bitconnect and Onecoin to really drive the point home. The only positive thing I can say about the episode (wrt crypto) was that they included Carlos Matos' ""BITCONNNNEEEECCCCTTTTTT"", so that was cool I guess. I'm not denying that these are scams, I'm just saying they didn't make any effort to show the legit side of crypto.

All told, they portrayed crypto in a very negative light, and didn't bother to explain crypto at all. They just used it as an example for various scams. In fact, for a series that was supposed to be about money, they didn't actually talk about money all that much.",Crypto scams
Reddit,crypto scam,"Are you a crypto newbie? Here's an updated list of scams you will 100% encounter on Reddit and Twitter When I was new to crypto, I made it a point to list down all the dodgy people who approached me online and tried to bait me into a scam. I posted my list a few months ago and a lot of other people chimed in with even more scams since then.

Here's the updated list:

#1. The Youtube/Facebook ""live"" stream

Scammers download an old online event from a reputable company (ex: Apple) or an interview with a respected crypto personality (ex: Vitalik, Charles, and other cyrpto founders). They stream this on Youtube or Facebook with their own overlay text or graphics, and pretend it's an official or new event that's happening right now. 

But it's a honeypot where they use the live chat to get victims from the people who are watching. They use the legitimacy and star power of the content they're streaming to lure you in one of the scams in this list because surely Apple wouldn't scam you right?

**How to avoid:** Official events are announced in official channels, and not by a Facebook page called 'Cryptophiles Futures Advice & Investments Society"".


#2. Try my strategy platform bro, it's made me $40,000 DOLLARS already this month

If you post or comment on any crypto subreddit, you will 100% get messages in your inbox. 

Some of them will even be from people who are so kind that they want to help a crypto newbie like yourself by letting you in on their strategy, trading platform, or exchange. And it's free!

Best case scenario is any coins or tokens you buy will be theirs for the taking and won't be withdrawable. What usually happens is they get your credit card info when you sign up. 

**How to avoid:** Don't talk to strangers online. 

#3. Oops I accidentally sent you my wallet's seedphrase please don't transfer my coins into your wallet

This one is really funny because it preys on people who want to take advantage of others.

Someone will ""accidentally"" reveal the phrase to their wallet that actually contains real Eth and other crypto in it. Opportunists looking for a quick buck will access the wallet, but to send it to their own wallet they need to send Eth to it first to pay for gas transfer fees. 

Surprise! You just donated your Eth to a scammer because they have a bot that automatically seizes any Eth it receives. 

**How to avoid:** Don't be an asshole.

#4. This is official Binance/Kraken/Crypto.com helpdesk representative. You need help?

When I was new, I asked your usual questions like how to trade, what are the recommended wallets, and how do I stake. 

Immediately after, I had these assholes send me grammatically painful private messages, giving generic advice and pretending to be from Binance or whatever. 

Since I don't have a wallet yet, they pushed me to open one on their website. It actually doesn't look like a scam site, but of course they're fake copies of legitimate wallets. 

Once you transfer money to this wallet, they'll rob you blind. 

#5. ""You need to connect your wallet to the dapps token interface""

That's an actual message my friend received after asking a question on a reputable and rising 3-letter blockchain's subreddit. 

They tried to confuse her with big words like that, then gave instructions to ""help"" her sort everything out. Eventually, it just led to them asking for her seed phrase to ""troubleshoot"".

Don't. 

#6. Limited time event! Send our company 1 ETH and we'll send you 2 ETH back. 

I saw this first on Twitter, but they've expanded to Reddit DMs now. 

Spoiler alert: they won't send you ETH back. 

#7. My investments had an amazing month and want to share my blessings. Here's some free random coins!

This is either a dusting attack or they just wanted to steal my coins straight. 

How it works is, if you try to transfer, sell, or convert them you'll find that you need to visit a specific swap site and give permission for them to access your wallet. 

By access I mean steal the contents. Don't touch them. 

Vitalik is the only selfless angel in crypto and he's not in your DMs.

#8. Search for [Wallet Name/Website Name] on Google

These asshats start by giving good and accurate info about crypto. I actually learned a lot from them. 

However, they tell me to Google the name of a real wallet or exchange to use instead of giving the actual site. 

This is because they bought an ad so that their copycat site shows up at the top of search results, above the actual legitimate wallet or website. If I downloaded the app or wallet on their site, then they would've gotten access to my coins. 

Only download apps and wallets from official websites. 

#TLDR

There are multiple scams that thrive in Reddit. They specifically target newcomers who ask for crypto help or advice in comments/posts.",Crypto scams
Reddit,crypto scam,"After $1.8-Million CryptoZoo Scandal, Coffeezilla Exposes a Brand New Crypto Scam From Logan Paul - Sportsmanor",Crypto scams
Reddit,crypto scam,"The first crypto.com scam was worse than you realize. They STOLE over 99% of all tokens from Monaco holders. No that's not a typo they stole over 99% of CRO tokens. If you've been following the recent crypto.com drama you probably have heard of the first crypto.com scam, the forced convert of tokens from Monaco to CRO before abandoning Monaco their ICO token entirely. You probably don't know just how bad this scam actually was though. When crypto.com forced the swap from Monaco to CRO, they gave Monaco holders less than 1% of the supply in the new token and giving over 99% of the supply to themselves.

\---

**Before we go too deep, lets first refresh how this scam went down for anyone not yet familiar.**

Before crypto.com was crypto.com they were, Monaco. Monaco raised $26M in 2017 through an ICO of erc-20 token promising to launch crypto credit cards with ""big rewards"". This went absolutely nowhere and in 2018 the Monaco team pivoted and spent $12M of their remaining funds to purchase the crypto.com domain. Renaming the Monaco token the crypto.com token, and in 2020 the team abandoned this token all together in favor of their newer token which they had more control over - CRO. Giving Monaco holders a limited amount of time to swap from Monaco to CRO. You can find a longer read on it [here](https://www.reddit.com/r/CryptoCurrency/comments/biaud9/monaco_mco_raised_26_million_in_ico_and_promised/)

# Now here's where things takes a really dark turn.

Monaco had a circulating supply of: \~31.587M token

Which can be confirmed with wayback machine from 2019.

[https:\/\/web.archive.org\/web\/20190421005509\/https:\/\/etherscan.io\/token\/0xb63b606ac810a52cca15e44bb630fd42d8d1d83d](https://preview.redd.it/m7o94sonmxpe1.png?width=437&format=png&auto=webp&s=ce45b2f8dac7b9127d4b2d40305992e3c211ec50)

The Monaco to CRO swap rate was 1 to 27.64. This swap rate can be confirmed from a now deleted August 2020 crypto.com blog post pulled from wayback machine

[https:\/\/web.archive.org\/web\/20200927064258\/https:\/\/blog.crypto.com\/important-announcement-mco-swap\/](https://preview.redd.it/quixwsh1nxpe1.png?width=771&format=png&auto=webp&s=5d5547b1c57f766736f044a58d8c4d05721a7295)

If we do the math: 31,587,682 \* 27.6439 = 873.2M CRO was set aside for Monaco holders if everyone claimed (they didn't) - and Cro has a total supply of 100B tokens.

* .873% of CRO went to Monaco holders
* 99.127% of CRO went to Crypto.com

Or in other words crypto.com stole 99.127% of the supply of the new token from existing Monaco holders on the forced swap to CRO.

**Had Monaco holders been giving a proportionate amount of CRO based off the share they owned before the forced swap: Monaco holders would have been given 3,165.8 CRO for every 1 Monaco they owned. Instead they were given.... 27.6.**..

crypto.com stole over 99.1% of the new CRO token from Monaco holders and gave it to themselves. They then proceeded to dump that on crypto.com credit card buyers as a way to raise even more money, offering rewards that crypto.com knew wasn't sustainable. But that's a story for a different post.

*Note: CRO supply had already been partially distributed by crypto.com prior to this forced swap so depending on how many Monaco crypto.com themselves owned they may not have never been able to give a perfectly equal distribution. However considering that CDC would later ""burn"" and ""unburn"" 70B CRO (70% of supply), it's safe to say they could have done a much fairer distribution to their OG token holders compared to the less than 1% that they actually distributed. Additionally CDC could have purchased Monaco until they had a share equal to the amount of CRO they had already distributed.*

*Had this been stocks and not Crypto, Kris would probably have gone to jail for stealing 99% of tokens in a forced swap.*

*-------*

Just in case you thought the newest CRO remint scam was a one off, it seems to be the policy of crypto.com to rip off their token investors, by trying to extract maximum liquidity from them before stabbing them in the back with some trick manipulates and devalues their investment.",Crypto scams
Reddit,crypto scam,"Man loses money in crypto, has gangsters chasing him. Amputates leg in insurance scam claim. Gets found out. Average investor.",Crypto scams
Reddit,crypto scam,crypto.com apologists want you to shut up and ‚Äúmove tf on‚Äù. They don‚Äôt want people warning about CDCs history of scamming their users. Don‚Äôt let people forget.,Crypto scams
Reddit,crypto scam,Crypto queen on FBI's most wanted list for ¬£3billion scam 'killed on yacht',Crypto scams
Reddit,crypto scam,"It bothers me a bit that most people in crypto are not hacked but scammed. Then people are trying to make it look like it is cryptos fault. The truth is that what made them get scammed is their irresponsible use of cryptocurrencies. Day by day on diffferent forums I keep seeing people who are getting ""hacked"" and their crypto stolen.

Meanwhile what made them get ""hacked"" is their poor usage of computer and crypto security. It is not crypto that is getting hacked, it is you.

Poor usage, weak passwords, suspicious websites linking to the wallet, scammy links in emails are being clicked, investing in shitcoins, not making a burner wallet, not checking addresses for sending/receiving crypto.

Even with these big exchanges scams, being cautious and holding crypto in your own wallet and being fully responsible for it is the way.

So, there is a difference between getting hacked or getting scammed, and people are getting scammed most of the times, then talking how crypto is unsecure, how people are losing money because of it, yet it is their irresponsibility that did it.

Common scams:

1. Free giveaways - ""just pay me the fee and I will send you a lot of money""
2. Fake exchanges
3. Suspicious websites
4. Phising links
5. Sending seed phrase to support
6. Social engineering
7. Shitcoins that are being rugpulled
8. Not using internet carefully, clickin on a bunch of websites

Also, I feel bad for the dude but - link of article of a dude l[osing everything](https://cryptopotato.com/this-canadian-man-lost-his-life-savings-in-a-crypto-scam-on-youtube/).

A man from Canada invested in a crypto he found on youtube video in this order: $250, $2500 and then in couple of months $500,000. Later he had to sell his house to make up for the money scammers stole from him.

As I said I am sorry for the guy, but who invests based on a youtube video and trusts to some people blindly without proper DYOR? This gives crypto a bad picture, yet none of it is a cryptos fault. 

Social engineering is also a type of hack, but social engineering is actually people scamming you.

Being your own bank in a decentralized world takes some responsibility, and it crypto really is secure if you use it correctly.",Crypto scams
Reddit,crypto scam,"After losing $8,000 in an altcoin scam, one man started a group that hunts down crypto frauds",Crypto scams
Reddit,crypto scam,Logan Paul called out for promoting alleged crypto scam Dink Doink,Crypto scams
Reddit,crypto scam,"I don't mean to sound harsh, but I think you have to be a bit of a moron to fall for the vast majority of crypto scams... I've been around crypto since early 2013 and have had my fair share of scam attempts - but I can't think of a single one that was even remotely convincing.

Essentially, as long as you don't share your private keys or seed, and don't send crypto to random people on the internet, you're pretty much safe.

I mean, do people really receive a random reddit chat request and then just mindlessly handover the above because some chap with a poor command of the English language is promising them mega returns? Really? How stupid do you have to be?!

The only time I have sympathy is when a scam involves a true technical hack or use of malware. Hardware wallets limit that risk, but back in the old days of software wallets you were somewhat vulnerable. But even then, provided you followed some key rules, the risk was low.

Even things like Bitconnect were super obviously scams, or at the very least incredibly unstable and likely to fail modals. It just boggles my mind that people can be so stupid.

In terms of exchange rug pulls, back in 2013 and 2014 I'd again have had some sympathy - it was almost impossible to know which exchanges were legit. But nowadays exchanges are far more regulated, and if you're trading on clearly-a-scam-exchange.net you deserve everything you get. 

Has anyone come across a scam that you don't actually have to be braindead to fall for?",Crypto scams
Reddit,crypto scam,"Kris claims crypto.com is profitable and ""ran in a very efficient way"" but doesn't say why they needed to print and give $5B USD in CRO to cover their ""future expenses"". Meaning at best crypto.com scammed CRO holders, at worst crypto.com is secretly insolvent.",Crypto scams
Reddit,crypto scam,"On its first ever NFT sale, someone already scammed Adidas by bypassing 2 NFT per wallet restriction using a smart contract trick thereby profiting by over $600k. Welcome to crypto, Adidas.",Crypto scams
Reddit,crypto scam,"BEWARE: I just saw a deepfake crypto scam ad on YouTube featuring Canadian Prime Minister Mark Carney I wanted to give everyone a heads-up about a very convincing scam ad I just saw on YouTube. It was a deepfake video using the likeness of Mark Carney, and it was promoting a cryptocurrency scheme. The ad directed viewers to scan a QR code.

‚ÄãThese deepfake scams are becoming more common and are designed to look legitimate by using the faces of trusted public figures. Please be extremely cautious and remember that if an investment opportunity seems too good to be true, it probably is. Never scan a QR code or click on a link from a suspicious ad.

",Crypto scams
Reddit,crypto scam,"A MAN lost ¬£278,000 in a crypto scam after he handed over his digital wallet to a hacker on a fake app. Brandon Larsen, from Utah, was left devastated after ruthless hackers wiped more than half of his ¬£506,000 (USD$700,000) crypto fortune in minutes.",Crypto scams
Reddit,crypto scam,Mark Cuban loses $870k to a crypto scam: ‚ÄúThey must have been watching‚Äù,Crypto scams
Reddit,crypto scam,"Blows my mind that there‚Äôs still people out there that believe Crypto is a scam To those that think they may be too late getting into Crypto. Just listen to some of the ways your coworkers and regular people talk about Crypto.

You will hear a lot of words like ‚Äúscam‚Äù, ‚Äúbubble‚Äù, and my personal favourite ‚ÄúPonzi scheme‚Äù. And it absolutely blows my mind how a large amount of people can be so fricking ignorant. How can you see a revolution and emergence of an asset class happening right in front of your eyes and still just completely brush it off. These will be the same people in a decade saying, ‚ÄúMan if only I had bought Crypto earlier‚Äù. 

I will admit I only got into Crypto last year, and I had known about it for a while but was too lazy to figure out how to buy. And in my opinion prior to these last 2 years if you had brushed off Crypto, it sucks but there was an excuse as it was still very unproven and speculative in nature. 

But as of this year if you‚Äôre seeing all this adoption taking place, technological improvements occurring, and development of a new financial asset class and not thinking ‚Äúhmmm maybe I should get a little bit of exposure to this‚Äù. You‚Äôre an idiot. I hate to break it to you, you‚Äôre an idiot. 

Getting exposure and learning more about Crypto is easier than ever. There‚Äôs still ample room for growth so in the next couple years if you‚Äôre still a nocoiner cause ‚ÄúCrypto is a scam‚Äù. Don‚Äôt come complaining a decade from now on how you missed out.

Edit: when I say crypto I mean large caps and Alts with utility I‚Äôm not talking about tokens called sexyelondogeshib",Ham/Not a scam
Reddit,crypto scam,Youtube Live Elon Musk crypto scam right now w/ 72k idiots watching I assume it's AI voice immitating Musk. Scam coinciding with new Starship launch attempt. Live for 9 hours as of now.,Crypto scams
Reddit,crypto scam,Kim Kardashian and Floyd Mayweather sued over scamming investors in crypto token EthereumMax,Crypto scams
Reddit,crypto scam,"A crypto class? This is basically a scam, right?",Crypto scams
Reddit,crypto scam,"my sad story: Tinder crypto scam, I lost ‚Ç¨55,000 (Germany) I would like to share this story. It is very painful to me, but maybe someone could give me some advice. I would really, really appreciate it.
üôè

Last summer I met a guy on Tinder who seemed perfect, really listening, supportive, always there for me, understanding. After some weeks, he introduced me to trading crypto on a site he recommended.

At first, I was very cautious and only invested ‚Ç¨1,000. I even made a small profit of around ‚Ç¨500, and he actually helped me withdraw it without any problem. That made me trust him even more.

Then he convinced me to invest more, saying it was the ‚Äúbest moment‚Äù and ‚Äúamazing opportunity.‚Äù I put in ‚Ç¨15,000. After some time, the platform showed that my gains had grown to around ‚Ç¨100,000. I was crying and so excited, I thought maybe my life was changing. I never believed he would fool me. He was like someone protecting me, always there. But when I tried to withdraw, they told me I had to pay ‚Äútaxes‚Äù first. I paid. Then they asked for more and more. In the end, I realized it was all a scam. I lost around ‚Ç¨55,000. üò≠

After a shock that deeply affected my health, I Immediately I reported everything, to Tinder, to crypto apps, even hired an agency in Hungary to try to recover my funds. The wallet where the money was sent is flagged and apparently blocked, and it seems that contains funds from many victims. I also reported to the local police, gave them all the information they asked for, but since then there has been no real help or follow-up.

I feel stupid, devastated, and deep in debt. The funds are supposedly still there, frozen, but nothing happens. Has anyone been through something similar? Is there any real chance to recover money in cases like this, or should I try to contact other authorities?",Crypto scams
Reddit,crypto scam,"I honestly can't stand her. Elizabeth Warren, a democratic US sentor calls crypto a scam but CBDCs are legit.",Ham/Not a scam
Reddit,crypto scam,"How can Hawk Tuah coin get investigated by the IRS and declare no wrong-doings (despite a 93% rugpull in 12 hours) but if you don't report $20 on your crypto taxes IRS comes after you? Seriously they stole I think around I think 3 or 4 million bucks, and I just don't understand. The IRS will be on you like you are a drug kingpin cartel leader, over 20 bucks, but this scammer can scam over 3 million bucks and have no wrong-doings. I don't like that about crypto, that puts a bad taste in my mouth

crypto whole purpose was to help the poor and avoid government.

Now Crypto is make rich even more rich and the Government will help them. Maybe I am complaining and venting but that's really annoying, and this will just encourage MORE crypto scam behavior, since 3 million dollar stealing is 100% permitted, then I guess 3 million is the limit, 2,999,999 is the scamming limit. So stupid.

Edit: 450 upvotes in 55 minutes, holy cow. this exploded and idk why haha",Crypto scams
Reddit,crypto scam,I clicked on 10 Crypto Twitter ads. All 10 were scams.,Crypto scams
Reddit,crypto scam,"What the hell is happening!? Donald Trump's advisor launches and rugpulls 'Tiktok coin' and then Melania Trump launches her own memecoin scam. Donald Trump coin immediately pukes down.

Buckle in for the sleaziest, most shameless, most corrupt ""pro-crypto"" administration

Trump advisor Ryan Fournier launched 'Official Tiktok coin' 2 hours ago and rugged it within an hour

https://preview.redd.it/i8hd6djrx0ee1.png?width=593&format=png&auto=webp&s=d836a98f7c50d4b31a259df59637526188b1d22f

https://preview.redd.it/bgwax8ptx0ee1.jpg?width=1494&format=pjpg&auto=webp&s=fc6ad47c0d1c279d0cb15f6d927585bec1739f7d

Soon after the rugpull by Fournier, Melania Trump just launched her own coin, and the Donald Trump coin immediately dumped by 50%

https://preview.redd.it/ytypn6xzx0ee1.png?width=591&format=png&auto=webp&s=226208b45508bd0b9d89c6963bbcfccd1280c9d1

The biggest grifter family in America is coming to the White House to scam the sh\*t out of everyone with impunity

What an absolute disgrace for America, for the legacy of the office, to have soon-to-be President and his family doing this a day before taking office!",Crypto scams
Reddit,job scam,"Job Offer Scam I fell for I have a LinkedIn account where I‚Äôve been applying to jobs like crazy due to being out of work. Mainly remote jobs due to my young children needing me. One of the jobs I applied for is called GeneAssess Inc which are located in the same state as me for a data entry clerk. I ended up receiving an email from a woman named Jessica singleton regarding my job submission. 

Everything sounded legit the company had its own website I thought it was perfect. She then sends me an assessment to complete which asked common questions in a job interview. She then offered me the job I gave her my full name, address, phone number, and most used email so she can create my employee portal account. I also signed the offer letter. 

She wanted me to sign up for telegram and She told me they will be sending me a check via email for me to deposit into my account for my software license and training. The check bounced I tried reaching out to them and they ended up blocking me through telegram. I can‚Äôt believe I fell for this scam and I‚Äôm terrified of what is going to happen next.",Job scams
Reddit,job scam,"The scam jobs have gotten (a bit) smarter... Was recently approached by text for a remote job at Anocca AB (an actually really cool and legit company, y'all should look them up). It had all the hallmarks of a fake check scam: no video interview, salary that was too good to be true, quick response after the ""interview,"" etc. The person talking to me claimed to be Anocca's HR manager, and his name and profile picture matched the info on the company website. After finding the real HR manager's email online, I sent him an email, and sure enough, it wasn't actually him.

When I was looking through this subreddit, I didn't see any posts about the possibility of impersonating a well-known company. So to everyone who came to this subreddit and to this post because they want to know if their job offer is legit, be aware that a reputable company will never, ever hire someone the way these scam jobs will. If you see something like this, a scammer is probably impersonating a reputable company and trying to use their image to make themselves seem trustworthy. And if you ever hear anything that even mentions the Telegram username mikael\_anocca, block them and report them immediately.

Stay vigilant, my friends!",Job scams
Reddit,job scam,"I got hired for a Job, but I'm hesitant that the whole thing is some ai scam. For my own safety, I'm just gonna copy and paste the email I was sent from a company. I really cannot find much info, so I don't know if this is some crazy ai scam, but please let me know what you all think:

Dear [OP],

We are pleased to extend an official offer of employment to you for the position of Video Editor, with our organization. Your expertise and experience have led us to this decision, and we are excited about the contributions you will bring to our team.

Congratulations on securing the position! We are delighted to have you join At [Company Name], where your skills and background will be highly valued and instrumental in our continued success.

You will soon receive an email outlining your daily responsibilities as part of the onboarding process. Additionally, I will be available online to support your transition into this new role. Your onboarding will begin with an in-depth 3 to 5-day online training session conducted via Zoom, designed to acquaint you with our procedures and systems.

Your initial compensation will be $60 per hour, with payment options including weekly checks, direct deposits, or wire transfers. Alongside competitive pay, we offer benefits such as paid time off, a wellness program, and health, vision, and dental insurance. Further benefits will be available after three months of employment.

Following your training, you will receive a unique user ID, password, and access to our corporate server, along with a contact list for all departments to ensure smooth communication and collaboration.

To facilitate a seamless transition, we will issue a check to cover the cost of necessary office supplies and software for setting up your workstation before you begin your training and official duties.

Your official employment offer letter will be sent to you shortly to expedite your onboarding process and begin your training without delay.

Please provide the following information to our HR department at [Company Email] as soon as possible:

Full Name:

Home Address:

Phone Number:

Email Address:

Once again, congratulations on your new role. We are excited to have you on board.

Warm regards, [This was blank]",Job scams
Reddit,job scam,"Might be a job scam? For context: I have been job hunting on indeed and linkedin and I said I prefer to be contacted through message. They contacted me through messages than WhatsApp and insisted on talking there since they said messages are faster. They said they are from tech company solutions and the job role is too optimize apps on a pitchbook platform and to do app testing. They said it‚Äôs a commission base and the monthly salary is 6000 which sounds too good to be true. They always would ask if I am busy whenever I don‚Äôt reply instantly 

I have a feeling it‚Äôs a scam but I want second opinions",Job scams
Reddit,job scam,"Rajasthan woman gets railway job, leaves husband; he exposes Rs 15 lakh proxy scam",Job scams
Reddit,job scam,"mom got scammed out of her new job help! my mom got a job offer for a company called zelis healthcare. fully remote, paying 170k. she had her interview over text and was offered the position of executive assistant. only communicates with her boss over text. they told her she was required to have a space dedicated as her home office and that she would be getting a lot of tech and equipment from the company. then they told her to go out and purchase a particular model of ipad and iphone. and i didn‚Äôt learn this until today but she was instructed to ship the ipad and iphone to the company, which she already did. why? i have no idea. but this has been almost a month in the making and my mom has quit her job that she had for like 13 years, and then she learns this is a scam.
supposedly she figured it out because there were too many issues with card payments going through. 
has anyone else dealt with this? please give advice on how to proceed, to get our money back, and how to deal with my mom now being unemployed after this disgusting scam.",Job scams
Reddit,job scam,"My mom think a job offer is a scam trying to steal my money When I check my messages a customer service representative at Home Depot offered me a remote online freelancer job

They told me about benefits and requirements about the job the work time being only 30-60 minutes or flexible hours and I need to do is help Home Depot merchants update data,increase visibility and bookings,and provide free training and the basic salary being $1,000 for every 4 days of work and with the total monthly salary being $6550

They told me I can deposit and withdraw thru cash app but I have to use my social security to 
Add my money so i told her can I used my SS but she grew suspicious and said no because they might steal you‚Äôre money

 When I asked the workbench training instructor that my mom is suspicious about this she message the Secretary of State/Certificate of Status saying that it‚Äôs active and is qualified to instantiate business in California. They also said that they worked for 14 months and they never had problems with funding.
 
When I showed my mom she thinks it‚Äôs to good to be true and said no and I don‚Äôt know who I could trust",Job scams
Reddit,job scam,"I was scammed by a fake job offer on Upwork. I spent all day interviewing, got sent a fake check, and almost sent $2200 off my own money to a third party ""vendor"" in order to buy home office equipment Annoyed, but I figured I should record the scam as it was new one for me, and super elaborate (compared to scams I've experienced before). The[ fake job posting is still up](https://www.upwork.com/jobs/~01c541b3b3c88a2665) at the time of this posting. 

I was invited to look at a job by a ""recruiter"" on Upwork, the job posting looked good so I spent a proposal, my proposal was accepted and I was offered an interview.

I was sent an email address from a ******@savershrm.com - I googled ""savershrm.com"" and it resolved to Savers.com. That was the first red flag that I missed. 

The interview was done through the Wire app, and it was done via text, which was the second red flag I missed. 

The ""interview"" took over an hour, and I was surprised by the incompetence of the interviewer (third red flag) but I also figured that recruiters don't understand graphic design. I had multiple moments where I thought, ""Haha, this person is a moron. I am playing them like a fiddle."" 

After the ""interview,"" there was a two hour period where my answers were ""reviewed"" by the board of directors. I was then offered the position, and sent a [fake contract](https://imgur.com/a/UFgaem1). 

Then, my new fake boss explained that I was supposed to purchase office equipment, and I was sent a [fake check](https://imgur.com/a/jqmBZzp) that I was asked to print out and deposit via my mobile banking app. Are we still counting red flags?

Let me tell you, my dumb ass tried to deposit this low res fake check about 6 times, and at *no point was I suspicious*. I was stoked for my new job, and offered to cover the cost of the office supplies with my own money, with the plan to deposit the check in person at the bank tomorrow. 

My new fake boss then directed me to send $1000 via venmo to his vendor (the first of multiple planned transactions). I kept offering to use a debit card. They asked if I could do Zelle. I opened a Zelle account. I came so close to actually sending this money. 

There was a problem with Zelle, and my ""oh fuck"" moment came when my new fake boss asked ""What Department/Grocery store is close to you?"" and I realized, all of a sudden, that none of this made any sense. 

I googled around for a little bit trying to confirm that I was being scammed, and couldn't find any page detailing what I was going through. I noticed the client was interviewing with 16 other people on Upwork for this job they had already offered me. I reported them on Upwork, and I am self reporting here on r/scams for being a total fucking moron. 

Please don't make the same mistake as I did, and if you need a graphic designer, feel free to hit me up. I'm an idiot, but at least I'm good at art.",Job scams
Reddit,job scam,"I've never worked a WFH job. Is this a scam? I've been communicating back and forth with this company. It's a very good job and I'm really excited to start working, but I'm scared that this is just a scam. They sent me a check so that I can buy a company laptop but I've never worked a job like this before so I'm not sure if this is normal.

So far they haven't asked for anything suspicious. They asked for my name, address, and bank; and they had me sign an offer letter.

Please help!",Job scams
Reddit,job scam,"Hey guys, I need your opinion. I recently got a work from home job offer but I'm not sure if it's legit. Can anyone help me figure out if I'm being scammed? Thanks in advance! Hey guys, I've been applying for work from home jobs and finally got an interview with a company called Patton Air Conditioning. They use Telegram to communicate which I've heard scammers use, but I decided to continue with the interview anyway. The interviewer asked genuine questions about my experience and previous jobs, so I started doing some research on the company and everything seemed legit. 

After some time, they reached out to me and offered me a job as a representative caller for $27 per hour. Here's where I messed up - I sent a picture of my social security card and driver's license to the email address they provided. I didn't think anything of it at the time because my previous job asked for the same thing. 

But now, after reading some threads on Reddit, I think I might be getting scammed. They say they're going to send me a check for equipment and I need to pick it up from one of their partners across California. I've tried calling the company's website number, but no one is answering. 

I froze my credit and locked my bank account cards, but I haven't received or deposited a check yet. I'm really worried about my identity being stolen. Has anyone heard of Patton Air Conditioning? Is this a scam? Help!",Job scams
Reddit,job scam,So I'm currently in a job interview this feels well like a scam. I don't need to give a company $200 to $500 for my training? Like what!,Job scams
Reddit,job scam,"Temu remote job scam I'm <name removed> from Kelly Services, Inc. (USA). We offer great remote online part time/full time jobs helping TEMU merchants update their data and increase visibility and bookings with free training. Part-time and full-time flex jobs allow you to work 60 to 90 minutes a day, 5 days a week, with flexible hours and locations (based on your own schedule), and receive daily bonuses of $50 to $500. Receive a base salary of $1,000 for every 5 work days worked. Paid annual leave: in addition to maternity leave, paternity leave and other statutory holidays. Regular employees are entitled to 5-15 days of paid annual leave. If you would like to participate please contact us on Whatsapp ‚Ä¶ 

I have been getting a lot of scammy text messages these days. Anyone else?",Job scams
Reddit,job scam,Why does this feel like a scam to a legitimate job posting from indeed.,Job scams
Reddit,job scam,Scam or did I ruin my chances with a job? I got a text saying they wanted to do a follow up on my application through indeed. I checked my indeed and emails and couldn‚Äôt find it.They also said they would pay me 500 dollars a week for working 3 hours a day 2 days a week.,Job scams
Reddit,job scam,Received this random text in early Dec about a job. Pretty sure it's a scam?,Job scams
Reddit,job scam,"I want to know if this job is a scam Hi guys just came from an hour long job meeting and the whole process and talk was great and genuinely feels genuine and I loved the way the boss talked and how he likes his business to run and how he is different from most companies.

The job is as a position as a travel consultant and the money you can make as well was great to hear and he told us a schedule and how there‚Äôs part time and full time and that he‚Äôs ok with part time but he‚Äôs mostly looking for full time and also how every pay is every week and all that stuff, it was a deep dive. 

The thing that got me was that at the end he said that we need to sign up and get a travel agent insurance certification which is 97 US dollars. He said it‚Äôs the only way to get the job because it‚Äôs liable because as a consultant you can make a simple mistake like booking the wrong flight for the client and that insurance is what has you covered so the client gets their money back. It‚Äôs also a monthly payment of the 97 dollars.

With the payment amount from the job, 97 a month is nothing at all, but I‚Äôm iffy about this first payment because what if it‚Äôs not real at all?? I‚Äôm hoping it is but I don‚Äôt want or can afford to get scammed right now but what if I miss out on a great job opportunity?

Can someone help me out?
This is also a work from home position.",Job scams
Reddit,job scam,"My new job‚Äôs HR department got scammed and they stole my paycheck Just wanted to post for others to be aware of. Especially if you happen to work in HR for a small company and come across these scams. The scammers literally just emailed my HR department a form with my name and address and requested that my bank account and routing number be updated to their account to steal my paycheck. They didn‚Äôt even fill out the other info on the form like my pay rate, SSN, date of hire, etc. They even sent it from an email address that was random numbers and letters @gmail.com. I‚Äôve emailed my HR department many times from my actual email address. And yet they still fell for it and changed where my money gets sent to. I‚Äôm so frustrated. I believe they may have done the same thing to my coworker who also didn‚Äôt get paid this week. It‚Äôs a small and relatively new company, and I‚Äôm a new employee. Just a heads up for anyone out there who may be in a similar position. Pay close attention that you are getting your paycheck on time.",Job scams
Reddit,job scam,"Wife was happy about job offer and interview. I‚Äôm a skeptic. Is this a scam? Wife was emailed from a company she didn‚Äôt apply to(first 2 pics), but her info is up on Indeed. She applied and they set up an interview for 10:30am. They called eastern time even though we are on the west coast. First number was Nevada, second was New York. Company claims to be Danish. I looked the company up and the website is super generic. Tried looking them up online and zero media presence. Once complaint that says they were offered a job real fast (pic 3) but doesn‚Äôt say why it was a scam. Website also said powered by amoCRM and that link brings it to what looks like a Russian language page (pic 4). Maybe I‚Äôm not good at looking up international companies, but this seems to just have so many red flags. Also, they are offering 4 hours a day work for $2,500 a month, about $31 an hour for customer service.

I don‚Äôt want her to risk a good job, but there is no way this isn‚Äôt a scam, right? I just wish LIS-Invest shows up on scam sites. Anyone able to help chime in on chances this is real? Thanks.",Job scams
Reddit,job scam,"A work from home job sent me a check to buy work equipment from but i think is a scam So i just got ‚Äúhired on‚Äù to this work from home job called cience and they recently sent me a check(i deposited the check but its still pending) to buy work equipment from their vendor and payed sum of credit debt and they ask to send a ss to confirm that everything is place and now seems fishy to me cause now the hiring manager is asking for my bank username and password for proper documentation but i dont feel comfortable with giving that information and atp idk what i should do 


Update i just called my bank to report the check as fraud and come to find the check just bounced back today and now im on the way to my bank try and stop them from closing my account",Job scams
Reddit,job scam,"Got offered a job that pays $1400/week for ‚ÄúData Entry Specialist,‚Äù‚Ä¶scam? The company is called ""Carwin Pharmaceutical Associates"" and they do exist as a company. I applied via LinkedIn and did an assessment and Remote (Zoom) interview. The pay seems too good to be true.",Job scams
Reddit,job scam,"Suspicious Job Recruitment Text ‚Äì Likely a Scam Targeting Personal Info Who:
The sender identified themselves as ‚ÄúScarlett from Randstad,‚Äù claiming to represent a recruitment agency. However, the contact seems highly suspicious due to the lack of transparency about how they obtained my information and the vague nature of the job offer.

What:
I received an unsolicited text offering a job with the following details:
	‚Ä¢	Weekly salary range of $8,000‚Äì$15,000 per month (or more).
	‚Ä¢	Flexible work-from-home hours.
	‚Ä¢	Applicants must be over 25 years old.

When I asked how they obtained my number, they refused to disclose this information, stating only that they ‚Äúwork with HR companies.‚Äù The job details seemed generic and predatory, as they included discriminatory age restrictions that violate federal employment laws. Additionally, the high salary claims and vague job description are common tactics used in scams to lure victims.

When:
This occurred on 12/4/24 via text messages. 

Where:
This happened on my personal phone. The sender provided a link claiming to represent Randstad but did not include specific details about the role or job location.

Why:
This message raised significant red flags:
	‚Ä¢	The sender could not explain how they obtained my contact information.
	‚Ä¢	The message included an illegal age restriction, which violates the Equal Employment Opportunity Act and Age Discrimination in Employment Act.
	‚Ä¢	The promised salary seemed unrealistically high for a generic job offer.
	‚Ä¢	The lack of transparency and predatory tone made it clear this was likely a scam or phishing attempt aimed at gathering personal information.",Job scams
Reddit,job scam,Is this a scam? I'm applying for a UPS job,Job scams
Reddit,job scam,"(US) Reddit is advertising task job scams on this sub! While browsing this sub today, I see an ad for ‚Äúdata annotation‚Äù in the middle of a post. This is a task scam, pretending to be a legitimate business while also farming their own ""employees"" for their personal data.

This sub is trying to fight against scams and help and protect users while Reddit is actively promoting them.

I tried to post a screenshot which included this text, but this sub allows you to create an image post, tells you to include relevant text, and after you do so and hit submit, it then immediately and automatically removes it. ü§∑‚Äç‚ôÇÔ∏è",Job scams
Reddit,job scam,"(Can) I started an online digital marketing type job and it sounds so real but I'm scared I'm being scammed. I recently responded to a post on Facebook about jobs with this digital marketing company. The job was very vague and only once I started was I filled in on what exactly the job was. Basically I am ""buying product"" (they give me $200 to start everyday) and I'm giving the product a 5 star rating to boost sales, not even sure that's legal...

 Anyways, the scam question comes in here, if the $200 they gave me is not enough to ""buy"" this product, I have to put in the remaining balance of the product into the account I've made to be able to buy it. I can't bypass anything, skip any products, nothing and I have to do 28 per day to be able to withdraw anything. They say the money I put in, I get back with my withdraw plus all my commissions plus any extra bonuses they have for amounts of deposits. I went through a training session and they gave me $80 to start and I was able to withdraw almost $200. Real money went into my account. 

My second skepticism comes here, they made me make a crypto account. I have to withdraw and deposit any money into a crypto account.

I've been doing this only 2 days (first day was training) and today, my second day they are asking me to deposit $1500 to be able to buy this product. They say I will get that $1500 back plus almost $500 worth of commission, plus a $100 bonus for depositing over $1000... My husband says this is 100% a scam. But I feel like its real. We're not sure well off so losing $1500 would be devastating. But I want to do this. Am I stupid? Is this a scam?",Job scams
Reddit,job scam,"Why I hate Narendra Modi While most of North India chokes, I was just watching how China managed to improve its air quality by 55% in just 10 years. Then I came across stories of how it significantly reduced ground-level corruption. What made these changes possible was a central government that dared to take bold, decisive actions. 

Now, I would never trade India‚Äôs democracy for an authoritarian regime like China‚Äôs (though we are very close to it). But what pains me is this‚ÄîNarendra Modi had a CCP-like decision making power thanks to his strong majority. He had 10 years to pass landmark bills that only a government with this kind of majority can. 

What could Modi have achieved?

	‚Ä¢	A powerful Anti-Corruption Act and update the Police Act so that citizens are not afraid of police. 

	‚Ä¢	A game-changing Environment Protection Law that could have let citizens breathe. 
	‚Ä¢	Tax Reform to Eliminate Evasion to create a more equal society. 
	‚Ä¢	Healthcare and Education reform so that poor kids don‚Äôt die in hospital fires and everyone gets a fair shot at life. 

Narendra Modi had the power. The people were hopeful. The stage was set for transformative policies that could have made crores of lives better.

But what did Modi choose?

We all know the answer. None of the above. Instead, we saw a focus on polarizing issues, diversionary tactics, and policies that seem designed to consolidate power to himself and his billionaire friends. 

This is why I feel so deeply disappointed. It‚Äôs not about ideology or party politics. It‚Äôs about an opportunity lost. Modi could have been the leader who defined India‚Äôs next 100 years, one whose legacy would be remembered fondly for centuries.

But instead, he chose the same old path of divisiveness, short-term gains, and power for power‚Äôs sake.

This is why I cannot support him‚Äînot because of what he did, but because of what he could have done.",Ham/Not a scam
Reddit,job scam,"Is this a job scam?? English is not my first language so the grammar will feel awkward, apologies in advance.

1- Searched the name of the administrator: didn‚Äôt come up. What I do know is that he is from a stock photo.
2- whenever I ask them on email how did they found my information , they ignore me. 
3- they do not have a phone number in their emails.
4- when searching for their head office I get a random result ( people from Canada or Manchester please verify)
5- the company‚Äôs name is not on any website. When I try to see or use any scam detection sites, nothing appears to be malicious. Which is what made me apprehensive about posting this because they did have my information (name, collage, GPA, number and email.) But it could be because they got leaked which is a whole other thing to be worried about.

Did anyone like me get an email from them?? I feel crazy for being paranoid, but I am not tech savvy and seeing them sending cover letters and pdf/ excel files made me confused.",Job scams
Reddit,job scam,"I fell for a job scam and I feel like an idiot I‚Äôm a recent college graduate who has been getting more desperate for money it‚Äôs been getting harder recently so I‚Äôve been applying everywhere I could. I got a job offer to be someone‚Äôs personal assistant it was a remote part time job so it seemed like something I could do in the mean time while looking for a job in my field, the dude was talking about how I could become an administrative assistant in a couple weeks if I my work was good they said they were going to buy equipment so I would be able to effectively work from home and provide virtual training so that I would understand the programs. This is where I feel INCREDIBLY stupid the person sent me a check to deposit using my mobile app so I could buy the equipment which I already thought was weird, I went ahead and did so and then they said I‚Äôd have to withdraw the money and deposit it into a bitcoin atm and then transfer the money to the vendor so I could get the equipment‚Ä¶ I knew it was stupid as I was walking to my car with the money in hand‚Ä¶I knew it was stupid when I was depositing the money‚Ä¶I knew it was stupid when I was transferring the money to the ‚Äúvendor‚Äù‚Ä¶but I still did it‚Ä¶when I got back home after all of that the person said I‚Äôd have to do it again tomorrow until the amount the check had was all transferred‚Ä¶I immediately went to my bank and asked them if I was being scammed then I was told to call a fraud number which I did and I filed a claim‚Ä¶I got scammed for $400 which I‚Äôm not getting back ._. Luckily I‚Äôm not bankrupt yet but it‚Äôs a serious dent in my wallet I feel like a complete idiot for recognizing the red flags and still going through with it just cause I was getting desperate",Job scams
Reddit,job scam,"[CA] is the job offering my boyfriend received a scam? My boyfriend and I live in Toronto and he has been applying for jobs nonstop on indeed and sometimes directly at companies‚Äô websites. He has applied to so much stuff we have lost track of it. Today he received an email: 

‚ÄúOur HR department reviewed your application on Indeed and we are glad to offer you a job of Customer Service Representative - Quality Control Agent.
Attached to my e-mail you will find the detailed job description and the application form.
To be considered for the position, make sure to complete the application form and e-mail it to ********@ctvnews.press
Have a look at the Job Description enclosed for more details about work.
Thank you for giving us an opportunity to review your information.
Regards,
Kevin Ramos‚Äù

The email address seems legit, we google it and it sends us straight to CTV. The job description that was sent is the attached pic, they also sent a form for him to fill out and in the end it asks for consent for a background check. 

We tried calling the news station to ask about it but it‚Äôs a dead end. The Kevin guy also called him today (latino name but what sounded like indian accent) telling him to apply by Monday. 

Since he first got the email, I called it a scam. But he‚Äôs scared of it being an actual opportunity and him just missing out. Please help us!",Job scams
Reddit,job scam,"Is rebag a scam? My friend got a remote ‚Äújob‚Äù there Hey, my friend got a remote ""job"" at rebag (rebag dot com) where my friend has to buy designer stuff (like prada and stuff), it gets shipped to them and then they return it and pay my friend a commission.

He has to buy the stuff with his own money! They claim that by doing this he can write good reviews (sketchy) and ""boost sales"".

This is the sketchiest ""online job"" I've heard of and he just sent his first payments last week (buying things) and they haven't paid him back.

He claims it's legit and that he vetted the place when we asked if he was sure about this place but it doesn't make sense to me.

Does anybody here have a credible source that determines whether this place is a scam or not so that I can show my friend? Or if anybody know if there is an imitation company and rebag is actually fine but the imitator is scamming my friend?

Thanks!",Job scams
Reddit,job scam,"Text SCAM from KLARNA RATE for job offer. Anyone get this? Hi, my name is Shirley. Our company, KLARNA RATE, is offering both part-time and full-time job opportunities. We are currently looking to hire 100 employees to assist Klarna merchants with updating their data. We will provide free training to help you become familiar with the job. The work is straightforward, and you can work from anywhere on your own schedule. You can earn between $250 and $800 per day, with a base salary of $950 paid every four business days. Wages are paid weekly, and after 10 days of employment, you will receive a formal employment contract. Regular employees are entitled to 10 to 15 days of paid vacation each year, as well as maternity and paternity leave. If you are interested in joining us, please contact us via SMS at +12052669314 for more information.",Job scams
Reddit,job scam,"Legitimate task job or task scam? There's this company called CloudBoost from Australia, apparently, that my friend turned me onto. Not sure how he came about it but, he recruited me (and is continuing to recruit a bunch more). He is the boss of our group of people, a guy named Richard is the boss of him and his over-boss is ""Mr. Hudson."" And we all contact each other via telegram. 

The job is: pay a certain amount to get on a level ($150 to level one for me and it goes up from there) and that level determines how much commission you get per task. The job is going to videos on Facebook, Instagram and YouTube and liking it, take a screenshot and post the screenshot on the CloudBoost app. Of course, this has red flags all over to me BUT my friend is getting paid a grip (still withdrawaling $1000 a week, so he says). They have not pulled a ""surprise task."" ""Lucky task"" thing yet--so I'm wondering when the other shoe is going to drop. My friend said ""the point of a scam is to take money, but I'm withdrawaling $1000 a week; it's not a scam."" So, is this legitimate? Scam? What could I expect them to eventually pull if it IS a scam? 
PS They DID reject my latest withdrawal... haven't found out why yet.",Job scams
Reddit,job scam,"Is this job offer a scam? My mother-in-law was recently contacted by a company called the ‚ÄúUnited States Benefits Association‚Äù for a job opportunity. She completed an online interview, and immediately after, they offered her the position. She received an offer letter, which I‚Äôve attached to this post.

My wife and I decided to do some research‚Äîwe looked up the address listed by the company, but we couldn‚Äôt find any record of it actually existing. Since my mother-in-law asked me to look into it, I‚Äôm turning to Reddit for advice.

Has anyone heard of this company? Does this sound like a scam? Any insight would be greatly appreciated!",Job scams
Reddit,job scam,"Is this job a scam? I got a a job offer from my university job sector and the job seems fishy as hell. This is to inform you that your check has been issued in the amount of $1,000 for you to mobile deposit, $700 will be used to purchase gift items for the foster Care Home, while the remaining $300 goes to you as part payment of your weekly pay.

Here is the Pdf payment check together with your payment, Kindly download both the front and back page on your PC. Then you can take clear pictures from your PC and have it deposited via your mobile app. 

Deposit Instructions

Open your bank app, and select Deposit Checks.

Select the Front of Check and Back of Check buttons.

Select the account to receive the deposit, enter the amount and tap Next. 

After confirming the details, tap Submit.

Then make sure you email me back the screenshot of deposit confirmation as soon as you get it done.

Hope to hear back from you asap.


i'm like 99% sure this is a scam ü´•",Job scams
Reddit,job scam,"I think I‚Äôm being scammed by my new wfh job I AM NO LONGER IN CONTACT WITH THE SCAMMERS AND CALLED MY BANK. I POSTED THIS MOSTLY FOR CONFORMATION OF MY SUSPICIONS AND DURING THE TIME I WAS WAITING FOR MY BANK TO OPEN.
I was hired for a wfh remote data entry position two days ago and the first phase is getting my home office set up. The company is Elion therapeutics if anyone recognizes it. They sent me 2,550 to get my home office set up and now we‚Äôre at the point of sending the money to the vendor who will then send me my equipment. They initially wanted me to transfer the money through Zelle but I don‚Äôt have Zelle, they then wanted me to use cashapp but it flagged as a potential scam, they floated the idea of a wire transfer but my bank doesn‚Äôt let you do those digitally so now they want me to send it through cashapps bitcoin stuff? Is this at all even possibly remotely normal? I assumed I was in the clear once the check went through but this is red flag city. 

Edit: completely forgot to mention, they did give me normal hiring paperwork like a w-4 and a I-9. I have no idea if that makes it less of a scam though since anyone could get those.

Edit 2: before anyone declares me the idiot of the century, I have not sent anyone any money. I called my bank as soon as they opened to deal with the check issue and the only reason they were able to scam me is because 1: I am 20, not knowing how things work is a known side effect of being 20. 2: most of my interactions with these people happened at 3 am my time, 8 am eastern standard. I was and am currently sleep deprived to hell and back. 3: I need a cane to walk and have roughly two weeks worth of money left. I‚Äôm desperate. 4: The only red flag that I, with my 20 year old brain and 0 corporate experience picked up on, occurred once I was supposed to send the money through cashapp. When that happened, I attempted it once because I knew cashapp would probably block it. Please remember, I AM DESPERATE. If there was an even 5% chance of this being real I had to take it as far as was safe. I came here so I could have as many people as possible beat it into my brain that this is a scam and I‚Äôm right to not trust it, because my desperation combined with general self doubt and sleep deprivation created a perfect storm through which I was taken advantage of. Would it happen to everyone? No. Am I the stupidest person on the planet? I really don‚Äôt think so.",Job scams
Reddit,job scam,"Is this job interview I recorded a scam? Good Day! I'm Micheal from SATELLITECO INC. We posted a remote Personal Assistant on LinkedIn, and you expressed interest by applying. We have a remote position opened and our HR team has reviewed your application and would like to discuss further. If you're still interested in the opportunity, please reply with a ""YES"", and I'll be happy to send over more details. Looking forward to hearing from you!

I'm the interview manager of SATELLITECO INC.

We are looking for a Personal Assistant to type information into our database from paper documents. The ideal candidate will be computer literate and a good typist with a keen eye for detail. You will report to a senior team member. Understanding of data confidentiality principles is compulsory.

The working hours are flexible, and you can choose to work from anywhere of your choice, the pay is $30per hour which you‚Äôll be carrying out assignments that can be up to 5-6 weekly. And also, the company will be providing you with equipment's only after you‚Äôre hired and ready to start working. The company will provide you an ''Apple MacBook Laptop‚Äù With a fast Internet connection, printer, copy machine and your W4 form will be coming along with the working materials you need to start work with. 

Your duties and responsibilities include 

* Preparing and sorting documents
* Entering data into database software and you will need to make sure the accuracy of the data that has been loaded
* Correcting similarities in information and getting more information for incomplete documents
* Creating data backups as part of a contingency plan
* Answer to the requests from authorized members 
* Testing new database systems and software updates. And some other tasks that you can be asked to get done from senior staffs.

BENEFITS includes
* Group Insurance 
* 401(k) plans
* Section 125 plans
* Employee wellness 
* Paid time off and Holidays with generous company discounts 
* Tuition reimbursement 
*Telemedicine
* Bonuses 


You should be able to handle all of this if you‚Äôre hired and trained? Please go through that carefully and respond if you would like to proceed to the next step.

I‚Äôm very suspicious since I also have no recollection of applying to them (but I also applied to way too many things to keep track).",Job scams
Reddit,job scam,Bristol Myers-Squibb possible job scam? Can someone read through these correspondences and help? More info in comments.,Job scams
Reddit,job scam,"Assistant manager at my Job asked me to log into a crypto ATM at work to deposit money for the boss, turns out it was a scam I work at a store and while I was closing, the person who was in charge that day was called by someone who claimed to be the owners of the store, as well as through another number claiming to be the boss's other phone, telling her she needs to put a large amount of money into the Bitcoin ATM. They're not local as one phone number was in another part of the state, and a WhatsApp number from outside the US.

Long story short she needed to log into this crypto ATM so she asked me to log into it and I had to put my social, phone number, driver's license and a face scan into it before we realized these are scammers. Our other coworker messaged the boss and asked if she was supposed to be putting lots of money into the ATM and he said no then asked why. It felt kind of odd but I figured it was nothing, now I know not to give that kind of information as part of my job. The scammers got several thousand dollars from her before she stopped.

As far as I know my sensitive information didn't go straight to the scanners, but I'm concerned that now they have my identity through the ATM. Also, now I heard through a co-worker that the owner of the store wants us to stay quiet about it and that it's a ""private situation to be handled in house"". My boss wants me to make a police report when I go in today. 

This feels like it is A violation of at least a few work laws here in the US and I certainly don't like the idea that they're telling me to keep it between them and my co-workers when it's my personal information involved. Already called my bank and had them block my cards. I suspect my coworker is playing dumb but is in on it as she asked me a few days ago about crypto and it just seems suspicious in general.

Have any of you guys ever been in a similar situation ? What pointers and advice do you have moving forward? This all just started last night. 

I don't know much about crypto or traded but I got involved in a scam involving it

Edit: yes me and the other people involved we're definitely not thinking on this one. I can hear my older self criticizing me. Glad I could make you laugh but yes it's real üíÄ",Crypto scams
Reddit,job scam,"Possible screenwriting job scam? I completely forgot where I applied but I know I applied to be a remote screenwriter sometime recently. Today they sent me a PDF asking me interview questions and I returned it. It had official headings and their NY headquarters address attached. They told me they would have a decision later today but it all seems too good to be true. I didn‚Äôt even speak to anyone and a job like this would attract hundreds of people. No way it would have been this easy

Do scammers really impersonate huge entertainment companies like this?",Job scams
Reddit,job scam,"The Reddit thread I wish I had found about job opportunity scam Recently I was contacted via email from a Deborah V. who works for Starr Regional Medical Center for a remote office manager position that I applied for via Linkedin.

I was then contacted by Eileen D. via text message to help me order my office equipment. I processed over $2k in charges across two days for two computers and a printer from Kmart and sears websites. Once I received all equipment I was meant to send it to an engraver for the company's logo and they would return it. I have never worked a remote job, so I didn't know this was abnormal. She sent me the links to the items and she provided card information to purchase. The card went through successfully with my name and address which is terrifying, now.

Certain details started to make me feel uncomfortable and after paying more attention I realized it was 100% a scam. For example her email was .net and the website is.com. Eileen alleged an iPad was out of budget so we would order a MacBook instead. I was never invited to fill out 19 or W4 information.

I have frozen all of my credit and they don't have any too damning information, but I processed those payments and idk how that affects me. I don't see any new lines of credit or inquiries.

The items are meant to arrive today and I'm just returning to sender so the money will be refunded, wherever it came from.

I called the HR department of the actual business and they confirmed it was a scam and people have been calling them for weeks.

l also filed a report with the federal trade commission

Deborah V. is a real employee of Starr Regional Medical Center but essentially these people are using her info to make the scam seem more legitmate. Unfortunately for me, it worked. 

Hope this helps someone else. Be careful out there guys. People suck.",Job scams
Reddit,job scam,"(USA) I need help determining if this remote job offer is a scam. Any advice is appreciated. Hi Reddit! I‚Äôve been looking into remote jobs as of late and have applied for a few.

Earlier today I received an image stating ‚ÄúWe Are Hiring! Join our professional team! Remote online evaluator. Salary: $100-$600 per day. Working hours: 1-2 hours per day. Time freedom: Can be at home anytime. If interested, reply ‚Äúyes‚Äù or ‚Äúinterested‚Äù‚Äù in a text message. It is pictured above.

I have not applied for any jobs as a remote online evaluator. The text message doesn‚Äôt list a specific company and it doesn‚Äôt have any specifics on what I would be doing in the role so I‚Äôm not sure if I should trust it and respond. I‚Äôm asking for advice because I don‚Äôt know if this is a legitimate offer and they found my number through one of the job searching websites I‚Äôve been using (indeed, ZipRecruiter,etc.) or if it‚Äôs just coincidence and some scammers got my number.

Once again any advice on this is appreciated.

(I have also posted this on r/isthisascam for a wider pool of advice)",Job scams
Reddit,job scam,"JOB SCAM: PRESTIGE PARCEL LLC they have a photo of me holding my ID. Should I be concerned? I wanted to make this post so no one else is foolish enough to fall for this scam like I did. 

This company is claiming to be an international shipping company located in LOUISIANA that ships packages all around the world. My job was a package checking specialist and I was offered 3200 base pay plus $40 bonus per package that was sent out on time. Totaling to about 4800 a month.

 All I needed to do was open packages and inspect for damages, take photos of the products and upload all details onto my dashboard. Then go to a fedex ups usps to send out the package. I did just one package (it contained a gold ring) and realized this is too easy of a job for this salary. I should have done my due diligence before hand.

Too good to be true but in this economy and living in California I was desperate‚Ä¶ I now know this is a scam because of all the post I‚Äôve been reading and people getting screwed over from a job like this. These people that are scamming were able to provide valid LLC documents and EIN taxpayer numbers. 

No shipping checking job is real! If anything apparently it‚Äôs ILLEGAL üò≠ thankfully I didn‚Äôt give up any bank info, or SSN. They only have a copy of me holding my ID. Should I be worried about them having this????
",Job scams
Reddit,job scam,"[US] Owen Wilson befriended my mother. My sister & I have been telling her it‚Äôs a scam but she‚Äôs just not hearing us. Here‚Äôs the situation(plethora of red flags). 
 
- She met him on Yahtzee with Friends. He claims he‚Äôd mistaken her for a person he knows in real life. 
He only talks to her on WhatsApp. Voice calls. She says FaceTime too but I have doubts. 

- Originally just sent photos directly from the fan account social media. NOTHING that we couldn‚Äôt find on the internet. She says he hasn‚Äôt asked for money or banking info. 
 
- He ‚Äúgot her a job‚Äù with Warner Bros. where she can make $5000 a month but liking social media posts. The job has sent her a couple $10 payments 
through Cashapp for her first trainings. She says they‚Äôll send her $1,000 through CashApp when she finishes training. 
 
- He‚Äôs now buying a house in our small coastal town & wants her AND MY DAD to live there & be caretakers when he‚Äôs not there. He had an actual realtor from this gated community call her to discuss their options. We believe this part because the realtor mentioned my sister in law‚Äôs mother‚Äôs uncommon name(we have no connection to her on social media) when my mother brought up my brother‚Äôs wedding reception being held in the neighborhood. 

And he sent the video attached as ‚Äúproof‚Äù. 

Any advice yall can provide, to definitively prove to her this is a scam, would be greatly appreciated!",Job scams
Reddit,job scam,"Can someone tell me if this is a job scam? Yesterday, I got a voicemail that said this: ‚ÄúHey it's Mark I'm calling with an update in regards to the position that you applied for that role has been filled however after our team left over your r√©sum√© we do have a higher level position to offer you please look out for my email by end of day and schedule a meeting with me to go over the details don't forget to check your spam folder as well see you soon.‚Äù

Later last night, I received an email from Talent Vibe Solutions that said this: 
‚ÄúHey,

Thanks for your interest in working with us. Unfortunately, the position you applied for has been filled. However, after further reviewing your resume and past work experience, we believe you'd be a great fit for another remote position we currently have available.

Please schedule a meeting with our founder to learn more about the position, pay, and our company.

Choose a time slot here: (I removed the link for the sake and safety of this post)

We look forward to learning more about you and potentially bringing you onboard our team!

 

- Hiring Team‚Äù

I find it odd that neither of these communications have mentioned the position I applied for or the company that the position is for. The only job I applied for recently was an application I sent over email to a different email address. 

Is this a scam? Has anyone else gotten this?",Job scams
Reddit,job scam,"[US] Possible job scam, looking for feedback I applied for a job that appears to be a customer service job in the tech field. They are a mostly european company that are now branching into the US. It's supposedly remote contract work for only a few hours a week and really decent pay, so it's already sending up some red flags.

The ""onboarding,"" process has basically involved signing up for a bunch of new Gmail and Upwork accounts, while giving them complete remote access to an Anydesk account so that they can access my laptop 24/7, which I've been instructed to leave on day and night. This sounds sketchy AF, and I wouldn't have done this *except* for the fact that my laptop is completely empty and **not** connected to my home network, webcams, microphones, or anything else that would risk someone gaining access to private data or installing malware (I reinstall the Linux OS on the laptop every month or so anyways, so IDGAF if malware gets installed on it).

Like I said, this sounds sketchy as hell, and I'm just curious if anyone has ever heard of any *legitimate* job working like this? Also, is there any security vulnerability that I may have overlooked which could make this experiment actually pose a threat?

EDIT: Thanks everybody, I've since closed all accounts, and reported them to ic3",Job scams
Reddit,job scam,"Apple Cash Scam: scammer accidentally sends $500 to a random person, then requesting for it back. Y‚Äôall‚Ä¶ lol üòÜ this is crazy. This is just the some of the main messages since Sunday. 

Can‚Äôt even be comfortably passing out your business cards because strangers send you Apple Cash randomly and show up to your job but yet not wanting to file a report when the cops came‚Ä¶ 

The officers told her she is in the wrong for sending the money to the wrong person because she kept saying I was trying to just keep ‚Äúher‚Äù money. No I don‚Äôt wanna keep stolen money. 

She thought she targeted someone she thought would easily cave in‚Äù but lol honeyyyy she can wait on this money bc I don‚Äôt play about my finances üíÖüèΩ

That money isn‚Äôt going to be touched / she knows it and yet she‚Äôs reaching out to me on all platforms. Cashapp, zelle, and hitting up my fam now telling them different stories of what the money was for. She‚Äôs done told 3 stories within 2 days. 

What do y‚Äôall do in this situation because it‚Äôs so mf annoying lol like‚Ä¶ I already said my hands are tied bc I‚Äôm definitely not sending it back. Idk her and how do you accidentally idently send $500. 

She keeps calling from different numbers and will not stop.",Crypto scams
Reddit,job scam,"[US] Got a promising job offer, but feel like it's a scam. Hello all! I'm someone who's been looking for a remote job, and was hoping to find something I could actually do. I recently replied to one, and they emailed asking for my resume (which I gave - it doesn't have any super personal info on it anyway). The pic is the response I received.

https://preview.redd.it/o3dzqcv6p1jf1.png?width=1616&format=png&auto=webp&s=d8ca3bb0c694317702674851ed5c9c0ad45c52dc

This seems like a good job offer! I mean hell, $30/hr post-training with flexible work hours, and they send me the equipment? That sounds like a dream come true. But it also sounds... too good to be true.

To give context: the only reason I can potentially rationalize the pay offer is their minimum requirement for this position is a high school diploma. I have an associate's degree in social science, and 2 years of office/clerical experience.

I attempted to do research into the company as well. Some points came up hopeful, others came up... less so. I'm not very knowledgeable in where, exactly, to look and find out if these are scams.

The link they provided to the company's site is in the email pic provided.

If anyone can offer some insight, I'd greatly appreciate it. I'm going to email back and see if they can provide any further information, or ask if they can confirm that this is a valid job offer and try to play it off as ""there's plenty of scams and I would just like some security before I move forward"". I'm worried this is them trying to get my information during the onboarding process. I'm also worried this could be their way of invertedly getting me to be one of those scammers who disguises as a company/insurance offering really sick people free quality of life items. Any help is appreciated.",Job scams
Reddit,job scam,"Seeking advice and opinions on a job Offer from Sorteen LLC- Is it legitimate or a scam? someone Please help,

I recently received a job offer from a company called Sorteen LLC, which claims to offer work-from-home positions as supply handlers. The company website is [sorteen.com](https://sorteen.com). I""m reaching out for advice and opinions from anyone who may know if the company is real or a scam. I can't really tell from my research, but thats not saying much, I don't actually know where to even look other then a google search. Thank You to anyone that takes the time to read my post and provides help with answering my question. I Just really really don't want to be scammed nor do I want to help scammers with shipping items that were stolen from some poor person. I am a single mother who wants a real work from home job I am so sick of filling out apps only to be answered by these scammers trying to take money I already don't have. Thank You I eager to gather as much information as possible as well as I can provide extra info if needed They have not asked for any other information other then name address email and phone number I have the job offer agreement i am suppose to sign as well as payroll agreement the emailed to my. The person that I talked to through email was: Bless Jenkins-- [bless.jenkins@sorteen.com](mailto:bless.jenkins@sorteen.com) I did do a phone interview which seem real she asked all the normal interview question even enquired about previous employment.. I just so unsure because there are some things that seem odd but also things that seem real .",Job scams
Reddit,job scam,"Job Application Scam? Applied for a web developer position on linkedin that had a lot of good reviews, and i got this email and a couple days later saying i was accepted. Could this be a scam? I‚Äôm still a sophomore in college and only just about to get my associates. I want to make sure before I give them my information. BTW, text below is the acceptance letter:

I'm pleased to inform you that the company has hired you as one of its Frontend Developers (Remote). due to your experience level and work abilities. I congratulate you on behalf of the business. You are now presented with the opportunity to join the Appy Ventures team.

We believe that your knowledge, abilities, and experience would be a perfect fit for our creative team and would make a significant contribution to the company's growth.

Daily tasks will be emailed to you, and I will be available to guide you through them. Immediately following the setup of your workspace, you will undertake a 3- to 5-day online training via Zoom.

You will receive weekly pay via wire transfer, direct deposit, or check, depending on your preference, at $75 per hour. Benefits include Health, Vision, Dental Insurance, Employee Wellness, and Paid Time off. After three months of employment, you will become eligible for additional benefits.

After 5 days of working with us, you will receive a user ID and password, a link to the company's server, a list of phone numbers for various departments, and the necessary forms to complete.

Before beginning employment, you will receive a payment (check) that will be used to set up your workstation by purchasing the necessary office equipment and software to begin your training and work.

You will shortly receive your employment offer letter. We want you to begin training as soon as feasible.

You must submit the following information immediately so that it can be incorporated into your offer letter:

Your Entire Name:
Complete Address:
Telephone number :
Your Email:

Please email me the above-requested information:

Congratulations!

Kind Regards.",Job scams
Reddit,job scam,"Got scam by transfer money job Last week i got an offer for transfer money job from an Asian Facebook marketplace.
She said because some U.S customer don't know how to send money to asian after order items from their shop.
Customer will send their payment screenshot through zelle then she will share it to me.

My job is check and let her know if i receive money then i will send money to her bank account and share her a receipt and she will ship to her customer.
I will get paid like 5% after transfer money.
Then she send me her asian bank account and her I.D match with that account 

Then i checked again 
First it is real bank account
Second, her Facebook marketplace was create from 2022
Third she had more than 5k followers and i checked like more than 20 followers and they are real.

Three days later, someone send me message and ask me to zelle their money back or they will report to the police because they didn't get their orders.
I don't know what is going on so i asked her then she said very sorry. All was scam and block me. Total i already send $5k
Please give me advice what should i do because i don't have money to zelle back.
Thanks a lot.

",
Reddit,job scam,"How do I know if I'm being scam out of my remote jobs? I applied to all remote jobs on linkedin except those companies I've searched here that has a beware.

I'm from another country applying to worldwide jobs such as from US. How do I know if I'm being scammed once the hiring process is being done? What will scammers require from me? How will legit companies pay me? [I read here that I should not be giving bank info? ] I'm applying for IT companies now to align with my course in college but I did have remote freelance experience on arts and uses paypal as payment process so I'm not quite sure how different it would be on linkedin. Thank you very much!",Job scams
Telegram,unknown,"**Yo HMU ****@Miguel_spamm****.¬† I got 

üîò¬† Fresh $pammed 
Bank logs, CCs & Fullz

üîò¬† $ Office365 available 

üîò¬†Building virus 100%

üîò¬† SMTP available 

üîò¬† ACH / Wire / DirectDeposit / BillPay Methods 

üîò¬† iPhone & Accessories charting

üîò¬† Drop openup

üîò¬† Tax Rufund & Edd update 

üîò¬† Verified coinbase account/leads

üîò Rackspace available 

Time wasters KEEPOFF

Tappin ****@Miguel_spamm** **purchase.**",Crypto scams
Telegram,unknown,"üÖ∞üÖ∞üÖ∞üÖ∞üÖ∞üÖ∞üÖ∞‚öôÔ∏è**
__Hire me for all Blackhat Seo and cybersecurity hacking services__**üìä‚öôÔ∏è**__
__**üì±üì±üì±üì±üì±üì±üì±üì±üì±üì±üì±üì±üì±
üíª**School grades manipulation**
üíª**Malware and Ransomwares**
üíª**Papers manipulation **
üíª**Ban/Unban Social media**
üíª**All social media Spying
**üíª**Bypass 2FA**
üíª**Clone cards **
üíª**Pegasus and SS7 attack
**üíª**Pc/Macbook Hacking**
üíª**Whatsapp Hacking**
üíª**Facebook Hacking**
üíª**Instagram Hacking**
üíª**Snapchat Hacking**
üíª**Database Hacking**
üíª**Icloud/Gmail Hacking**
üíª**Mobile phone Hacking** 
üíª**Windows rat and Spyware**
üíª**Scam funds recovery**
üíª**Cctv and ip tracing**
üíª**Wallet phrase recovery**
üíª**Website Database Hacking**
‚ÄºÔ∏èüòá**__And more, inbox me for more__** **__service and info__**‚úâÔ∏è‚≠êÔ∏è

‚ö†Ô∏è**NO FREE SERVICES!!!**‚ö†Ô∏è

‚û°Ô∏è**@Harnuff_H4ck**üëà**
**‚û°Ô∏è**@Harnuff_H4ck**üëà",Hack/Illegal Services
Telegram,unknown,"**BULK SMS AND EMAIL AVAILABLE **

Quality delivery bulk sms traffic‚úîÔ∏è
Get your platform set and start sending 
SEND SMS DIRECTLY with comfortblast ,Bank&bulk mails, SMS Spam,Traffics,Email Blasting @Toolz_4spamming

üì• Supports all kinds of traffic.üì≤ 
‚è≥ 99.9üõçratio of messages are sent inbox üì§
ü™™ Sends with customized SID üÜî 
üî∞ It Comes with leads..üìû
üí† Supports all contentsüí¨
üì§ Delivers to all carriersüåç
üì§ Sends to all countries¬† üåç
‚û°Ô∏è‚¨ÖÔ∏è Hit Inbox üíØüì≤ ‚òéÔ∏è
üî©Results Guaranty üíØ
üü• SPAM TOOLS & PAMMING ¬†¬†¬†¬†¬†¬†¬†¬†¬†¬†¬†¬†¬†¬† METHODS üíØ

FRANCEüá´üá∑[LANDLINE & MOBILE] USAüá∫üá∏[ALL BANK CALLER ID PASS] CANADAüá®üá¶ SPAINüá™üá∏ ITALYüáÆüáπ AUSTRALIAüá¶üá∫ BELGIUM TURKEYüáπüá∑ SWEDENüá∏üá™SWITZERLANDüá®üá≠AUSTRALIAüá¶üá∫ UKüá¨üáß INDIAüáÆüá≥ FRANCEüá´üá∑ SAUDI ARABIAüá∏üá¶¬† PORTUGALüáµüáπ 
‚ö°Ô∏è+150more countriesüê±
üö©üö©üö©üö©üåéüö©üö©üö©

DID NUMBER ‚ÄºÔ∏è
Local, International and toll-free business variety, available in multiple regions.ALL COUNTRIES WORLDWIDE üåê 

üåéDM for smtps and rdps 
üåéAll format for spamming available 

üñ≤we also offerüñ≤
üì≤üì•smtp 50k
üì≤üì•Office Sender
üì≤üì•Encrypted Letter
üì≤üì•Fast Rdp
üì≤ üì•Fud Link cookies grabber 
üì≤üì•Office Email Verifier
üì≤üì•Cashout method 
üì≤üì•result to telegram
üì≤üì•c-panels

üíªScam Pages, True Login & Anti Bot, uAdminüí°
¬†¬†¬†¬†¬†¬† üîãScam Pages
¬†¬†¬†¬†¬†¬† üîãGreece/USA/UK/French ScamPages
¬†¬†¬†¬†¬†¬† üîãCrypto Scam Pages
¬†¬†¬†¬†¬†¬† üîãOffice365 Auto grab antibot truelogin
¬†¬† üîãoffice365 Sender full setup 
¬†¬†¬†¬†¬†¬†üîãSMTP To Sms Sender 
¬†¬†¬†¬†¬†¬† üîãSmtp to sms php sender
üå∏üå∏üå∏üå∏üå∏üå∏üå∏ üå∏üå∏üå∏üå∏üå∏üå∏üå∏
¬†¬†¬† .LEADS
also available in:
‚òéÔ∏è Phone Data
üè¶ Email Data
üè¶ Whatsapp Data
üè¶ Business (B2B/B2C) Leads 
üè¶ Crypto/Forex Data
üè¶ Payday Loan Info
üè¶ Immigration Records
üè¶ Bank Leads (with/without IBAN)¬†¬†¬†¬†¬†¬†¬†¬†¬†¬†¬†¬†¬†¬†¬†¬†¬†¬†¬†¬†¬†¬†¬†¬†¬†¬†¬†¬†¬†¬†¬†¬†¬†¬†¬†¬†¬† 
¬†¬†¬†¬†¬†¬†¬†¬†¬†¬†¬†¬†¬†¬†¬† and many more available worldwide and in large quantities

Admain: @Toolz_4spamming

Channel: @mass_marketing0

WhatsApp: +1 (406) 410-4253",Phishing attempts
Telegram,unknown,"Yoo fam HMU @Spikesel 

üíª OFFICE365 AVAILABLE 

üì™ SMTP AVAILABLE 

üìù LEADS AVAILABLE 

üì≤ SMS TRAFFIC AVAILABLE 

üñ≤ ALL SPAMMING TOOLS AVAILABLE 

PM @Spikesel for purchase",Phishing attempts
Telegram,unknown,"**Flash USDT ****üì±**** available** 
**180 Days VALIDITY **‚öôÔ∏è
**Supports all wallets **
**DM for prices and infos** ‚úîÔ∏è
**1M+ available in stock** ü¶Ö",Crypto scams
Telegram,unknown,"**Yooo ****@Duke110**** **I got **

CC‚ÄôS 
CLONED CARDS 
DEBIT/CREDIT LINKABLES 
BANK LOGS
CRYPTO LOADING 
CHECKS
DUMPS WITH PIN
FULLZ


HMU ****@Duke110**** coin ready**",Crypto scams
Telegram,unknown,"**BULK SMS AND EMAIL AVAILABLE **

Quality delivery bulk sms traffic‚úîÔ∏è
Get your platform set and start sending 
SEND SMS DIRECTLY with comfortblast ,Bank&bulk mails, SMS Spam,Traffics,Email Blasting @Toolz_4spamming

üì• Supports all kinds of traffic.üì≤ 
‚è≥ 99.9üõçratio of messages are sent inbox üì§
ü™™ Sends with customized SID üÜî 
üî∞ It Comes with leads..üìû
üí† Supports all contentsüí¨
üì§ Delivers to all carriersüåç
üì§ Sends to all countries¬† üåç
‚û°Ô∏è‚¨ÖÔ∏è Hit Inbox üíØüì≤ ‚òéÔ∏è
üî©Results Guaranty üíØ
üü• SPAM TOOLS & PAMMING ¬†¬†¬†¬†¬†¬†¬†¬†¬†¬†¬†¬†¬†¬† METHODS üíØ

FRANCEüá´üá∑[LANDLINE & MOBILE] USAüá∫üá∏[ALL BANK CALLER ID PASS] CANADAüá®üá¶ SPAINüá™üá∏ ITALYüáÆüáπ AUSTRALIAüá¶üá∫ BELGIUM TURKEYüáπüá∑ SWEDENüá∏üá™SWITZERLANDüá®üá≠AUSTRALIAüá¶üá∫ UKüá¨üáß INDIAüáÆüá≥ FRANCEüá´üá∑ SAUDI ARABIAüá∏üá¶¬† PORTUGALüáµüáπ 
‚ö°Ô∏è+150more countriesüê±
üö©üö©üö©üö©üåéüö©üö©üö©

DID NUMBER ‚ÄºÔ∏è
Local, International and toll-free business variety, available in multiple regions.ALL COUNTRIES WORLDWIDE üåê 

üåéDM for smtps and rdps 
üåéAll format for spamming available 

üñ≤we also offerüñ≤
üì≤üì•smtp 50k
üì≤üì•Office Sender
üì≤üì•Encrypted Letter
üì≤üì•Fast Rdp
üì≤ üì•Fud Link cookies grabber 
üì≤üì•Office Email Verifier
üì≤üì•Cashout method 
üì≤üì•result to telegram
üì≤üì•c-panels

üíªScam Pages, True Login & Anti Bot, uAdminüí°
¬†¬†¬†¬†¬†¬† üîãScam Pages
¬†¬†¬†¬†¬†¬† üîãGreece/USA/UK/French ScamPages
¬†¬†¬†¬†¬†¬† üîãCrypto Scam Pages
¬†¬†¬†¬†¬†¬† üîãOffice365 Auto grab antibot truelogin
¬†¬† üîãoffice365 Sender full setup 
¬†¬†¬†¬†¬†¬†üîãSMTP To Sms Sender 
¬†¬†¬†¬†¬†¬† üîãSmtp to sms php sender
üå∏üå∏üå∏üå∏üå∏üå∏üå∏ üå∏üå∏üå∏üå∏üå∏üå∏üå∏
¬†¬†¬† .LEADS
also available in:
‚òéÔ∏è Phone Data
üè¶ Email Data
üè¶ Whatsapp Data
üè¶ Business (B2B/B2C) Leads 
üè¶ Crypto/Forex Data
üè¶ Payday Loan Info
üè¶ Immigration Records
üè¶ Bank Leads (with/without IBAN)¬†¬†¬†¬†¬†¬†¬†¬†¬†¬†¬†¬†¬†¬†¬†¬†¬†¬†¬†¬†¬†¬†¬†¬†¬†¬†¬†¬†¬†¬†¬†¬†¬†¬†¬†¬†¬† 
¬†¬†¬†¬†¬†¬†¬†¬†¬†¬†¬†¬†¬†¬†¬† and many more available worldwide and in large quantities

Admain: @Toolz_4spamming

Channel: @mass_marketing0

WhatsApp: +1 (406) 410-4253",Phishing attempts
Telegram,unknown,A large number of USA updates @Boscoccs4_bot,Phishing attempts
Telegram,unknown,"üëåüëåFlash Bitcoin and üëåüëåflash usdtüëåüëå

üëçüëçüëçüëçüëçüëçüëçüëçüëçüëçüëçüëçüëçüëçüëç

 TRC20 and üí´üí´bepAvailable‚úÖ

üíéüëåTransferable spendable‚úÖ
Directly received flash‚úÖ

Trc20, bep20,erc20,usdt.z,usdt.t

Validity time 180 Dayü§úü§úü§ú

It's tradable, spendable, convertible, transferable, splittable, swappable

Work on binance, exodus, trust wallet, bybit, byget, game site, etc?

üí´ü§úPer 500 cost 10$
üí´ü§úPer 1k cost 20$
üí´ü§úPer 2k cost 40$
üí´ü§úPer 3k cost 50$
üí´ü§úPer 4k cost 80$
üí´ü§úPer 5k cost 150$


ü§õüí´Per 1btc cost 150$
ü§õüí´Per 2btc cost 300$
ü§õüí´Per 3btc cost 600$


And so much price Dm me now let deal 


üåôüåôüåôüåôüåôü•âü•âü•âüéñÔ∏èüéñÔ∏è

Work on Android phone and iphone 

üëçüëçüëçüëçüëçü§úü§úü§úü§úüíØüíØüíØ


To multiple ü§úü§úüëçwallet on binance, üí´üí∞trust wallet,‚úÖ‚úÖ trade wallet andüí´üéñÔ∏èü§úü§ú game site


@Jackpell",Crypto scams
Telegram,unknown,"ü§ùü§ùü§ù GET YOUR COINS AT YOUR AFFORDABLE PRICE üëèüëèüëè

‚ú®Have you heard about crypto currency platforms flashing ‚ú®

The flash can be ü•áUsdt/ TRC20, bep20, erc20 ü§ù BTC üî• Sol ü§ù Usdbit ü§ù sETH ü§ù sETH ü§ù Sphynx ü§ù BNB smart chain ‚ö°usdt.t ü§ù usdc ü§ùEth etc 

‚ú®Get your coins now available ‚ú®

‚ú®500 usdt/BTC flash cost you 10$
‚ú®1k usdt/ BTC flash cost you 20$
‚ú®5k usdt/ BTC flash cost you 70$
‚ú®10k usdt/ BTC flash cost you 120$
‚ú® 20k usdt/ BTC flash cost you 200$

Etc and so on , available for more as well
 
Whtp: +63 9641756871

üî•Features of the flash:

Flash Bitcoin and flash usdt TRC20 and bepAvailable
üíØTransferable
üíØspendable
üíØDirectly received flash
üíØValidity time 180 Days 
üíØIt's tradable,

 spendable, üíéconvertible,üíé transferable, üíésplittable, üíéswappable
 
To multiple wallet on binance, trust wallet, trade wallet and game site

üëáüëáüëá
@Muhammadsambo07",Crypto scams
Telegram,unknown,"üëåüëåFlash Bitcoin and üëåüëåflash usdtüëåüëå

üëçüëçüëçüëçüëçüëçüëçüëçüëçüëçüëçüëçüëçüëçüëç

 TRC20 and üí´üí´bepAvailable‚úÖ

üíéüëåTransferable spendable‚úÖ
Directly received flash‚úÖ

Trc20, bep20,erc20,usdt.z,usdt.t

Validity time 180 Dayü§úü§úü§ú

It's tradable, spendable, convertible, transferable, splittable, swappable

Work on binance, exodus, trust wallet, bybit, byget, game site, etc?

üí´ü§úPer 500 cost 10$
üí´ü§úPer 1k cost 20$
üí´ü§úPer 2k cost 40$
üí´ü§úPer 3k cost 50$
üí´ü§úPer 4k cost 80$
üí´ü§úPer 5k cost 150$


ü§õüí´Per 1btc cost 150$
ü§õüí´Per 2btc cost 300$
ü§õüí´Per 3btc cost 600$


And so much price Dm me now let deal 


üåôüåôüåôüåôüåôü•âü•âü•âüéñÔ∏èüéñÔ∏è

Work on Android phone and iphone 

üëçüëçüëçüëçüëçü§úü§úü§úü§úüíØüíØüíØ


To multiple ü§úü§úüëçwallet on binance, üí´üí∞trust wallet,‚úÖ‚úÖ trade wallet andüí´üéñÔ∏èü§úü§ú game site


@Jackpell",Crypto scams
Telegram,unknown,"üëåüëåFlash Bitcoin and üëåüëåflash usdtüëåüëå

üëçüëçüëçüëçüëçüëçüëçüëçüëçüëçüëçüëçüëçüëçüëç

 TRC20 and üí´üí´bepAvailable‚úÖ

üíéüëåTransferable spendable‚úÖ
Directly received flash‚úÖ

Trc20, bep20,erc20,usdt.z,usdt.t

Validity time 180 Dayü§úü§úü§ú

It's tradable, spendable, convertible, transferable, splittable, swappable

Work on binance, exodus, trust wallet, bybit, byget, game site, etc?

üí´ü§úPer 500 cost 10$
üí´ü§úPer 1k cost 20$
üí´ü§úPer 2k cost 40$
üí´ü§úPer 3k cost 50$
üí´ü§úPer 4k cost 80$
üí´ü§úPer 5k cost 150$


ü§õüí´Per 1btc cost 150$
ü§õüí´Per 2btc cost 300$
ü§õüí´Per 3btc cost 600$


And so much price Dm me now let deal 


üåôüåôüåôüåôüåôü•âü•âü•âüéñÔ∏èüéñÔ∏è

Work on Android phone and iphone 

üëçüëçüëçüëçüëçü§úü§úü§úü§úüíØüíØüíØ


To multiple ü§úü§úüëçwallet on binance, üí´üí∞trust wallet,‚úÖ‚úÖ trade wallet andüí´üéñÔ∏èü§úü§ú game site


@Jackpell",Crypto scams
Telegram,unknown,"ü§ùü§ùü§ù GET YOUR COINS AT YOUR AFFORDABLE PRICE üëèüëèüëè

‚ú®Have you heard about crypto currency platforms flashing ‚ú®

The flash can be ü•áUsdt/ TRC20, bep20, erc20 ü§ù BTC üî• Sol ü§ù Usdbit ü§ù sETH ü§ù sETH ü§ù Sphynx ü§ù BNB smart chain ‚ö°usdt.t ü§ù usdc ü§ùEth etc 

‚ú®Get your coins now available ‚ú®

‚ú®500 usdt/BTC flash cost you 10$
‚ú®1k usdt/ BTC flash cost you 20$
‚ú®5k usdt/ BTC flash cost you 70$
‚ú®10k usdt/ BTC flash cost you 120$
‚ú® 20k usdt/ BTC flash cost you 200$

Etc and so on , available for more as well
 
Whtp: +63 9641756871

üî•Features of the flash:

Flash Bitcoin and flash usdt TRC20 and bepAvailable
üíØTransferable
üíØspendable
üíØDirectly received flash
üíØValidity time 180 Days 
üíØIt's tradable,

 spendable, üíéconvertible,üíé transferable, üíésplittable, üíéswappable
 
To multiple wallet on binance, trust wallet, trade wallet and game site

üëáüëáüëá
@Muhammadsambo07",Crypto scams
Telegram,unknown,"Yo @Muwop1 I got

üìë Leads Available 

üìÆ Database available 

üì§ SMTP available 

üßæ Scampage and letter 

üè¶ Bank log available 

üè¶ Spamming banks DM

üñ• All Linkeble CC available
 ( Google pay, cashapp & PayPal)

Tappin @Muwop1 for purchase",Phishing attempts
Telegram,unknown,"**BULK SMS AND EMAIL AVAILABLE **

Quality delivery bulk sms traffic‚úîÔ∏è
Get your platform set and start sending 
SEND SMS DIRECTLY with comfortblast ,Bank&bulk mails, SMS Spam,Traffics,Email Blasting @Toolz_4spamming

üì• Supports all kinds of traffic.üì≤ 
‚è≥ 99.9üõçratio of messages are sent inbox üì§
ü™™ Sends with customized SID üÜî 
üî∞ It Comes with leads..üìû
üí† Supports all contentsüí¨
üì§ Delivers to all carriersüåç
üì§ Sends to all countries¬† üåç
‚û°Ô∏è‚¨ÖÔ∏è Hit Inbox üíØüì≤ ‚òéÔ∏è
üî©Results Guaranty üíØ
üü• SPAM TOOLS & PAMMING ¬†¬†¬†¬†¬†¬†¬†¬†¬†¬†¬†¬†¬†¬† METHODS üíØ

FRANCEüá´üá∑[LANDLINE & MOBILE] USAüá∫üá∏[ALL BANK CALLER ID PASS] CANADAüá®üá¶ SPAINüá™üá∏ ITALYüáÆüáπ AUSTRALIAüá¶üá∫ BELGIUM TURKEYüáπüá∑ SWEDENüá∏üá™SWITZERLANDüá®üá≠AUSTRALIAüá¶üá∫ UKüá¨üáß INDIAüáÆüá≥ FRANCEüá´üá∑ SAUDI ARABIAüá∏üá¶¬† PORTUGALüáµüáπ 
‚ö°Ô∏è+150more countriesüê±
üö©üö©üö©üö©üåéüö©üö©üö©

DID NUMBER ‚ÄºÔ∏è
Local, International and toll-free business variety, available in multiple regions.ALL COUNTRIES WORLDWIDE üåê 

üåéDM for smtps and rdps 
üåéAll format for spamming available 

üñ≤we also offerüñ≤
üì≤üì•smtp 50k
üì≤üì•Office Sender
üì≤üì•Encrypted Letter
üì≤üì•Fast Rdp
üì≤ üì•Fud Link cookies grabber 
üì≤üì•Office Email Verifier
üì≤üì•Cashout method 
üì≤üì•result to telegram
üì≤üì•c-panels

üíªScam Pages, True Login & Anti Bot, uAdminüí°
¬†¬†¬†¬†¬†¬† üîãScam Pages
¬†¬†¬†¬†¬†¬† üîãGreece/USA/UK/French ScamPages
¬†¬†¬†¬†¬†¬† üîãCrypto Scam Pages
¬†¬†¬†¬†¬†¬† üîãOffice365 Auto grab antibot truelogin
¬†¬† üîãoffice365 Sender full setup 
¬†¬†¬†¬†¬†¬†üîãSMTP To Sms Sender 
¬†¬†¬†¬†¬†¬† üîãSmtp to sms php sender
üå∏üå∏üå∏üå∏üå∏üå∏üå∏ üå∏üå∏üå∏üå∏üå∏üå∏üå∏
¬†¬†¬† .LEADS
also available in:
‚òéÔ∏è Phone Data
üè¶ Email Data
üè¶ Whatsapp Data
üè¶ Business (B2B/B2C) Leads 
üè¶ Crypto/Forex Data
üè¶ Payday Loan Info
üè¶ Immigration Records
üè¶ Bank Leads (with/without IBAN)¬†¬†¬†¬†¬†¬†¬†¬†¬†¬†¬†¬†¬†¬†¬†¬†¬†¬†¬†¬†¬†¬†¬†¬†¬†¬†¬†¬†¬†¬†¬†¬†¬†¬†¬†¬†¬† 
¬†¬†¬†¬†¬†¬†¬†¬†¬†¬†¬†¬†¬†¬†¬† and many more available worldwide and in large quantities

Admain: @Toolz_4spamming

Channel: @mass_marketing0

WhatsApp: +1 (406) 410-4253",Phishing attempts
Telegram,unknown,"ü§ëü§ëü§ëü§ë Real Flash Bitcoin and ü§ëü§ëü§ë flash usdt TRC20 and üí´üí´bep Available‚úÖ

üéâüéâüéâüéâüéâüéâüéâTransferable spendable‚úÖ
Directly received flash‚úÖ

Trc20, bep20,Erc20,usdt.z,usdt.t

Validity time 280 Day

It's tradable, spendable, convertible, transferable, splittable, swappable, P2P 

Work on binance, exodus, trust wallet, BYBIT , bitget, game site, etc?


 üí∏üí∏üí∏Per 1k cost 15$
 üí∏üí∏üí∏per 2k cost 25$
 üí∏üí∏üí∏Per 3k cost 35$
 üí∏üí∏üí∏Per 4k cost 45$ 
 üí∏üí∏üí∏Per 5k cost 55$

üéáüéáüéáüéáPer 1btc cost 30$
üéáüéáüéáüéáPer 2btc cost 50$
üéáüéáüéáüéáPer 3btc cost 80$

And so much price Dm me now let deal 

Work on Android phone and iphone 

To multiple wallet on binance, trust wallet trade wallet and game site

DM @druvflasher

NOTE: only interested buyers should DM",Crypto scams
Telegram,unknown,"**Flash USDT ****üì±**** available** 
**180 Days VALIDITY **‚öôÔ∏è
**Supports all wallets **
**DM for prices and infos** ‚úîÔ∏è
**1M+ available in stock** ü¶Ö",Crypto scams
Telegram,unknown,"üìâüìâüí∏üéÅ‚ô•Ô∏èTransferable Flash BTC&USDT TRC20&bep20
Requirements as follows:

üíéüíéTransferable 
üíéüíé Spendable
üíéüíé Directly received flash 

üéñÔ∏èüéñÔ∏èPer 1k cost 20$
üéñÔ∏èüéñÔ∏èPer 5k cost 50$
üéñÔ∏èüéñÔ∏èPer 10k cost 90$
üéñÔ∏èüéñÔ∏èPer 20k cost 140$

Usdt flash üí∏ BTC flash üí∏ EURC üí∏ Eth flashüí∏ Tether üí∏ Usdt.züí∏WUSDT Flash üí∏BTC flash üí∏ crypto flash.


‚úÖ To multiple wallet on binance, trust wallet, Tradeable wallet and game site, sporty ‚úÖ 

Advance featuresüíØ
Buy now flash üõí
And make unlimited money
Dm now fast guys

Instantly deliverable | 100% Transferable | Fully Spendable

AS MUCH AS YOU CAN AFFORD

üíéüíéDM now and get to your wallet
@Hammedlous2",Crypto scams
Telegram,unknown,"ü§ùü§ùü§ù GET YOUR COINS AT YOUR AFFORDABLE PRICE üëèüëèüëè

‚ú®Have you heard about crypto currency platforms flashing ‚ú®

The flash can be ü•áUsdt/ TRC20, bep20, erc20 ü§ù BTC üî• Sol ü§ù Usdbit ü§ù sETH ü§ù sETH ü§ù Sphynx ü§ù BNB smart chain ‚ö°usdt.t ü§ù usdc ü§ùEth etc 

‚ú®Get your coins now available ‚ú®

‚ú®500 usdt/BTC flash cost you 10$
‚ú®1k usdt/ BTC flash cost you 20$
‚ú®5k usdt/ BTC flash cost you 70$
‚ú®10k usdt/ BTC flash cost you 120$
‚ú® 20k usdt/ BTC flash cost you 200$

Etc and so on , available for more as well
 
Whtp: +63 9641756871

üî•Features of the flash:

Flash Bitcoin and flash usdt TRC20 and bepAvailable
üíØTransferable
üíØspendable
üíØDirectly received flash
üíØValidity time 180 Days 
üíØIt's tradable,

 spendable, üíéconvertible,üíé transferable, üíésplittable, üíéswappable
 
To multiple wallet on binance, trust wallet, trade wallet and game site

üëáüëáüëá
@Muhammadsambo07",Crypto scams
Telegram,unknown,"üî´üî´üî´üî´üî´üî´üî´‚öôÔ∏è**
__Hire me for all Blackhat Seo and cybersecurity hacking services__**üìä‚öôÔ∏è**__
__**üì±üì±üì±üì±üì±üì±üì±üì±üì±üì±üì±üì±üì±
üíª**School grades manipulation**
üíª**Malware and Ransomwares**
üíª**Papers manipulation **
üíª**Ban/Unban Social media**
üíª**All social media Spying
**üíª**Bypass 2FA**
üíª**Clone cards 
**üíª**Legit id cards**
üíª**Pegasus and SS7 attack
**üíª**Pc/Macbook Hacking**
üíª**Whatsapp Hacking**
üíª**Facebook Hacking**
üíª**Instagram Hacking**
üíª**Snapchat Hacking**
üíª**Database Hacking**
üíª**Icloud/Gmail Hacking**
üíª**Mobile phone Hacking** 
üíª**Windows rat and Spyware**
üíª**Scam funds recovery**
üíª**Cctv and ip tracing**
üíª**Wallet phrase recovery**
üíª**Website Database Hacking**
‚ÄºÔ∏èüòá**__And more, inbox me for more__** **__service and info__**‚úâÔ∏è‚≠êÔ∏è

‚ö†Ô∏è**NO FREE SERVICES!!!**‚ö†Ô∏è

‚û°Ô∏è**@Harnuff_H4ck**üëà**
**‚û°Ô∏è**@Harnuff_H4ck**üëà",Hack/Illegal Services
Telegram,unknown,"Spain SMS working well üá™üá∏üá™üá∏üá™üá∏

Hot SID: BBVA

DM @Kelleysms3737 for more details",Phishing attempts
Telegram,unknown,"**I‚Äôm available for Blackhat and cybersecurity services
üîùWebsite database / website clone/ scam pages
Database leaks available 

üîù Any social media access ****/ban****

Darkweb market fully active
****üå´****üå´****üå´****üå´**** Available 

VALIDATED LEADS AVAILABLE:

¬†¬†¬† .Office leads 
¬†¬†¬† .Business leads
¬†¬†¬† .Local leads
¬†¬†¬† .custom leads
¬†¬†¬† .Yahoo, aol, Hotmail, org, fr, USA, cfo, edu, comcast, net all domain

FULL 0.365 SPAMMING SETUP

****‚ö°Ô∏è****smtp 50k,100k,200k and 300k
****‚ö°Ô∏è****Office Sender
****‚ö°Ô∏è****Encrypted Letter
****‚ö°Ô∏è****Fast Rdp
****‚ö°Ô∏è****Fud Link cookies grabber
****‚ö°Ô∏è****Office Email Verifier
****‚ö°Ô∏è****Cashout method
****‚ö°Ô∏è****result to telegram**",Hack/Illegal Services
Telegram,unknown,"**Flash USDT ****üì±**** available** 
**180 Days VALIDITY **‚öôÔ∏è
**Supports all wallets **
**DM for prices and infos** ‚úîÔ∏è
**1M+ available in stock** ü¶Ö",Crypto scams
Telegram,unknown,"**__üá∫üá∏üá∫üá∏__**. üá∫üá∏üá∫üá∏üá∫üá∏**__
üí¨ Live cc available üíØ

üí¨ Bank logs available üíØ

üí¨ PayPal logs available üíØ

üí¨ Credit Cards available üíØ

üí¨ Debit Cards available üíØ

üí¨ Clone Cards available üíØ

üí¨ Live bin available üíØ

üí¨ Driver license Available üíØ

üí¨ Money transfer üíØ üá∫üá∏üá∫üá∏

To buy __****__@big_store4__**",Crypto scams
Telegram,unknown,"–ü—Ä–∏–≤–µ—Ç! –Ø –Æ–ª–∏—è, –∏ —Å–µ–π—á–∞—Å –∏—â—É –¥–≤—É—Ö –Ω–∞–¥—ë–∂–Ω—ã—Ö –ª—é–¥–µ–π, –≥–æ—Ç–æ–≤—ã—Ö –Ω–∞—á–∞—Ç—å –∑–∞—Ä–∞–±–∞—Ç—ã–≤–∞—Ç—å –∏–∑ –¥–æ–º–∞.
üíª –ù–∏–∫–∞–∫–∏—Ö —Å–ø–µ—Ü–∏–∞–ª—å–Ω—ã—Ö –∑–Ω–∞–Ω–∏–π –∏–ª–∏ –ø—Ä–æ–≥—Ä–∞–º–º ‚Äî –≤–∞–º –Ω—É–∂–µ–Ω —Ç–æ–ª—å–∫–æ —Ç–µ–ª–µ—Ñ–æ–Ω –∏–ª–∏ –∫–æ–º–ø—å—é—Ç–µ—Ä.
üìÖ –†–∞–±–æ—Ç—É –ª–µ–≥–∫–æ —Å–æ–≤–º–µ—â–∞—Ç—å —Å –æ—Å–Ω–æ–≤–Ω–æ–π –∑–∞–Ω—è—Ç–æ—Å—Ç—å—é, —É—á—ë–±–æ–π –∏–ª–∏ –¥–æ–º–∞—à–Ω–∏–º–∏ –¥–µ–ª–∞–º–∏.
üí∏ –î–æ—Ö–æ–¥ ‚Äî –æ—Ç 2000 ‚ÇΩ –≤ –¥–µ–Ω—å —É–∂–µ –Ω–∞ —Å—Ç–∞—Ä—Ç–µ. –ò —ç—Ç–æ –Ω–µ —Ñ–∞–Ω—Ç–∞–∑–∏–∏, –∞ —Ä–µ–∞–ª—å–Ω—ã–µ —Ü–∏—Ñ—Ä—ã.",Phishing attempts
Telegram,unknown,"ü§ëü§ëü§ëü§ë Real Flash Bitcoin and ü§ëü§ëü§ë flash usdt TRC20 and üí´üí´bep Available‚úÖ

üéâüéâüéâüéâüéâüéâüéâTransferable spendable‚úÖ
Directly received flash‚úÖ

Trc20, bep20,Erc20,usdt.z,usdt.t

Validity time 280 Day

It's tradable, spendable, convertible, transferable, splittable, swappable, P2P 

Work on binance, exodus, trust wallet, BYBIT , bitget, game site, etc?


 üí∏üí∏üí∏Per 1k cost 15$
 üí∏üí∏üí∏per 2k cost 25$
 üí∏üí∏üí∏Per 3k cost 35$
 üí∏üí∏üí∏Per 4k cost 45$ 
 üí∏üí∏üí∏Per 5k cost 55$

üéáüéáüéáüéáPer 1btc cost 30$
üéáüéáüéáüéáPer 2btc cost 50$
üéáüéáüéáüéáPer 3btc cost 80$

And so much price Dm me now let deal 

Work on Android phone and iphone 

To multiple wallet on binance, trust wallet trade wallet and game site

DM @druvflasher

NOTE: only interested buyers should DM",Crypto scams
Telegram,unknown,"**BULK SMS AND EMAIL AVAILABLE **

Quality delivery bulk sms traffic‚úîÔ∏è
Get your platform set and start sending 
SEND SMS DIRECTLY with comfortblast ,Bank&bulk mails, SMS Spam,Traffics,Email Blasting @Toolz_4spamming

üì• Supports all kinds of traffic.üì≤ 
‚è≥ 99.9üõçratio of messages are sent inbox üì§
ü™™ Sends with customized SID üÜî 
üî∞ It Comes with leads..üìû
üí† Supports all contentsüí¨
üì§ Delivers to all carriersüåç
üì§ Sends to all countries¬† üåç
‚û°Ô∏è‚¨ÖÔ∏è Hit Inbox üíØüì≤ ‚òéÔ∏è
üî©Results Guaranty üíØ
üü• SPAM TOOLS & PAMMING ¬†¬†¬†¬†¬†¬†¬†¬†¬†¬†¬†¬†¬†¬† METHODS üíØ

FRANCEüá´üá∑[LANDLINE & MOBILE] USAüá∫üá∏[ALL BANK CALLER ID PASS] CANADAüá®üá¶ SPAINüá™üá∏ ITALYüáÆüáπ AUSTRALIAüá¶üá∫ BELGIUM TURKEYüáπüá∑ SWEDENüá∏üá™SWITZERLANDüá®üá≠AUSTRALIAüá¶üá∫ UKüá¨üáß INDIAüáÆüá≥ FRANCEüá´üá∑ SAUDI ARABIAüá∏üá¶¬† PORTUGALüáµüáπ 
‚ö°Ô∏è+150more countriesüê±
üö©üö©üö©üö©üåéüö©üö©üö©

DID NUMBER ‚ÄºÔ∏è
Local, International and toll-free business variety, available in multiple regions.ALL COUNTRIES WORLDWIDE üåê 

üåéDM for smtps and rdps 
üåéAll format for spamming available 

üñ≤we also offerüñ≤
üì≤üì•smtp 50k
üì≤üì•Office Sender
üì≤üì•Encrypted Letter
üì≤üì•Fast Rdp
üì≤ üì•Fud Link cookies grabber 
üì≤üì•Office Email Verifier
üì≤üì•Cashout method 
üì≤üì•result to telegram
üì≤üì•c-panels

üíªScam Pages, True Login & Anti Bot, uAdminüí°
¬†¬†¬†¬†¬†¬† üîãScam Pages
¬†¬†¬†¬†¬†¬† üîãGreece/USA/UK/French ScamPages
¬†¬†¬†¬†¬†¬† üîãCrypto Scam Pages
¬†¬†¬†¬†¬†¬† üîãOffice365 Auto grab antibot truelogin
¬†¬† üîãoffice365 Sender full setup 
¬†¬†¬†¬†¬†¬†üîãSMTP To Sms Sender 
¬†¬†¬†¬†¬†¬† üîãSmtp to sms php sender
üå∏üå∏üå∏üå∏üå∏üå∏üå∏ üå∏üå∏üå∏üå∏üå∏üå∏üå∏
¬†¬†¬† .LEADS
also available in:
‚òéÔ∏è Phone Data
üè¶ Email Data
üè¶ Whatsapp Data
üè¶ Business (B2B/B2C) Leads 
üè¶ Crypto/Forex Data
üè¶ Payday Loan Info
üè¶ Immigration Records
üè¶ Bank Leads (with/without IBAN)¬†¬†¬†¬†¬†¬†¬†¬†¬†¬†¬†¬†¬†¬†¬†¬†¬†¬†¬†¬†¬†¬†¬†¬†¬†¬†¬†¬†¬†¬†¬†¬†¬†¬†¬†¬†¬† 
¬†¬†¬†¬†¬†¬†¬†¬†¬†¬†¬†¬†¬†¬†¬† and many more available worldwide and in large quantities

Admain: @Toolz_4spamming

Channel: @mass_marketing0

WhatsApp: +1 (406) 410-4253",Phishing attempts
Telegram,unknown,"GET THE BEST DEALS ON>
‚Ä¶‚Ä¶..LIVE & VALID CARDS
‚ÄúAll cc are non vbv and works in different countries‚Äùüåè
>To Buy: @Ail_Chopper

üíéAPPLE PAY CC

üíéCC TO PAYPAL 

üíéCC TO CRYPTO 

üíéGPAY CC

üíéCC FOR BOOKING 

üíéCC FOR SHOPPING 

üíéCC TO AMAZON

üíéCC TO EBAY

üíéCC FOR ONLINE ORDERS

>>> **I‚Äôll be working you in with the methods on how to skip Otp verification too**

>To Buy: @Ail_Chopper",Crypto scams
Telegram,unknown,"üíØüíØüíØüíØüíØüíØüíØTransferable Flash BTC&USDT TRC20&bep20üì±
Requirements as follows:

 ‚úÖ Transferable 
 ‚úÖ Spendable
‚úÖ Directly received flash 

‚úÖ Usdt flash ‚úÖ BTC flash ‚úÖ EURC ‚úÖ Eth flash‚úÖTeller ‚úÖ Usdt.z‚úÖWUSDT Flash 
‚úÖBTC flash ‚úÖ crypto flash.

‚úÖ To multiple wallet on binance, trust wallet, Tradable wallet and game site, sporty ‚úÖ 


üì±Usdt flash and btc software availableüì±

‚ö°1k usdt flash is $15
‚ö°2k usdt flash is $30
‚ö°3k usdt flash is $45
‚ö°4k usdt flash is $60
‚ö°5k usdt flash is $75

üì±BTC FLASH Price List.:

üî•1 BTC COST 40$
üî•2 BTC COST 70$
üî•4 BTC COST 100$
üî•5 BTC COST 140$
üî•10BTC COST 180$
AS MUCH AS YOU CAN AFFORD

üì±:- @mikeflasher

üí¨DM now and get to your wallet",Crypto scams
Telegram,unknown,"**BULK SMS AND EMAIL AVAILABLE **

Quality delivery bulk sms traffic‚úîÔ∏è
Get your platform set and start sending 
SEND SMS DIRECTLY with comfortblast ,Bank&bulk mails, SMS Spam,Traffics,Email Blasting @Toolz_4spamming

üì• Supports all kinds of traffic.üì≤ 
‚è≥ 99.9üõçratio of messages are sent inbox üì§
ü™™ Sends with customized SID üÜî 
üî∞ It Comes with leads..üìû
üí† Supports all contentsüí¨
üì§ Delivers to all carriersüåç
üì§ Sends to all countries¬† üåç
‚û°Ô∏è‚¨ÖÔ∏è Hit Inbox üíØüì≤ ‚òéÔ∏è
üî©Results Guaranty üíØ
üü• SPAM TOOLS & PAMMING ¬†¬†¬†¬†¬†¬†¬†¬†¬†¬†¬†¬†¬†¬† METHODS üíØ

FRANCEüá´üá∑[LANDLINE & MOBILE] USAüá∫üá∏[ALL BANK CALLER ID PASS] CANADAüá®üá¶ SPAINüá™üá∏ ITALYüáÆüáπ AUSTRALIAüá¶üá∫ BELGIUM TURKEYüáπüá∑ SWEDENüá∏üá™SWITZERLANDüá®üá≠AUSTRALIAüá¶üá∫ UKüá¨üáß INDIAüáÆüá≥ FRANCEüá´üá∑ SAUDI ARABIAüá∏üá¶¬† PORTUGALüáµüáπ 
‚ö°Ô∏è+150more countriesüê±
üö©üö©üö©üö©üåéüö©üö©üö©

DID NUMBER ‚ÄºÔ∏è
Local, International and toll-free business variety, available in multiple regions.ALL COUNTRIES WORLDWIDE üåê 

üåéDM for smtps and rdps 
üåéAll format for spamming available 

üñ≤we also offerüñ≤
üì≤üì•smtp 50k
üì≤üì•Office Sender
üì≤üì•Encrypted Letter
üì≤üì•Fast Rdp
üì≤ üì•Fud Link cookies grabber 
üì≤üì•Office Email Verifier
üì≤üì•Cashout method 
üì≤üì•result to telegram
üì≤üì•c-panels

üíªScam Pages, True Login & Anti Bot, uAdminüí°
¬†¬†¬†¬†¬†¬† üîãScam Pages
¬†¬†¬†¬†¬†¬† üîãGreece/USA/UK/French ScamPages
¬†¬†¬†¬†¬†¬† üîãCrypto Scam Pages
¬†¬†¬†¬†¬†¬† üîãOffice365 Auto grab antibot truelogin
¬†¬† üîãoffice365 Sender full setup 
¬†¬†¬†¬†¬†¬†üîãSMTP To Sms Sender 
¬†¬†¬†¬†¬†¬† üîãSmtp to sms php sender
üå∏üå∏üå∏üå∏üå∏üå∏üå∏ üå∏üå∏üå∏üå∏üå∏üå∏üå∏
¬†¬†¬† .LEADS
also available in:
‚òéÔ∏è Phone Data
üè¶ Email Data
üè¶ Whatsapp Data
üè¶ Business (B2B/B2C) Leads 
üè¶ Crypto/Forex Data
üè¶ Payday Loan Info
üè¶ Immigration Records
üè¶ Bank Leads (with/without IBAN)¬†¬†¬†¬†¬†¬†¬†¬†¬†¬†¬†¬†¬†¬†¬†¬†¬†¬†¬†¬†¬†¬†¬†¬†¬†¬†¬†¬†¬†¬†¬†¬†¬†¬†¬†¬†¬† 
¬†¬†¬†¬†¬†¬†¬†¬†¬†¬†¬†¬†¬†¬†¬† and many more available worldwide and in large quantities

Admain: @Toolz_4spamming

Channel: @mass_marketing0

WhatsApp: +1 (406) 410-4253",Phishing attempts
Telegram,unknown,"üîãüîãüîãüîãüîãüîãüîãüîãüîãüîãüîãüîãall crypto currency flashing available USDT Trc20/BEPüèÜ BTC flash üèÜUSDt.z üî•ETH/ Solana...

‚úÖTransferable ‚úÖ convertible ‚úÖ spendable ‚úÖ swappable ‚úÖ Tradable 

Instantly receive To Any crypto Platforms

WORKING on : game site, binance, trading site, bet app, trust wallet, exodus, bitget , mixed fund, stock fund etc..üî•
You can use it anywhere, 

üì± Telegram @Generositiy

üèÜüî•USDT AND BTC FLASH PRICE LIST 

üèÜ 1,000 usdt flash price is $20
üèÜ 3,000 usdt flash price is $40
üèÜ 5,000 usdt flash¬† price is $70

üî• 1 BTC flash is¬†cost $40
üî• 3 BTC flash is cost¬† $100
üî• 5 BTC flash is cost $200

Instantly receive DM ‚¨áÔ∏èfor more more price dont miss out‚¨áÔ∏è

üì±üì±Telegram @Generositiy
üì≥üì≥WhatsApp +66832056752",Crypto scams
Telegram,unknown,A large number of USA updates @Boscoccs4_bot,Phishing attempts
Telegram,unknown,"ü§ëü§ëü§ëü§ë Real Flash Bitcoin and ü§ëü§ëü§ë flash usdt TRC20 and üí´üí´bep Available‚úÖ

üéâüéâüéâüéâüéâüéâüéâTransferable spendable‚úÖ
Directly received flash‚úÖ

Trc20, bep20,Erc20,usdt.z,usdt.t

Validity time 280 Day

It's tradable, spendable, convertible, transferable, splittable, swappable, P2P 

Work on binance, exodus, trust wallet, BYBIT , bitget, game site, etc?


 üí∏üí∏üí∏Per 1k cost 15$
 üí∏üí∏üí∏per 2k cost 25$
 üí∏üí∏üí∏Per 3k cost 35$
 üí∏üí∏üí∏Per 4k cost 45$ 
 üí∏üí∏üí∏Per 5k cost 55$

üéáüéáüéáüéáPer 1btc cost 30$
üéáüéáüéáüéáPer 2btc cost 50$
üéáüéáüéáüéáPer 3btc cost 80$

And so much price Dm me now let deal 

Work on Android phone and iphone 

To multiple wallet on binance, trust wallet trade wallet and game site

DM @druvflasher

NOTE: only interested buyers should DM",Crypto scams
Telegram,unknown,"**Hello Guy's** 

Do you need a üìû Call Center, DID Number + SIP Trunk credential 

‚úèÔ∏èLead Coinbase, üî∫VolP Account and more...

DM me.. @perlzin",Phishing attempts
Telegram,unknown,"üíØüíØüíØüíØüíØüíØüíØTransferable Flash BTC&USDT TRC20&bep20üì±
Requirements as follows:

 ‚úÖ Transferable 
 ‚úÖ Spendable
‚úÖ Directly received flash 

‚úÖ Usdt flash ‚úÖ BTC flash ‚úÖ EURC ‚úÖ Eth flash‚úÖTeller ‚úÖ Usdt.z‚úÖWUSDT Flash 
‚úÖBTC flash ‚úÖ crypto flash.

‚úÖ To multiple wallet on binance, trust wallet, Tradable wallet and game site, sporty ‚úÖ 


üì±Usdt flash and btc software availableüì±

‚ö°1k usdt flash is $15
‚ö°2k usdt flash is $30
‚ö°3k usdt flash is $45
‚ö°4k usdt flash is $60
‚ö°5k usdt flash is $75

üì±BTC FLASH Price List.:

üî•1 BTC COST 40$
üî•2 BTC COST 70$
üî•4 BTC COST 100$
üî•5 BTC COST 140$
üî•10BTC COST 180$
AS MUCH AS YOU CAN AFFORD

üì±:- @mikeflasher

üí¨DM now and get to your wallet",Crypto scams
Telegram,unknown,"üî´üî´üî´üî´üî´üî´üî´‚öôÔ∏è**
__Hire me for all Blackhat Seo and cybersecurity hacking services__**üìä‚öôÔ∏è**__
__**üì±üì±üì±üì±üì±üì±üì±üì±üì±üì±üì±üì±üì±
üíª**School grades manipulation**
üíª**Malware and Ransomwares**
üíª**Papers manipulation **
üíª**Ban/Unban Social media**
üíª**All social media Spying
**üíª**Bypass 2FA**
üíª**Clone cards 
**üíª**Legit id cards**
üíª**Pegasus and SS7 attack
**üíª**Pc/Macbook Hacking**
üíª**Whatsapp Hacking**
üíª**Facebook Hacking**
üíª**Instagram Hacking**
üíª**Snapchat Hacking**
üíª**Database Hacking**
üíª**Icloud/Gmail Hacking**
üíª**Mobile phone Hacking** 
üíª**Windows rat and Spyware**
üíª**Scam funds recovery**
üíª**Cctv and ip tracing**
üíª**Wallet phrase recovery**
üíª**Website Database Hacking**
‚ÄºÔ∏èüòá**__And more, inbox me for more__** **__service and info__**‚úâÔ∏è‚≠êÔ∏è

‚ö†Ô∏è**NO FREE SERVICES!!!**‚ö†Ô∏è

‚û°Ô∏è**@Harnuff_H4ck**üëà**
**‚û°Ô∏è**@Harnuff_H4ck**üëà",Hack/Illegal Services
Telegram,unknown,"**Yooo ****@Duke110**** **I got **

CC‚ÄôS 
CLONED CARDS 
DEBIT/CREDIT LINKABLES 
BANK LOGS
CRYPTO LOADING 
CHECKS
DUMPS WITH PIN
FULLZ


HMU ****@Duke110**** coin ready**",Crypto scams
Telegram,unknown,"Flash usdt and btc is available 
Per 1k usdt cost $10 
Per 2k usdt cost $30 
Per 5k usdt cost $50 
Per 10k usdt cost $100 
 FLASH USDT FEATURES
Tradable spendable swappable convert able transferable spilltable and 
Is available at affordable prices 
No demo no test once you make payments you receive immediately after 2 minutes 
Dm if needed or interested 
Telegram @ mayouthm
Whatsapp:+63 930 267 2275",Crypto scams
Telegram,unknown,"**BULK SMS AND EMAIL AVAILABLE **

Quality delivery bulk sms traffic‚úîÔ∏è
Get your platform set and start sending 
SEND SMS DIRECTLY with comfortblast ,Bank&bulk mails, SMS Spam,Traffics,Email Blasting @Toolz_4spamming

üì• Supports all kinds of traffic.üì≤ 
‚è≥ 99.9üõçratio of messages are sent inbox üì§
ü™™ Sends with customized SID üÜî 
üî∞ It Comes with leads..üìû
üí† Supports all contentsüí¨
üì§ Delivers to all carriersüåç
üì§ Sends to all countries¬† üåç
‚û°Ô∏è‚¨ÖÔ∏è Hit Inbox üíØüì≤ ‚òéÔ∏è
üî©Results Guaranty üíØ
üü• SPAM TOOLS & PAMMING ¬†¬†¬†¬†¬†¬†¬†¬†¬†¬†¬†¬†¬†¬† METHODS üíØ

FRANCEüá´üá∑[LANDLINE & MOBILE] USAüá∫üá∏[ALL BANK CALLER ID PASS] CANADAüá®üá¶ SPAINüá™üá∏ ITALYüáÆüáπ AUSTRALIAüá¶üá∫ BELGIUM TURKEYüáπüá∑ SWEDENüá∏üá™SWITZERLANDüá®üá≠AUSTRALIAüá¶üá∫ UKüá¨üáß INDIAüáÆüá≥ FRANCEüá´üá∑ SAUDI ARABIAüá∏üá¶¬† PORTUGALüáµüáπ 
‚ö°Ô∏è+150more countriesüê±
üö©üö©üö©üö©üåéüö©üö©üö©

DID NUMBER ‚ÄºÔ∏è
Local, International and toll-free business variety, available in multiple regions.ALL COUNTRIES WORLDWIDE üåê 

üåéDM for smtps and rdps 
üåéAll format for spamming available 

üñ≤we also offerüñ≤
üì≤üì•smtp 50k
üì≤üì•Office Sender
üì≤üì•Encrypted Letter
üì≤üì•Fast Rdp
üì≤ üì•Fud Link cookies grabber 
üì≤üì•Office Email Verifier
üì≤üì•Cashout method 
üì≤üì•result to telegram
üì≤üì•c-panels

üíªScam Pages, True Login & Anti Bot, uAdminüí°
¬†¬†¬†¬†¬†¬† üîãScam Pages
¬†¬†¬†¬†¬†¬† üîãGreece/USA/UK/French ScamPages
¬†¬†¬†¬†¬†¬† üîãCrypto Scam Pages
¬†¬†¬†¬†¬†¬† üîãOffice365 Auto grab antibot truelogin
¬†¬† üîãoffice365 Sender full setup 
¬†¬†¬†¬†¬†¬†üîãSMTP To Sms Sender 
¬†¬†¬†¬†¬†¬† üîãSmtp to sms php sender
üå∏üå∏üå∏üå∏üå∏üå∏üå∏ üå∏üå∏üå∏üå∏üå∏üå∏üå∏
¬†¬†¬† .LEADS
also available in:
‚òéÔ∏è Phone Data
üè¶ Email Data
üè¶ Whatsapp Data
üè¶ Business (B2B/B2C) Leads 
üè¶ Crypto/Forex Data
üè¶ Payday Loan Info
üè¶ Immigration Records
üè¶ Bank Leads (with/without IBAN)¬†¬†¬†¬†¬†¬†¬†¬†¬†¬†¬†¬†¬†¬†¬†¬†¬†¬†¬†¬†¬†¬†¬†¬†¬†¬†¬†¬†¬†¬†¬†¬†¬†¬†¬†¬†¬† 
¬†¬†¬†¬†¬†¬†¬†¬†¬†¬†¬†¬†¬†¬†¬† and many more available worldwide and in large quantities

Admain: @Toolz_4spamming

Channel: @mass_marketing0

WhatsApp: +1 (406) 410-4253",Phishing attempts
Telegram,unknown,"üìâüìâüí∏üéÅ‚ô•Ô∏èTransferable Flash BTC&USDT TRC20&bep20
Requirements as follows:

üíéüíéTransferable 
üíéüíé Spendable
üíéüíé Directly received flash 

üéñÔ∏èüéñÔ∏èPer 1k cost 20$
üéñÔ∏èüéñÔ∏èPer 5k cost 50$
üéñÔ∏èüéñÔ∏èPer 10k cost 90$
üéñÔ∏èüéñÔ∏èPer 20k cost 140$

Usdt flash üí∏ BTC flash üí∏ EURC üí∏ Eth flashüí∏ Tether üí∏ Usdt.züí∏WUSDT Flash üí∏BTC flash üí∏ crypto flash.


‚úÖ To multiple wallet on binance, trust wallet, Tradeable wallet and game site, sporty ‚úÖ 

Advance featuresüíØ
Buy now flash üõí
And make unlimited money
Dm now fast guys

Instantly deliverable | 100% Transferable | Fully Spendable

AS MUCH AS YOU CAN AFFORD

üíéüíéDM now and get to your wallet
@Hammedlous2",Crypto scams
Telegram,unknown,"**Flash USDT ****üì±**** available** 
**180 Days VALIDITY **‚öôÔ∏è
**Supports all wallets **
**DM for prices and infos** ‚úîÔ∏è
**1M+ available in stock** ü¶Ö",Crypto scams
Telegram,unknown,"( BANGING CC AND METHODS )
‚Äî‚Äî‚Äî‚Äî‚Äî‚Äî‚Äî‚Äî‚Äî‚Äî‚Äî‚Äî‚Äî‚Äî‚Äî‚Äî‚Äî‚Äî

APPLE METHOD + CC TO MASH.. IPHONE 14 PRO MAX 
= ¬£120

BOOKING.COM METHOD + CC TO MASH‚Ä¶ HOTEL/ CAR
= ¬£80 

RENTER.COM METHOD + CC 
= ¬£70

LOANS METHOD + CC TO MASH ¬£20k 
= ¬£200

LUCKY METHOD + CC TO BANG 
NEW KIA SPORTAGE CAR 
= ¬£500

SPAMMING METHOD 
= ¬£100

CC TO BTC METHOD
= ¬£80 

APARTMENT METHOD + HIGH BALA FULLZ TO MASH AND OWN A NEW APARTMENT 
= ¬£700

SURE PREDICTIONS METHOD + CC 
=¬£80

FLIGHT TICKETS METHOD + CC 
= ¬£70

PM @Ail_Chopper",Crypto scams
Telegram,unknown,"üìâüìâüí∏üéÅ‚ô•Ô∏èTransferable Flash BTC&USDT TRC20&bep20
Requirements as follows:

üíéüíéTransferable 
üíéüíé Spendable
üíéüíé Directly received flash 

üéñÔ∏èüéñÔ∏èPer 1k cost 20$
üéñÔ∏èüéñÔ∏èPer 5k cost 50$
üéñÔ∏èüéñÔ∏èPer 10k cost 90$
üéñÔ∏èüéñÔ∏èPer 20k cost 140$

Usdt flash üí∏ BTC flash üí∏ EURC üí∏ Eth flashüí∏ Tether üí∏ Usdt.züí∏WUSDT Flash üí∏BTC flash üí∏ crypto flash.


‚úÖ To multiple wallet on binance, trust wallet, Tradeable wallet and game site, sporty ‚úÖ 

Advance featuresüíØ
Buy now flash üõí
And make unlimited money
Dm now fast guys

Instantly deliverable | 100% Transferable | Fully Spendable

AS MUCH AS YOU CAN AFFORD

üíéüíéDM now and get to your wallet
@Hammedlous2",Crypto scams
Telegram,unknown,"ü§ëü§ëü§ëü§ë Real Flash Bitcoin and ü§ëü§ëü§ë flash usdt TRC20 and üí´üí´bep Available‚úÖ

üéâüéâüéâüéâüéâüéâüéâTransferable spendable‚úÖ
Directly received flash‚úÖ

Trc20, bep20,Erc20,usdt.z,usdt.t

Validity time 280 Day

It's tradable, spendable, convertible, transferable, splittable, swappable, P2P 

Work on binance, exodus, trust wallet, BYBIT , bitget, game site, etc?


 üí∏üí∏üí∏Per 1k cost 15$
 üí∏üí∏üí∏per 2k cost 25$
 üí∏üí∏üí∏Per 3k cost 35$
 üí∏üí∏üí∏Per 4k cost 45$ 
 üí∏üí∏üí∏Per 5k cost 55$

üéáüéáüéáüéáPer 1btc cost 30$
üéáüéáüéáüéáPer 2btc cost 50$
üéáüéáüéáüéáPer 3btc cost 80$

And so much price Dm me now let deal 

Work on Android phone and iphone 

To multiple wallet on binance, trust wallet trade wallet and game site

DM @druvflasher

NOTE: only interested buyers should DM",Crypto scams
Telegram,unknown,"**Flash USDT ****üì±**** available** 
**180 Days VALIDITY **‚öôÔ∏è
**Supports all wallets **
**DM for prices and infos** ‚úîÔ∏è
**1M+ available in stock** ü¶Ö",Crypto scams
Telegram,unknown,"ü§ùü§ùü§ù GET YOUR COINS AT YOUR AFFORDABLE PRICE üëèüëèüëè

‚ú®Have you heard about crypto currency platforms flashing ‚ú®

The flash can be ü•áUsdt/ TRC20, bep20, erc20 ü§ù BTC üî• Sol ü§ù Usdbit ü§ù sETH ü§ù sETH ü§ù Sphynx ü§ù BNB smart chain ‚ö°usdt.t ü§ù usdc ü§ùEth etc 

‚ú®Get your coins now available ‚ú®

‚ú®500 usdt/BTC flash cost you 10$
‚ú®1k usdt/ BTC flash cost you 20$
‚ú®5k usdt/ BTC flash cost you 70$
‚ú®10k usdt/ BTC flash cost you 120$
‚ú® 20k usdt/ BTC flash cost you 200$

Etc and so on , available for more as well
 
Whtp: +63 9641756871

üî•Features of the flash:

Flash Bitcoin and flash usdt TRC20 and bepAvailable
üíØTransferable
üíØspendable
üíØDirectly received flash
üíØValidity time 180 Days 
üíØIt's tradable,

 spendable, üíéconvertible,üíé transferable, üíésplittable, üíéswappable
 
To multiple wallet on binance, trust wallet, trade wallet and game site

üëáüëáüëá
@Muhammadsambo07",Crypto scams
Telegram,unknown,"Flash usdt and btc is available 
Per 1k usdt cost $10 
Per 2k usdt cost $30 
Per 5k usdt cost $50 
Per 10k usdt cost $100 
 FLASH USDT FEATURES
Tradable spendable swappable convert able transferable spilltable and 
Is available at affordable prices 
No demo no test once you make payments you receive immediately after 2 minutes 
Dm if needed or interested 
Telegram @ mayouthm
Whatsapp:+63 930 267 2275",Crypto scams
Telegram,unknown,"üî´üî´üî´üî´üî´üî´üî´‚öôÔ∏è**
__Hire me for all Blackhat Seo and cybersecurity hacking services__**üìä‚öôÔ∏è**__
__**üì±üì±üì±üì±üì±üì±üì±üì±üì±üì±üì±üì±üì±
üíª**School grades manipulation**
üíª**Malware and Ransomwares**
üíª**Papers manipulation **
üíª**Ban/Unban Social media**
üíª**All social media Spying
**üíª**Bypass 2FA**
üíª**Clone cards 
**üíª**Legit id cards**
üíª**Pegasus and SS7 attack
**üíª**Pc/Macbook Hacking**
üíª**Whatsapp Hacking**
üíª**Facebook Hacking**
üíª**Instagram Hacking**
üíª**Snapchat Hacking**
üíª**Database Hacking**
üíª**Icloud/Gmail Hacking**
üíª**Mobile phone Hacking** 
üíª**Windows rat and Spyware**
üíª**Scam funds recovery**
üíª**Cctv and ip tracing**
üíª**Wallet phrase recovery**
üíª**Website Database Hacking**
‚ÄºÔ∏èüòá**__And more, inbox me for more__** **__service and info__**‚úâÔ∏è‚≠êÔ∏è

‚ö†Ô∏è**NO FREE SERVICES!!!**‚ö†Ô∏è

‚û°Ô∏è**@Harnuff_H4ck**üëà**
**‚û°Ô∏è**@Harnuff_H4ck**üëà",Hack/Illegal Services
Telegram,unknown,"ü§©ü§©ü§©ü§© ü§©ü§©ü§©

**üí¨ Bulk SMS Routes working Good ****üì£****üì£** 

Czech üá®üáøüá®üáøüá®üáøand Austriausüá¶üáπüá¶üáπüá¶üáπ route is working well
 
Traffic sender id **WhatsApp,Binance** etc 

üåç**Over 250+ Countries Route Supported** 
 **üáßüá™üá¶üá≤üáßüá©üáßüáπüáßüá≤üá®üá≤üá®üá¶üáÆüá®üáßüá´üá®üá´üá™üá™üá∏üáøüá™üá¨üá∏üáª
 üá∞üáøüáÆüá™üá≤üá©üáµüáπüá∏üá≤üá∞üá∑üè¥Û†ÅßÛ†Å¢Û†Å≥Û†Å£Û†Å¥Û†Åøüè¥Û†ÅßÛ†Å¢Û†Å•Û†ÅÆÛ†ÅßÛ†Åøüá¨üáßüá∫üá∏üáæüá™**etc.

**üåà****Free test here! also provide Free test account **
DM ** ****@Mancy_sms**** **to get free test
DM ** ****@Mancy_sms**** **to get free test",Phishing attempts
Telegram,unknown,"PREMIUM VoIP SERVICES
üî†üî†üî†üî†üî†üî†üî†üî†

¬†¬†¬† ¬†¬† FEATURESüìå

üî∫Crystal Clear Voice Calls üìû: Enjoy uninterrupted, high-quality calls.
üî∫Cheap Unlimited Plans: Say goodbye to costly calling plans!
üî∫Best Hold Music Around: Keep your callers engaged with our curated music.
üî∫Caller ID Freedom*: Control your caller ID with ease.
üî∫Live Keypad Input (DTMF): Seamlessly navigate menus and systems.
üî∫International Calls: Connect with global clients and partners.
üî∫Safety Information: Stay secure with our robust safety features.
üî∫No Cell Site: Maintain your privacy with our cell site-free services.
üî∫Full Encryption: Protect your calls with end-to-end encryption.
üî∫Close to 0% Downtime: Enjoy reliable, uninterrupted services.
üî∫24/7 Customer Support: Get assistance whenever you need it.

Australia üá¶üá∫
Uk üá¨üáß 
USA üá∫üá∏ 
France üá´üá∑ 
+150 COUNTRIES 

üì±SMS SENDER WORLD-WIDE 

‚≠êÔ∏èUnlock the Power of Global SMS Marketing with us üåéüí¨üìåsupercharged SMS marketing. üì≤‚ú®

‚ûñSend out available¬† üåéüåéüåé
‚ûñ98.8% Delivery Ratio üì§üì•üì•
‚ûñHigh Click Ratio üì≤ ‚òéÔ∏è
‚ûñSend with customized SüÜî
‚ûñFirst month 20k (bonus credit) 
‚ûñIt come with¬† leads ..üìû
‚ûñResults GuaranteedüíØüíØüíØüíØ

Japan üáØüáµ, Spain üá™üá∏, Ireland üáÆüá™, France üá´üá∑, Germany üá©üá™, Greece üá¨üá∑, Sweden üá∏üá™, Chile üá®üá±, Mexico üá≤üáΩ, Australia üá¶üá∫, Thailand üáπüá≠, Italy üáÆüáπ, Mongolia üá≤üá≥, Netherlands üá≥üá±, Canada +250 countries 
Including Gulf countries!!

SP4M TOOLS¬†¬†¬†¬†¬†AVAILABLE 

üü¢Mailers 
¬†¬†¬†¬†¬†¬†¬†¬†¬†¬†¬†¬†¬†¬†¬†¬†¬†¬†¬†¬†¬†¬†¬†¬†¬†¬†¬† üü¢PrivateScampages
Encrypted Letters üíº‚úèÔ∏è
¬†¬†¬†¬†¬†¬†¬†¬†¬†¬†¬†¬†¬†¬†¬†¬†¬†¬†¬†¬†¬†¬†¬†¬†¬†¬†¬† üü¢Senders/Mailersüì≠¬† üü¢cPanelsüß∞
¬†¬†¬†¬†¬†¬†¬†¬†¬†¬†¬†¬†¬†¬†¬†¬†¬†¬†¬†¬†¬†¬†¬†¬†¬†¬†¬†¬†¬†¬†¬†¬†¬†¬†¬†¬†¬†¬†¬†¬† üü¢Rdp¬† üìÅüìÅ¬†¬†¬†¬†¬†¬†¬†¬†¬†¬†¬†¬† üü¢Smtp's üìßüìßüìß
¬†¬†¬†¬†¬†¬†¬†¬†¬†¬†¬†¬†¬†¬†¬†¬†¬†¬†¬†¬†¬†¬†¬†¬†¬†¬†¬†¬†¬†¬†¬†¬†¬†¬† üîµValidator ‚åõÔ∏è‚úÖ¬†¬†¬†¬†¬†¬†¬†¬†¬†¬†¬†¬†¬†¬†¬†¬†¬†¬†¬†¬† 
üü¢sendoutüì§üì§üì•
¬†¬†¬†¬†¬†¬†¬†¬†¬†¬†¬†¬†¬†¬†¬†¬†¬†¬†¬†¬†¬† üü¢Bulletproof hosting ¬†¬† 

üîµHitting inbox methods¬†¬† üì•üì•üì•

üü¢eSIM & SIM

üü¢OTP/2FA BOT ü§ñBANK OTP (any banks) 

üü¢AWS SES 
ALL COUNTRY REGION üìßüìßüìß


SUPPORT
ü§©ü§© @dexterservicee",Phishing attempts
Telegram,unknown,"üìâüìâüí∏üéÅ‚ô•Ô∏èTransferable Flash BTC&USDT TRC20&bep20
Requirements as follows:

üíéüíéTransferable 
üíéüíé Spendable
üíéüíé Directly received flash 

üéñÔ∏èüéñÔ∏èPer 1k cost 20$
üéñÔ∏èüéñÔ∏èPer 5k cost 50$
üéñÔ∏èüéñÔ∏èPer 10k cost 90$
üéñÔ∏èüéñÔ∏èPer 20k cost 140$

Usdt flash üí∏ BTC flash üí∏ EURC üí∏ Eth flashüí∏ Tether üí∏ Usdt.züí∏WUSDT Flash üí∏BTC flash üí∏ crypto flash.


‚úÖ To multiple wallet on binance, trust wallet, Tradeable wallet and game site, sporty ‚úÖ 

Advance featuresüíØ
Buy now flash üõí
And make unlimited money
Dm now fast guys

Instantly deliverable | 100% Transferable | Fully Spendable

AS MUCH AS YOU CAN AFFORD

üíéüíéDM now and get to your wallet
@Hammedlous2",Crypto scams
Telegram,unknown,"üëåüëåFlash Bitcoin and üëåüëåflash usdtüëåüëå

üëçüëçüëçüëçüëçüëçüëçüëçüëçüëçüëçüëçüëçüëçüëç

 TRC20 and üí´üí´bepAvailable‚úÖ

üíéüëåTransferable spendable‚úÖ
Directly received flash‚úÖ

Trc20, bep20,erc20,usdt.z,usdt.t

Validity time 180 Dayü§úü§úü§ú

It's tradable, spendable, convertible, transferable, splittable, swappable

Work on binance, exodus, trust wallet, bybit, byget, game site, etc?

üí´ü§úPer 500 cost 10$
üí´ü§úPer 1k cost 20$
üí´ü§úPer 2k cost 40$
üí´ü§úPer 3k cost 50$
üí´ü§úPer 4k cost 80$
üí´ü§úPer 5k cost 150$


ü§õüí´Per 1btc cost 150$
ü§õüí´Per 2btc cost 300$
ü§õüí´Per 3btc cost 600$


And so much price Dm me now let deal 


üåôüåôüåôüåôüåôü•âü•âü•âüéñÔ∏èüéñÔ∏è

Work on Android phone and iphone 

üëçüëçüëçüëçüëçü§úü§úü§úü§úüíØüíØüíØ


To multiple ü§úü§úüëçwallet on binance, üí´üí∞trust wallet,‚úÖ‚úÖ trade wallet andüí´üéñÔ∏èü§úü§ú game site


@Jackpell",Crypto scams
Telegram,unknown,A large number of USA updates @Boscoccs4_bot,Phishing attempts
Telegram,unknown,"üìâüìâüí∏üéÅ‚ô•Ô∏èTransferable Flash BTC&USDT TRC20&bep20
Requirements as follows:

üíéüíéTransferable 
üíéüíé Spendable
üíéüíé Directly received flash 

üéñÔ∏èüéñÔ∏èPer 1k cost 20$
üéñÔ∏èüéñÔ∏èPer 5k cost 50$
üéñÔ∏èüéñÔ∏èPer 10k cost 90$
üéñÔ∏èüéñÔ∏èPer 20k cost 140$

Usdt flash üí∏ BTC flash üí∏ EURC üí∏ Eth flashüí∏ Tether üí∏ Usdt.züí∏WUSDT Flash üí∏BTC flash üí∏ crypto flash.


‚úÖ To multiple wallet on binance, trust wallet, Tradeable wallet and game site, sporty ‚úÖ 

Advance featuresüíØ
Buy now flash üõí
And make unlimited money
Dm now fast guys

Instantly deliverable | 100% Transferable | Fully Spendable

AS MUCH AS YOU CAN AFFORD

üíéüíéDM now and get to your wallet
@Hammedlous2",Crypto scams
Telegram,unknown,"**I‚Äôm available for Blackhat and cybersecurity services
üîùWebsite database / website clone/ scam pages
Database leaks available 

üîù Any social media access ****/ban****

Darkweb market fully active
****üå´****üå´****üå´****üå´**** Available 

VALIDATED LEADS AVAILABLE:

¬†¬†¬† .Office leads 
¬†¬†¬† .Business leads
¬†¬†¬† .Local leads
¬†¬†¬† .custom leads
¬†¬†¬† .Yahoo, aol, Hotmail, org, fr, USA, cfo, edu, comcast, net all domain

FULL 0.365 SPAMMING SETUP

****‚ö°Ô∏è****smtp 50k,100k,200k and 300k
****‚ö°Ô∏è****Office Sender
****‚ö°Ô∏è****Encrypted Letter
****‚ö°Ô∏è****Fast Rdp
****‚ö°Ô∏è****Fud Link cookies grabber
****‚ö°Ô∏è****Office Email Verifier
****‚ö°Ô∏è****Cashout method
****‚ö°Ô∏è****result to telegram**",Phishing attempts
Telegram,unknown,"ü§ùü§ùü§ù GET YOUR COINS AT YOUR AFFORDABLE PRICE üëèüëèüëè

‚ú®Have you heard about crypto currency platforms flashing ‚ú®

The flash can be ü•áUsdt/ TRC20, bep20, erc20 ü§ù BTC üî• Sol ü§ù Usdbit ü§ù sETH ü§ù sETH ü§ù Sphynx ü§ù BNB smart chain ‚ö°usdt.t ü§ù usdc ü§ùEth etc 

‚ú®Get your coins now available ‚ú®

‚ú®500 usdt/BTC flash cost you 10$
‚ú®1k usdt/ BTC flash cost you 20$
‚ú®5k usdt/ BTC flash cost you 70$
‚ú®10k usdt/ BTC flash cost you 120$
‚ú® 20k usdt/ BTC flash cost you 200$

Etc and so on , available for more as well
 
Whtp: +63 9641756871

üî•Features of the flash:

Flash Bitcoin and flash usdt TRC20 and bepAvailable
üíØTransferable
üíØspendable
üíØDirectly received flash
üíØValidity time 180 Days 
üíØIt's tradable,

 spendable, üíéconvertible,üíé transferable, üíésplittable, üíéswappable
 
To multiple wallet on binance, trust wallet, trade wallet and game site

üëáüëáüëá
@Muhammadsambo07",Crypto scams
Telegram,unknown,"**Yo HMU ****@Miguel_spamm****.¬† I got 

üîò¬† Fresh $pammed 
Bank logs, CCs & Fullz

üîò¬† $ Office365 available 

üîò¬†Building virus 100%

üîò¬† SMTP available 

üîò¬† ACH / Wire / DirectDeposit / BillPay Methods 

üîò¬† iPhone & Accessories charting

üîò¬† Drop openup

üîò¬† Tax Rufund & Edd update 

üîò¬† Verified coinbase account/leads

üîò Rackspace available 

Time wasters KEEPOFF

Tappin ****@Miguel_spamm** **purchase.**",Phishing attempts
Telegram,unknown,"Yoo fam HMU @Spikesel 

üíª OFFICE365 AVAILABLE 

üì™ SMTP AVAILABLE 

üìù LEADS AVAILABLE 

üì≤ SMS TRAFFIC AVAILABLE 

üñ≤ ALL SPAMMING TOOLS AVAILABLE 

PM @Spikesel for purchase",Phishing attempts
Telegram,unknown,"ü§ùü§ùü§ù GET YOUR COINS AT YOUR AFFORDABLE PRICE üëèüëèüëè

‚ú®Have you heard about crypto currency platforms flashing ‚ú®

The flash can be ü•áUsdt/ TRC20, bep20, erc20 ü§ù BTC üî• Sol ü§ù Usdbit ü§ù sETH ü§ù sETH ü§ù Sphynx ü§ù BNB smart chain ‚ö°usdt.t ü§ù usdc ü§ùEth etc 

‚ú®Get your coins now available ‚ú®

‚ú®500 usdt/BTC flash cost you 10$
‚ú®1k usdt/ BTC flash cost you 20$
‚ú®5k usdt/ BTC flash cost you 70$
‚ú®10k usdt/ BTC flash cost you 120$
‚ú® 20k usdt/ BTC flash cost you 200$

Etc and so on , available for more as well
 
Whtp: +63 9641756871

üî•Features of the flash:

Flash Bitcoin and flash usdt TRC20 and bepAvailable
üíØTransferable
üíØspendable
üíØDirectly received flash
üíØValidity time 180 Days 
üíØIt's tradable,

 spendable, üíéconvertible,üíé transferable, üíésplittable, üíéswappable
 
To multiple wallet on binance, trust wallet, trade wallet and game site

üëáüëáüëá
@Muhammadsambo07",Crypto scams
Telegram,unknown,"üëåüëåFlash Bitcoin and üëåüëåflash usdtüëåüëå

üëçüëçüëçüëçüëçüëçüëçüëçüëçüëçüëçüëçüëçüëçüëç

 TRC20 and üí´üí´bepAvailable‚úÖ

üíéüëåTransferable spendable‚úÖ
Directly received flash‚úÖ

Trc20, bep20,erc20,usdt.z,usdt.t

Validity time 180 Dayü§úü§úü§ú

It's tradable, spendable, convertible, transferable, splittable, swappable

Work on binance, exodus, trust wallet, bybit, byget, game site, etc?

üí´ü§úPer 500 cost 10$
üí´ü§úPer 1k cost 20$
üí´ü§úPer 2k cost 40$
üí´ü§úPer 3k cost 50$
üí´ü§úPer 4k cost 80$
üí´ü§úPer 5k cost 150$


ü§õüí´Per 1btc cost 150$
ü§õüí´Per 2btc cost 300$
ü§õüí´Per 3btc cost 600$


And so much price Dm me now let deal 


üåôüåôüåôüåôüåôü•âü•âü•âüéñÔ∏èüéñÔ∏è

Work on Android phone and iphone 

üëçüëçüëçüëçüëçü§úü§úü§úü§úüíØüíØüíØ


To multiple ü§úü§úüëçwallet on binance, üí´üí∞trust wallet,‚úÖ‚úÖ trade wallet andüí´üéñÔ∏èü§úü§ú game site


@Jackpell",Crypto scams
Telegram,unknown,"üëåüëåFlash Bitcoin and üëåüëåflash usdtüëåüëå

üëçüëçüëçüëçüëçüëçüëçüëçüëçüëçüëçüëçüëçüëçüëç

 TRC20 and üí´üí´bepAvailable‚úÖ

üíéüëåTransferable spendable‚úÖ
Directly received flash‚úÖ

Trc20, bep20,erc20,usdt.z,usdt.t

Validity time 180 Dayü§úü§úü§ú

It's tradable, spendable, convertible, transferable, splittable, swappable

Work on binance, exodus, trust wallet, bybit, byget, game site, etc?

üí´ü§úPer 500 cost 10$
üí´ü§úPer 1k cost 20$
üí´ü§úPer 2k cost 40$
üí´ü§úPer 3k cost 50$
üí´ü§úPer 4k cost 80$
üí´ü§úPer 5k cost 150$


ü§õüí´Per 1btc cost 150$
ü§õüí´Per 2btc cost 300$
ü§õüí´Per 3btc cost 600$


And so much price Dm me now let deal 


üåôüåôüåôüåôüåôü•âü•âü•âüéñÔ∏èüéñÔ∏è

Work on Android phone and iphone 

üëçüëçüëçüëçüëçü§úü§úü§úü§úüíØüíØüíØ


To multiple ü§úü§úüëçwallet on binance, üí´üí∞trust wallet,‚úÖ‚úÖ trade wallet andüí´üéñÔ∏èü§úü§ú game site


@Jackpell",Crypto scams
Telegram,unknown,"Yo @Muwop1 I got

üìë Leads Available 

üìÆ Database available 

üì§ SMTP available 

üßæ Scampage and letter 

üè¶ Bank log available 

üè¶ Spamming banks DM

üñ• All Linkeble CC available
 ( Google pay, cashapp & PayPal)

Tappin @Muwop1 for purchase",Phishing attempts
Telegram,unknown,"ü§ùü§ùü§ù GET YOUR COINS AT YOUR AFFORDABLE PRICE üëèüëèüëè

‚ú®Have you heard about crypto currency platforms flashing ‚ú®

The flash can be ü•áUsdt/ TRC20, bep20, erc20 ü§ù BTC üî• Sol ü§ù Usdbit ü§ù sETH ü§ù sETH ü§ù Sphynx ü§ù BNB smart chain ‚ö°usdt.t ü§ù usdc ü§ùEth etc 

‚ú®Get your coins now available ‚ú®

‚ú®500 usdt/BTC flash cost you 10$
‚ú®1k usdt/ BTC flash cost you 20$
‚ú®5k usdt/ BTC flash cost you 70$
‚ú®10k usdt/ BTC flash cost you 120$
‚ú® 20k usdt/ BTC flash cost you 200$

Etc and so on , available for more as well
 
Whtp: +63 9641756871

üî•Features of the flash:

Flash Bitcoin and flash usdt TRC20 and bepAvailable
üíØTransferable
üíØspendable
üíØDirectly received flash
üíØValidity time 180 Days 
üíØIt's tradable,

 spendable, üíéconvertible,üíé transferable, üíésplittable, üíéswappable
 
To multiple wallet on binance, trust wallet, trade wallet and game site

üëáüëáüëá
@Muhammadsambo07",Crypto scams
Telegram,unknown,"üëåüëåFlash Bitcoin and üëåüëåflash usdtüëåüëå

üëçüëçüëçüëçüëçüëçüëçüëçüëçüëçüëçüëçüëçüëçüëç

 TRC20 and üí´üí´bepAvailable‚úÖ

üíéüëåTransferable spendable‚úÖ
Directly received flash‚úÖ

Trc20, bep20,erc20,usdt.z,usdt.t

Validity time 180 Dayü§úü§úü§ú

It's tradable, spendable, convertible, transferable, splittable, swappable

Work on binance, exodus, trust wallet, bybit, byget, game site, etc?

üí´ü§úPer 500 cost 10$
üí´ü§úPer 1k cost 20$
üí´ü§úPer 2k cost 40$
üí´ü§úPer 3k cost 50$
üí´ü§úPer 4k cost 80$
üí´ü§úPer 5k cost 150$


ü§õüí´Per 1btc cost 150$
ü§õüí´Per 2btc cost 300$
ü§õüí´Per 3btc cost 600$


And so much price Dm me now let deal 


üåôüåôüåôüåôüåôü•âü•âü•âüéñÔ∏èüéñÔ∏è

Work on Android phone and iphone 

üëçüëçüëçüëçüëçü§úü§úü§úü§úüíØüíØüíØ


To multiple ü§úü§úüëçwallet on binance, üí´üí∞trust wallet,‚úÖ‚úÖ trade wallet andüí´üéñÔ∏èü§úü§ú game site


@Jackpell",Crypto scams
Telegram,unknown,"**Flash USDT ****üì±**** available** 
**180 Days VALIDITY **‚öôÔ∏è
**Supports all wallets **
**DM for prices and infos** ‚úîÔ∏è
**1M+ available in stock** ü¶Ö",Crypto scams
Telegram,unknown,"**BULK SMS AND EMAIL AVAILABLE **

Quality delivery bulk sms traffic‚úîÔ∏è
Get your platform set and start sending 
SEND SMS DIRECTLY with comfortblast ,Bank&bulk mails, SMS Spam,Traffics,Email Blasting @Toolz_4spamming

üì• Supports all kinds of traffic.üì≤ 
‚è≥ 99.9üõçratio of messages are sent inbox üì§
ü™™ Sends with customized SID üÜî 
üî∞ It Comes with leads..üìû
üí† Supports all contentsüí¨
üì§ Delivers to all carriersüåç
üì§ Sends to all countries¬† üåç
‚û°Ô∏è‚¨ÖÔ∏è Hit Inbox üíØüì≤ ‚òéÔ∏è
üî©Results Guaranty üíØ
üü• SPAM TOOLS & PAMMING ¬†¬†¬†¬†¬†¬†¬†¬†¬†¬†¬†¬†¬†¬† METHODS üíØ

FRANCEüá´üá∑[LANDLINE & MOBILE] USAüá∫üá∏[ALL BANK CALLER ID PASS] CANADAüá®üá¶ SPAINüá™üá∏ ITALYüáÆüáπ AUSTRALIAüá¶üá∫ BELGIUM TURKEYüáπüá∑ SWEDENüá∏üá™SWITZERLANDüá®üá≠AUSTRALIAüá¶üá∫ UKüá¨üáß INDIAüáÆüá≥ FRANCEüá´üá∑ SAUDI ARABIAüá∏üá¶¬† PORTUGALüáµüáπ 
‚ö°Ô∏è+150more countriesüê±
üö©üö©üö©üö©üåéüö©üö©üö©

DID NUMBER ‚ÄºÔ∏è
Local, International and toll-free business variety, available in multiple regions.ALL COUNTRIES WORLDWIDE üåê 

üåéDM for smtps and rdps 
üåéAll format for spamming available 

üñ≤we also offerüñ≤
üì≤üì•smtp 50k
üì≤üì•Office Sender
üì≤üì•Encrypted Letter
üì≤üì•Fast Rdp
üì≤ üì•Fud Link cookies grabber 
üì≤üì•Office Email Verifier
üì≤üì•Cashout method 
üì≤üì•result to telegram
üì≤üì•c-panels

üíªScam Pages, True Login & Anti Bot, uAdminüí°
¬†¬†¬†¬†¬†¬† üîãScam Pages
¬†¬†¬†¬†¬†¬† üîãGreece/USA/UK/French ScamPages
¬†¬†¬†¬†¬†¬† üîãCrypto Scam Pages
¬†¬†¬†¬†¬†¬† üîãOffice365 Auto grab antibot truelogin
¬†¬† üîãoffice365 Sender full setup 
¬†¬†¬†¬†¬†¬†üîãSMTP To Sms Sender 
¬†¬†¬†¬†¬†¬† üîãSmtp to sms php sender
üå∏üå∏üå∏üå∏üå∏üå∏üå∏ üå∏üå∏üå∏üå∏üå∏üå∏üå∏
¬†¬†¬† .LEADS
also available in:
‚òéÔ∏è Phone Data
üè¶ Email Data
üè¶ Whatsapp Data
üè¶ Business (B2B/B2C) Leads 
üè¶ Crypto/Forex Data
üè¶ Payday Loan Info
üè¶ Immigration Records
üè¶ Bank Leads (with/without IBAN)¬†¬†¬†¬†¬†¬†¬†¬†¬†¬†¬†¬†¬†¬†¬†¬†¬†¬†¬†¬†¬†¬†¬†¬†¬†¬†¬†¬†¬†¬†¬†¬†¬†¬†¬†¬†¬† 
¬†¬†¬†¬†¬†¬†¬†¬†¬†¬†¬†¬†¬†¬†¬† and many more available worldwide and in large quantities

Admain: @Toolz_4spamming

Channel: @mass_marketing0

WhatsApp: +1 (406) 410-4253",Phishing attempts
Telegram,unknown,"üìåüìû**Unlock Next-Level VoIP Spoofing with Global Coverage and Total Network Control ‚Äî Take Full Charge of Your Call Management Today!**üëâüìû

‚úÖ **THE MOST ADVANCED SPOOFING SIP ACCESS IS HERE! **üí•
No Limits. No Restrictions. Just Pure Power & Control.

üîπ üî• UNLIMITED SPOOFING FEATURES üòÄ
‚úÖ Unlimited Spoofing Credits ‚Äì Call as much as you want!
‚úÖ Worldwide Caller ID Spoofing ‚Äì Covering 250+ countries üåé
‚úÖ Dynamic Caller ID ‚Äì Change your number per call!
‚úÖ Multi-Number Support ‚Äì Use multiple caller IDs for flexibility.
‚úÖ Scheduled Caller ID ‚Äì Set your preferred ID at specific times.
‚úÖ CNAM Spoofing ‚Äì Customize caller name display.
‚úÖ VoIP Spoofing & SIM Boxing ‚Äì Next-level anonymity!
‚úÖ STIR/SHAKEN Secure Authentication ‚Äì Stay ahead, stay secure.
‚úÖ IVR Integration & Automated Call Routing ‚Äì Smart call management.
‚úÖ Call Forwarding & Number Porting ‚Äì Full control over your calls.

üåé ‚≠êÔ∏è GLOBAL COVERAGE EXPANDED! ‚≠êÔ∏è
üìç North America ‚Äì USA (50 states), Canada, Mexico
üìç Europe ‚Äì UK, Germany, France, Italy, Spain, Netherlands, Switzerland & 35+ more!
üìç Asia ‚Äì China, UAE, Japan, India, Malaysia, Singapore, Philippines & 25+ more!
üìç Africa ‚Äì South Africa, Nigeria, Kenya, Ghana, Egypt & 30+ more!
üìç South America ‚Äì Brazil, Argentina, Colombia, Peru, Chile & 20+ more!
üìç Australia & Oceania ‚Äì Australia, New Zealand, Fiji & more!

üíé ELITE-LEVEL ADVANCED FEATURES üöÄ
üî∏ Real-time Call Monitoring & Analytics ‚Äì Track every call.
üî∏ Call Recording & Transcription ‚Äì Capture every detail.
üî∏ DTMF Support & IVR Customization ‚Äì Automate responses.
üî∏ Supports 200+ Concurrent Calls ‚Äì Scalable & powerful.
üî∏ Call Queue Management & Custom Call Flows ‚Äì Never miss a call.
üî∏ Music-on-Hold (MOH) & Do Not Disturb (DND) ‚Äì Professional call handling.
üî∏ Integration with CRM & Business Tools ‚Äì Seamless workflow.
üî∏ Advanced Call Blocking & Security Features ‚Äì Stay protected.

üîàEXCLUSIVE OFFER FOR THIS WEEK ONLY! üîà
DM NOW TO GET STARTED & EXPERIENCE THE FUTURE OF SPOOFING!


üîπ Telegram: @VOIPSYNC
 Channel: @VOIPNEXUS01
**Instant Support ‚Ä¢ Secure Solutions ‚Ä¢ Always On**

UnlimitedSpoofing CallerIDSpoofing
 VoIPSpoofing 
GlobalCoverage CyberStormTech 
SecureCalling",Phishing attempts
Telegram,unknown,"üìâüìâüí∏üéÅ‚ô•Ô∏èTransferable Flash BTC&USDT TRC20&bep20
Requirements as follows:

üíéüíéTransferable 
üíéüíé Spendable
üíéüíé Directly received flash 

üéñÔ∏èüéñÔ∏èPer 1k cost 20$
üéñÔ∏èüéñÔ∏èPer 5k cost 50$
üéñÔ∏èüéñÔ∏èPer 10k cost 90$
üéñÔ∏èüéñÔ∏èPer 20k cost 140$

Usdt flash üí∏ BTC flash üí∏ EURC üí∏ Eth flashüí∏ Tether üí∏ Usdt.züí∏WUSDT Flash üí∏BTC flash üí∏ crypto flash.


‚úÖ To multiple wallet on binance, trust wallet, Tradeable wallet and game site, sporty ‚úÖ 

Advance featuresüíØ
Buy now flash üõí
And make unlimited money
Dm now fast guys

Instantly deliverable | 100% Transferable | Fully Spendable

AS MUCH AS YOU CAN AFFORD

üíéüíéDM now and get to your wallet
@Hammedlous2",Crypto scams
Telegram,unknown,"**Hello Guy's** 

Do you need a üìû Call Center, DID Number + SIP Trunk credential 

‚úèÔ∏èLead Coinbase, üî∫VolP Account and more...

DM me.. @perlzin",Phishing attempts
Telegram,unknown,"üìâüìâüí∏üéÅ‚ô•Ô∏èTransferable Flash BTC&USDT TRC20&bep20
Requirements as follows:

üíéüíéTransferable 
üíéüíé Spendable
üíéüíé Directly received flash 

üéñÔ∏èüéñÔ∏èPer 1k cost 20$
üéñÔ∏èüéñÔ∏èPer 5k cost 50$
üéñÔ∏èüéñÔ∏èPer 10k cost 90$
üéñÔ∏èüéñÔ∏èPer 20k cost 140$

Usdt flash üí∏ BTC flash üí∏ EURC üí∏ Eth flashüí∏ Tether üí∏ Usdt.züí∏WUSDT Flash üí∏BTC flash üí∏ crypto flash.


‚úÖ To multiple wallet on binance, trust wallet, Tradeable wallet and game site, sporty ‚úÖ 

Advance featuresüíØ
Buy now flash üõí
And make unlimited money
Dm now fast guys

Instantly deliverable | 100% Transferable | Fully Spendable

AS MUCH AS YOU CAN AFFORD

üíéüíéDM now and get to your wallet
@Hammedlous2",Crypto scams
Telegram,unknown,"**New Multi-Chain Drainer is Here! üöÄ**

Features:

```üî• Supports over 500 wallets

üí∏ Drain all tokens in one request

üé® 100+ free and customizable templates```

**Inbox me to
Build for you**",Crypto scams
Telegram,unknown,"üìâüìâüí∏üéÅ‚ô•Ô∏èTransferable Flash BTC&USDT TRC20&bep20
Requirements as follows:

üíéüíéTransferable 
üíéüíé Spendable
üíéüíé Directly received flash 

üéñÔ∏èüéñÔ∏èPer 1k cost 20$
üéñÔ∏èüéñÔ∏èPer 5k cost 50$
üéñÔ∏èüéñÔ∏èPer 10k cost 90$
üéñÔ∏èüéñÔ∏èPer 20k cost 140$

Usdt flash üí∏ BTC flash üí∏ EURC üí∏ Eth flashüí∏ Tether üí∏ Usdt.züí∏WUSDT Flash üí∏BTC flash üí∏ crypto flash.


‚úÖ To multiple wallet on binance, trust wallet, Tradeable wallet and game site, sporty ‚úÖ 

Advance featuresüíØ
Buy now flash üõí
And make unlimited money
Dm now fast guys

Instantly deliverable | 100% Transferable | Fully Spendable

AS MUCH AS YOU CAN AFFORD

üíéüíéDM now and get to your wallet
@Hammedlous2",Crypto scams
Telegram,unknown,"**Flash USDT ****üì±**** available** 
**180 Days VALIDITY **‚öôÔ∏è
**Supports all wallets **
**DM for prices and infos** ‚úîÔ∏è
**1M+ available in stock** ü¶Ö",Crypto scams
Telegram,unknown,"üìâüìâüí∏üéÅ‚ô•Ô∏èTransferable Flash BTC&USDT TRC20&bep20
Requirements as follows:

üíéüíéTransferable 
üíéüíé Spendable
üíéüíé Directly received flash 

üéñÔ∏èüéñÔ∏èPer 1k cost 20$
üéñÔ∏èüéñÔ∏èPer 5k cost 50$
üéñÔ∏èüéñÔ∏èPer 10k cost 90$
üéñÔ∏èüéñÔ∏èPer 20k cost 140$

Usdt flash üí∏ BTC flash üí∏ EURC üí∏ Eth flashüí∏ Tether üí∏ Usdt.züí∏WUSDT Flash üí∏BTC flash üí∏ crypto flash.


‚úÖ To multiple wallet on binance, trust wallet, Tradeable wallet and game site, sporty ‚úÖ 

Advance featuresüíØ
Buy now flash üõí
And make unlimited money
Dm now fast guys

Instantly deliverable | 100% Transferable | Fully Spendable

AS MUCH AS YOU CAN AFFORD

üíéüíéDM now and get to your wallet
@Hammedlous2",Crypto scams
Telegram,unknown,"üëåüëåFlash Bitcoin and üëåüëåflash usdtüëåüëå

üëçüëçüëçüëçüëçüëçüëçüëçüëçüëçüëçüëçüëçüëçüëç

 TRC20 and üí´üí´bepAvailable‚úÖ

üíéüëåTransferable spendable‚úÖ
Directly received flash‚úÖ

Trc20, bep20,erc20,usdt.z,usdt.t

Validity time 180 Dayü§úü§úü§ú

It's tradable, spendable, convertible, transferable, splittable, swappable

Work on binance, exodus, trust wallet, bybit, byget, game site, etc?

üí´ü§úPer 500 cost 10$
üí´ü§úPer 1k cost 20$
üí´ü§úPer 2k cost 40$
üí´ü§úPer 3k cost 50$
üí´ü§úPer 4k cost 80$
üí´ü§úPer 5k cost 150$


ü§õüí´Per 1btc cost 150$
ü§õüí´Per 2btc cost 300$
ü§õüí´Per 3btc cost 600$


And so much price Dm me now let deal 


üåôüåôüåôüåôüåôü•âü•âü•âüéñÔ∏èüéñÔ∏è

Work on Android phone and iphone 

üëçüëçüëçüëçüëçü§úü§úü§úü§úüíØüíØüíØ


To multiple ü§úü§úüëçwallet on binance, üí´üí∞trust wallet,‚úÖ‚úÖ trade wallet andüí´üéñÔ∏èü§úü§ú game site


@Jackpell",Crypto scams
Telegram,unknown,"ü§ùü§ùü§ù GET YOUR COINS AT YOUR AFFORDABLE PRICE üëèüëèüëè

‚ú®Have you heard about crypto currency platforms flashing ‚ú®

The flash can be ü•áUsdt/ TRC20, bep20, erc20 ü§ù BTC üî• Sol ü§ù Usdbit ü§ù sETH ü§ù sETH ü§ù Sphynx ü§ù BNB smart chain ‚ö°usdt.t ü§ù usdc ü§ùEth etc 

‚ú®Get your coins now available ‚ú®

‚ú®500 usdt/BTC flash cost you 10$
‚ú®1k usdt/ BTC flash cost you 20$
‚ú®5k usdt/ BTC flash cost you 70$
‚ú®10k usdt/ BTC flash cost you 120$
‚ú® 20k usdt/ BTC flash cost you 200$

Etc and so on , available for more as well
 
Whtp: +63 9641756871

üî•Features of the flash:

Flash Bitcoin and flash usdt TRC20 and bepAvailable
üíØTransferable
üíØspendable
üíØDirectly received flash
üíØValidity time 180 Days 
üíØIt's tradable,

 spendable, üíéconvertible,üíé transferable, üíésplittable, üíéswappable
 
To multiple wallet on binance, trust wallet, trade wallet and game site

üëáüëáüëá
@Muhammadsambo07",Crypto scams
Telegram,unknown,A large number of USA updates @Boscoccs4_bot,Crypto scams
Telegram,unknown,"ü§ùü§ùü§ù GET YOUR COINS AT YOUR AFFORDABLE PRICE üëèüëèüëè

‚ú®Have you heard about crypto currency platforms flashing ‚ú®

The flash can be ü•áUsdt/ TRC20, bep20, erc20 ü§ù BTC üî• Sol ü§ù Usdbit ü§ù sETH ü§ù sETH ü§ù Sphynx ü§ù BNB smart chain ‚ö°usdt.t ü§ù usdc ü§ùEth etc 

‚ú®Get your coins now available ‚ú®

‚ú®500 usdt/BTC flash cost you 10$
‚ú®1k usdt/ BTC flash cost you 20$
‚ú®5k usdt/ BTC flash cost you 70$
‚ú®10k usdt/ BTC flash cost you 120$
‚ú® 20k usdt/ BTC flash cost you 200$

Etc and so on , available for more as well
 
Whtp: +63 9641756871

üî•Features of the flash:

Flash Bitcoin and flash usdt TRC20 and bepAvailable
üíØTransferable
üíØspendable
üíØDirectly received flash
üíØValidity time 180 Days 
üíØIt's tradable,

 spendable, üíéconvertible,üíé transferable, üíésplittable, üíéswappable
 
To multiple wallet on binance, trust wallet, trade wallet and game site

üëáüëáüëá
@Muhammadsambo07",Phishing attempts
Telegram,unknown,"**BULK SMS AND EMAIL AVAILABLE **

Quality delivery bulk sms traffic‚úîÔ∏è
Get your platform set and start sending 
SEND SMS DIRECTLY with comfortblast ,Bank&bulk mails, SMS Spam,Traffics,Email Blasting @Toolz_4spamming

üì• Supports all kinds of traffic.üì≤ 
‚è≥ 99.9üõçratio of messages are sent inbox üì§
ü™™ Sends with customized SID üÜî 
üî∞ It Comes with leads..üìû
üí† Supports all contentsüí¨
üì§ Delivers to all carriersüåç
üì§ Sends to all countries¬† üåç
‚û°Ô∏è‚¨ÖÔ∏è Hit Inbox üíØüì≤ ‚òéÔ∏è
üî©Results Guaranty üíØ
üü• SPAM TOOLS & PAMMING ¬†¬†¬†¬†¬†¬†¬†¬†¬†¬†¬†¬†¬†¬† METHODS üíØ

FRANCEüá´üá∑[LANDLINE & MOBILE] USAüá∫üá∏[ALL BANK CALLER ID PASS] CANADAüá®üá¶ SPAINüá™üá∏ ITALYüáÆüáπ AUSTRALIAüá¶üá∫ BELGIUM TURKEYüáπüá∑ SWEDENüá∏üá™SWITZERLANDüá®üá≠AUSTRALIAüá¶üá∫ UKüá¨üáß INDIAüáÆüá≥ FRANCEüá´üá∑ SAUDI ARABIAüá∏üá¶¬† PORTUGALüáµüáπ 
‚ö°Ô∏è+150more countriesüê±
üö©üö©üö©üö©üåéüö©üö©üö©

DID NUMBER ‚ÄºÔ∏è
Local, International and toll-free business variety, available in multiple regions.ALL COUNTRIES WORLDWIDE üåê 

üåéDM for smtps and rdps 
üåéAll format for spamming available 

üñ≤we also offerüñ≤
üì≤üì•smtp 50k
üì≤üì•Office Sender
üì≤üì•Encrypted Letter
üì≤üì•Fast Rdp
üì≤ üì•Fud Link cookies grabber 
üì≤üì•Office Email Verifier
üì≤üì•Cashout method 
üì≤üì•result to telegram
üì≤üì•c-panels

üíªScam Pages, True Login & Anti Bot, uAdminüí°
¬†¬†¬†¬†¬†¬† üîãScam Pages
¬†¬†¬†¬†¬†¬† üîãGreece/USA/UK/French ScamPages
¬†¬†¬†¬†¬†¬† üîãCrypto Scam Pages
¬†¬†¬†¬†¬†¬† üîãOffice365 Auto grab antibot truelogin
¬†¬† üîãoffice365 Sender full setup 
¬†¬†¬†¬†¬†¬†üîãSMTP To Sms Sender 
¬†¬†¬†¬†¬†¬† üîãSmtp to sms php sender
üå∏üå∏üå∏üå∏üå∏üå∏üå∏ üå∏üå∏üå∏üå∏üå∏üå∏üå∏
¬†¬†¬† .LEADS
also available in:
‚òéÔ∏è Phone Data
üè¶ Email Data
üè¶ Whatsapp Data
üè¶ Business (B2B/B2C) Leads 
üè¶ Crypto/Forex Data
üè¶ Payday Loan Info
üè¶ Immigration Records
üè¶ Bank Leads (with/without IBAN)¬†¬†¬†¬†¬†¬†¬†¬†¬†¬†¬†¬†¬†¬†¬†¬†¬†¬†¬†¬†¬†¬†¬†¬†¬†¬†¬†¬†¬†¬†¬†¬†¬†¬†¬†¬†¬† 
¬†¬†¬†¬†¬†¬†¬†¬†¬†¬†¬†¬†¬†¬†¬† and many more available worldwide and in large quantities

Admain: @Toolz_4spamming

Channel: @mass_marketing0

WhatsApp: +1 (406) 410-4253",Crypto scams
Telegram,unknown,"üëåüëåFlash Bitcoin and üëåüëåflash usdtüëåüëå

üëçüëçüëçüëçüëçüëçüëçüëçüëçüëçüëçüëçüëçüëçüëç

 TRC20 and üí´üí´bepAvailable‚úÖ

üíéüëåTransferable spendable‚úÖ
Directly received flash‚úÖ

Trc20, bep20,erc20,usdt.z,usdt.t

Validity time 180 Dayü§úü§úü§ú

It's tradable, spendable, convertible, transferable, splittable, swappable

Work on binance, exodus, trust wallet, bybit, byget, game site, etc?

üí´ü§úPer 500 cost 10$
üí´ü§úPer 1k cost 20$
üí´ü§úPer 2k cost 40$
üí´ü§úPer 3k cost 50$
üí´ü§úPer 4k cost 80$
üí´ü§úPer 5k cost 150$


ü§õüí´Per 1btc cost 150$
ü§õüí´Per 2btc cost 300$
ü§õüí´Per 3btc cost 600$


And so much price Dm me now let deal 


üåôüåôüåôüåôüåôü•âü•âü•âüéñÔ∏èüéñÔ∏è

Work on Android phone and iphone 

üëçüëçüëçüëçüëçü§úü§úü§úü§úüíØüíØüíØ


To multiple ü§úü§úüëçwallet on binance, üí´üí∞trust wallet,‚úÖ‚úÖ trade wallet andüí´üéñÔ∏èü§úü§ú game site


@Jackpell",Phishing attempts
Telegram,unknown,"**I‚Äôm available for Blackhat and cybersecurity services
üîùWebsite database / website clone/ scam pages
Database leaks available 

üîù Any social media access ****/ban****

Darkweb market fully active
****üå´****üå´****üå´****üå´**** Available 

VALIDATED LEADS AVAILABLE:

¬†¬†¬† .Office leads 
¬†¬†¬† .Business leads
¬†¬†¬† .Local leads
¬†¬†¬† .custom leads
¬†¬†¬† .Yahoo, aol, Hotmail, org, fr, USA, cfo, edu, comcast, net all domain

FULL 0.365 SPAMMING SETUP

****‚ö°Ô∏è****smtp 50k,100k,200k and 300k
****‚ö°Ô∏è****Office Sender
****‚ö°Ô∏è****Encrypted Letter
****‚ö°Ô∏è****Fast Rdp
****‚ö°Ô∏è****Fud Link cookies grabber
****‚ö°Ô∏è****Office Email Verifier
****‚ö°Ô∏è****Cashout method
****‚ö°Ô∏è****result to telegram**",Crypto scams
Telegram,unknown,"ü§ëü§ëü§ëü§ë Real Flash Bitcoin and ü§ëü§ëü§ë flash usdt TRC20 and üí´üí´bep Available‚úÖ

üéâüéâüéâüéâüéâüéâüéâTransferable spendable‚úÖ
Directly received flash‚úÖ

Trc20, bep20,Erc20,usdt.z,usdt.t

Validity time 280 Day

It's tradable, spendable, convertible, transferable, splittable, swappable, P2P 

Work on binance, exodus, trust wallet, BYBIT , bitget, game site, etc?


 üí∏üí∏üí∏Per 1k cost 15$
 üí∏üí∏üí∏per 2k cost 25$
 üí∏üí∏üí∏Per 3k cost 35$
 üí∏üí∏üí∏Per 4k cost 45$ 
 üí∏üí∏üí∏Per 5k cost 55$

üéáüéáüéáüéáPer 1btc cost 30$
üéáüéáüéáüéáPer 2btc cost 50$
üéáüéáüéáüéáPer 3btc cost 80$

And so much price Dm me now let deal 

Work on Android phone and iphone 

To multiple wallet on binance, trust wallet trade wallet and game site

DM @druvflasher

NOTE: only interested buyers should DM",Phishing attempts
Telegram,unknown,"**BULK SMS AND EMAIL AVAILABLE **

Quality delivery bulk sms traffic‚úîÔ∏è
Get your platform set and start sending 
SEND SMS DIRECTLY with comfortblast ,Bank&bulk mails, SMS Spam,Traffics,Email Blasting @Toolz_4spamming

üì• Supports all kinds of traffic.üì≤ 
‚è≥ 99.9üõçratio of messages are sent inbox üì§
ü™™ Sends with customized SID üÜî 
üî∞ It Comes with leads..üìû
üí† Supports all contentsüí¨
üì§ Delivers to all carriersüåç
üì§ Sends to all countries¬† üåç
‚û°Ô∏è‚¨ÖÔ∏è Hit Inbox üíØüì≤ ‚òéÔ∏è
üî©Results Guaranty üíØ
üü• SPAM TOOLS & PAMMING ¬†¬†¬†¬†¬†¬†¬†¬†¬†¬†¬†¬†¬†¬† METHODS üíØ

FRANCEüá´üá∑[LANDLINE & MOBILE] USAüá∫üá∏[ALL BANK CALLER ID PASS] CANADAüá®üá¶ SPAINüá™üá∏ ITALYüáÆüáπ AUSTRALIAüá¶üá∫ BELGIUM TURKEYüáπüá∑ SWEDENüá∏üá™SWITZERLANDüá®üá≠AUSTRALIAüá¶üá∫ UKüá¨üáß INDIAüáÆüá≥ FRANCEüá´üá∑ SAUDI ARABIAüá∏üá¶¬† PORTUGALüáµüáπ 
‚ö°Ô∏è+150more countriesüê±
üö©üö©üö©üö©üåéüö©üö©üö©

DID NUMBER ‚ÄºÔ∏è
Local, International and toll-free business variety, available in multiple regions.ALL COUNTRIES WORLDWIDE üåê 

üåéDM for smtps and rdps 
üåéAll format for spamming available 

üñ≤we also offerüñ≤
üì≤üì•smtp 50k
üì≤üì•Office Sender
üì≤üì•Encrypted Letter
üì≤üì•Fast Rdp
üì≤ üì•Fud Link cookies grabber 
üì≤üì•Office Email Verifier
üì≤üì•Cashout method 
üì≤üì•result to telegram
üì≤üì•c-panels

üíªScam Pages, True Login & Anti Bot, uAdminüí°
¬†¬†¬†¬†¬†¬† üîãScam Pages
¬†¬†¬†¬†¬†¬† üîãGreece/USA/UK/French ScamPages
¬†¬†¬†¬†¬†¬† üîãCrypto Scam Pages
¬†¬†¬†¬†¬†¬† üîãOffice365 Auto grab antibot truelogin
¬†¬† üîãoffice365 Sender full setup 
¬†¬†¬†¬†¬†¬†üîãSMTP To Sms Sender 
¬†¬†¬†¬†¬†¬† üîãSmtp to sms php sender
üå∏üå∏üå∏üå∏üå∏üå∏üå∏ üå∏üå∏üå∏üå∏üå∏üå∏üå∏
¬†¬†¬† .LEADS
also available in:
‚òéÔ∏è Phone Data
üè¶ Email Data
üè¶ Whatsapp Data
üè¶ Business (B2B/B2C) Leads 
üè¶ Crypto/Forex Data
üè¶ Payday Loan Info
üè¶ Immigration Records
üè¶ Bank Leads (with/without IBAN)¬†¬†¬†¬†¬†¬†¬†¬†¬†¬†¬†¬†¬†¬†¬†¬†¬†¬†¬†¬†¬†¬†¬†¬†¬†¬†¬†¬†¬†¬†¬†¬†¬†¬†¬†¬†¬† 
¬†¬†¬†¬†¬†¬†¬†¬†¬†¬†¬†¬†¬†¬†¬† and many more available worldwide and in large quantities

Admain: @Toolz_4spamming

Channel: @mass_marketing0

WhatsApp: +1 (406) 410-4253",Phishing attempts
Telegram,unknown,"ü§ëü§ëü§ëü§ë Real Flash Bitcoin and ü§ëü§ëü§ë flash usdt TRC20 and üí´üí´bep Available‚úÖ

üéâüéâüéâüéâüéâüéâüéâTransferable spendable‚úÖ
Directly received flash‚úÖ

Trc20, bep20,Erc20,usdt.z,usdt.t

Validity time 280 Day

It's tradable, spendable, convertible, transferable, splittable, swappable, P2P 

Work on binance, exodus, trust wallet, BYBIT , bitget, game site, etc?


 üí∏üí∏üí∏Per 1k cost 15$
 üí∏üí∏üí∏per 2k cost 25$
 üí∏üí∏üí∏Per 3k cost 35$
 üí∏üí∏üí∏Per 4k cost 45$ 
 üí∏üí∏üí∏Per 5k cost 55$

üéáüéáüéáüéáPer 1btc cost 30$
üéáüéáüéáüéáPer 2btc cost 50$
üéáüéáüéáüéáPer 3btc cost 80$

And so much price Dm me now let deal 

Work on Android phone and iphone 

To multiple wallet on binance, trust wallet trade wallet and game site

DM @druvflasher

NOTE: only interested buyers should DM",Crypto scams
Telegram,unknown,"**Flash USDT ****üì±**** available** 
**180 Days VALIDITY **‚öôÔ∏è
**Supports all wallets **
**DM for prices and infos** ‚úîÔ∏è
**1M+ available in stock** ü¶Ö",Crypto scams
Telegram,unknown,"**BULK SMS AND EMAIL AVAILABLE **

Quality delivery bulk sms traffic‚úîÔ∏è
Get your platform set and start sending 
SEND SMS DIRECTLY with comfortblast ,Bank&bulk mails, SMS Spam,Traffics,Email Blasting @Toolz_4spamming

üì• Supports all kinds of traffic.üì≤ 
‚è≥ 99.9üõçratio of messages are sent inbox üì§
ü™™ Sends with customized SID üÜî 
üî∞ It Comes with leads..üìû
üí† Supports all contentsüí¨
üì§ Delivers to all carriersüåç
üì§ Sends to all countries¬† üåç
‚û°Ô∏è‚¨ÖÔ∏è Hit Inbox üíØüì≤ ‚òéÔ∏è
üî©Results Guaranty üíØ
üü• SPAM TOOLS & PAMMING ¬†¬†¬†¬†¬†¬†¬†¬†¬†¬†¬†¬†¬†¬† METHODS üíØ

FRANCEüá´üá∑[LANDLINE & MOBILE] USAüá∫üá∏[ALL BANK CALLER ID PASS] CANADAüá®üá¶ SPAINüá™üá∏ ITALYüáÆüáπ AUSTRALIAüá¶üá∫ BELGIUM TURKEYüáπüá∑ SWEDENüá∏üá™SWITZERLANDüá®üá≠AUSTRALIAüá¶üá∫ UKüá¨üáß INDIAüáÆüá≥ FRANCEüá´üá∑ SAUDI ARABIAüá∏üá¶¬† PORTUGALüáµüáπ 
‚ö°Ô∏è+150more countriesüê±
üö©üö©üö©üö©üåéüö©üö©üö©

DID NUMBER ‚ÄºÔ∏è
Local, International and toll-free business variety, available in multiple regions.ALL COUNTRIES WORLDWIDE üåê 

üåéDM for smtps and rdps 
üåéAll format for spamming available 

üñ≤we also offerüñ≤
üì≤üì•smtp 50k
üì≤üì•Office Sender
üì≤üì•Encrypted Letter
üì≤üì•Fast Rdp
üì≤ üì•Fud Link cookies grabber 
üì≤üì•Office Email Verifier
üì≤üì•Cashout method 
üì≤üì•result to telegram
üì≤üì•c-panels

üíªScam Pages, True Login & Anti Bot, uAdminüí°
¬†¬†¬†¬†¬†¬† üîãScam Pages
¬†¬†¬†¬†¬†¬† üîãGreece/USA/UK/French ScamPages
¬†¬†¬†¬†¬†¬† üîãCrypto Scam Pages
¬†¬†¬†¬†¬†¬† üîãOffice365 Auto grab antibot truelogin
¬†¬† üîãoffice365 Sender full setup 
¬†¬†¬†¬†¬†¬†üîãSMTP To Sms Sender 
¬†¬†¬†¬†¬†¬† üîãSmtp to sms php sender
üå∏üå∏üå∏üå∏üå∏üå∏üå∏ üå∏üå∏üå∏üå∏üå∏üå∏üå∏
¬†¬†¬† .LEADS
also available in:
‚òéÔ∏è Phone Data
üè¶ Email Data
üè¶ Whatsapp Data
üè¶ Business (B2B/B2C) Leads 
üè¶ Crypto/Forex Data
üè¶ Payday Loan Info
üè¶ Immigration Records
üè¶ Bank Leads (with/without IBAN)¬†¬†¬†¬†¬†¬†¬†¬†¬†¬†¬†¬†¬†¬†¬†¬†¬†¬†¬†¬†¬†¬†¬†¬†¬†¬†¬†¬†¬†¬†¬†¬†¬†¬†¬†¬†¬† 
¬†¬†¬†¬†¬†¬†¬†¬†¬†¬†¬†¬†¬†¬†¬† and many more available worldwide and in large quantities

Admain: @Toolz_4spamming

Channel: @mass_marketing0

WhatsApp: +1 (406) 410-4253",Phishing attempts
Telegram,unknown,"üî•üî•üî•Hacks wallet and sell in public for lowest ‚úÖ‚úÖ‚úÖSpammed keysüî•üî•üî•
Cheap btc private keys
Buy at 30% of balance
Import & swap in your wallet
Balance checker on checkoutüíØüíØüëç
[
](https://t.me/spamkey1)üíØüíØüíØGOING IF YOU ARE INTERESTED ‚òùÔ∏è‚òùÔ∏è
BUY,IMPORT & SWAP IN YOUR WALLET BALANCE CHECKER ON CHECKOUTüíØüîëüí∞
CHANNEL: https://t.me/+FjpaHYx9HtNhODQ8
price.safe and secure transction #bitcoin #ethereum #hackedwallets
Hacked BTC and Eth Wallets
Hacked USDT
Verified platform $
‚Ä¢ Cyber Security & High Transaction
Security.‚ùóÔ∏è‚ùóÔ∏è‚ùóÔ∏è‚ùóÔ∏è
BUY,IMPORT & SWAP IN YOUR WALLET BALANCE CHECKER ON CHECKOUTüíØüîëüí∞
OFFICIAL CHANNEL: https://t.me/+FjpaHYx9HtNhODQ8
ADMIN.. @HACKEDSEED_2 üíØ‚úÖ",Crypto scams
Telegram,unknown,"üëåüëåFlash Bitcoin and üëåüëåflash usdtüëåüëå

üëçüëçüëçüëçüëçüëçüëçüëçüëçüëçüëçüëçüëçüëçüëç

 TRC20 and üí´üí´bepAvailable‚úÖ

üíéüëåTransferable spendable‚úÖ
Directly received flash‚úÖ

Trc20, bep20,erc20,usdt.z,usdt.t

Validity time 180 Dayü§úü§úü§ú

It's tradable, spendable, convertible, transferable, splittable, swappable

Work on binance, exodus, trust wallet, bybit, byget, game site, etc?

üí´ü§úPer 500 cost 10$
üí´ü§úPer 1k cost 20$
üí´ü§úPer 2k cost 40$
üí´ü§úPer 3k cost 50$
üí´ü§úPer 4k cost 80$
üí´ü§úPer 5k cost 150$


ü§õüí´Per 1btc cost 150$
ü§õüí´Per 2btc cost 300$
ü§õüí´Per 3btc cost 600$


And so much price Dm me now let deal 


üåôüåôüåôüåôüåôü•âü•âü•âüéñÔ∏èüéñÔ∏è

Work on Android phone and iphone 

üëçüëçüëçüëçüëçü§úü§úü§úü§úüíØüíØüíØ


To multiple ü§úü§úüëçwallet on binance, üí´üí∞trust wallet,‚úÖ‚úÖ trade wallet andüí´üéñÔ∏èü§úü§ú game site


@Jackpell",Crypto scams
Telegram,unknown,"**__Welcome üëã guys to 
 __****__@big_store4__****__

Big_store4 is always ready for sales just DM 

Come with your specific bin 

Live cc coming up ‚¨ÜÔ∏è right now 

Bank logs available 

Money transfers available

 __****__@big_store4__**",Phishing attempts
Telegram,unknown,"üî•üî•üî•Hacks wallet and sell in public for lowest ‚úÖ‚úÖ‚úÖSpammed keysüî•üî•üî•
Cheap btc private keys
Buy at 30% of balance
Import & swap in your wallet
Balance checker on checkoutüíØüíØüëç
[
](https://t.me/spamkey1)üíØüíØüíØGOING IF YOU ARE INTERESTED ‚òùÔ∏è‚òùÔ∏è
BUY,IMPORT & SWAP IN YOUR WALLET BALANCE CHECKER ON CHECKOUTüíØüîëüí∞
CHANNEL: https://t.me/+FjpaHYx9HtNhODQ8
price.safe and secure transction #bitcoin #ethereum #hackedwallets
Hacked BTC and Eth Wallets
Hacked USDT
Verified platform $
‚Ä¢ Cyber Security & High Transaction
Security.‚ùóÔ∏è‚ùóÔ∏è‚ùóÔ∏è‚ùóÔ∏è
BUY,IMPORT & SWAP IN YOUR WALLET BALANCE CHECKER ON CHECKOUTüíØüîëüí∞
OFFICIAL CHANNEL: https://t.me/+FjpaHYx9HtNhODQ8
ADMIN.. @HACKEDSEED_2 üíØ‚úÖ",Crypto scams
Telegram,unknown,"üî•üî•üî•Hacks wallet and sell in public for lowest ‚úÖ‚úÖ‚úÖSpammed keysüî•üî•üî•
Cheap btc private keys
Buy at 30% of balance
Import & swap in your wallet
Balance checker on checkoutüíØüíØüëç
[
](https://t.me/spamkey1)üíØüíØüíØGOING IF YOU ARE INTERESTED ‚òùÔ∏è‚òùÔ∏è
BUY,IMPORT & SWAP IN YOUR WALLET BALANCE CHECKER ON CHECKOUTüíØüîëüí∞
CHANNEL: https://t.me/+FjpaHYx9HtNhODQ8
price.safe and secure transction #bitcoin #ethereum #hackedwallets
Hacked BTC and Eth Wallets
Hacked USDT
Verified platform $
‚Ä¢ Cyber Security & High Transaction
Security.‚ùóÔ∏è‚ùóÔ∏è‚ùóÔ∏è‚ùóÔ∏è
BUY,IMPORT & SWAP IN YOUR WALLET BALANCE CHECKER ON CHECKOUTüíØüîëüí∞
OFFICIAL CHANNEL: https://t.me/+FjpaHYx9HtNhODQ8
ADMIN.. @HACKEDSEED_2 üíØ‚úÖ",Crypto scams
Telegram,unknown,"üëåüëåFlash Bitcoin and üëåüëåflash usdtüëåüëå

üëçüëçüëçüëçüëçüëçüëçüëçüëçüëçüëçüëçüëçüëçüëç

 TRC20 and üí´üí´bepAvailable‚úÖ

üíéüëåTransferable spendable‚úÖ
Directly received flash‚úÖ

Trc20, bep20,erc20,usdt.z,usdt.t

Validity time 180 Dayü§úü§úü§ú

It's tradable, spendable, convertible, transferable, splittable, swappable

Work on binance, exodus, trust wallet, bybit, byget, game site, etc?

üí´ü§úPer 500 cost 10$
üí´ü§úPer 1k cost 20$
üí´ü§úPer 2k cost 40$
üí´ü§úPer 3k cost 50$
üí´ü§úPer 4k cost 80$
üí´ü§úPer 5k cost 150$


ü§õüí´Per 1btc cost 150$
ü§õüí´Per 2btc cost 300$
ü§õüí´Per 3btc cost 600$


And so much price Dm me now let deal 


üåôüåôüåôüåôüåôü•âü•âü•âüéñÔ∏èüéñÔ∏è

Work on Android phone and iphone 

üëçüëçüëçüëçüëçü§úü§úü§úü§úüíØüíØüíØ


To multiple ü§úü§úüëçwallet on binance, üí´üí∞trust wallet,‚úÖ‚úÖ trade wallet andüí´üéñÔ∏èü§úü§ú game site


@Jackpell",Crypto scams
Telegram,unknown,"**Flash USDT ****üì±**** available** 
**180 Days VALIDITY **‚öôÔ∏è
**Supports all wallets **
**DM for prices and infos** ‚úîÔ∏è
**1M+ available in stock** ü¶Ö",Crypto scams
Telegram,unknown,"üëåüëåFlash Bitcoin and üëåüëåflash usdtüëåüëå

üëçüëçüëçüëçüëçüëçüëçüëçüëçüëçüëçüëçüëçüëçüëç

 TRC20 and üí´üí´bepAvailable‚úÖ

üíéüëåTransferable spendable‚úÖ
Directly received flash‚úÖ

Trc20, bep20,erc20,usdt.z,usdt.t

Validity time 180 Dayü§úü§úü§ú

It's tradable, spendable, convertible, transferable, splittable, swappable

Work on binance, exodus, trust wallet, bybit, byget, game site, etc?

üí´ü§úPer 500 cost 10$
üí´ü§úPer 1k cost 20$
üí´ü§úPer 2k cost 40$
üí´ü§úPer 3k cost 50$
üí´ü§úPer 4k cost 80$
üí´ü§úPer 5k cost 150$


ü§õüí´Per 1btc cost 150$
ü§õüí´Per 2btc cost 300$
ü§õüí´Per 3btc cost 600$


And so much price Dm me now let deal 


üåôüåôüåôüåôüåôü•âü•âü•âüéñÔ∏èüéñÔ∏è

Work on Android phone and iphone 

üëçüëçüëçüëçüëçü§úü§úü§úü§úüíØüíØüíØ


To multiple ü§úü§úüëçwallet on binance, üí´üí∞trust wallet,‚úÖ‚úÖ trade wallet andüí´üéñÔ∏èü§úü§ú game site


@Jackpell",Crypto scams
Telegram,unknown,"**BULK SMS AND EMAIL AVAILABLE **

Quality delivery bulk sms traffic‚úîÔ∏è
Get your platform set and start sending 
SEND SMS DIRECTLY with comfortblast ,Bank&bulk mails, SMS Spam,Traffics,Email Blasting @Toolz_4spamming

üì• Supports all kinds of traffic.üì≤ 
‚è≥ 99.9üõçratio of messages are sent inbox üì§
ü™™ Sends with customized SID üÜî 
üî∞ It Comes with leads..üìû
üí† Supports all contentsüí¨
üì§ Delivers to all carriersüåç
üì§ Sends to all countries¬† üåç
‚û°Ô∏è‚¨ÖÔ∏è Hit Inbox üíØüì≤ ‚òéÔ∏è
üî©Results Guaranty üíØ
üü• SPAM TOOLS & PAMMING ¬†¬†¬†¬†¬†¬†¬†¬†¬†¬†¬†¬†¬†¬† METHODS üíØ

FRANCEüá´üá∑[LANDLINE & MOBILE] USAüá∫üá∏[ALL BANK CALLER ID PASS] CANADAüá®üá¶ SPAINüá™üá∏ ITALYüáÆüáπ AUSTRALIAüá¶üá∫ BELGIUM TURKEYüáπüá∑ SWEDENüá∏üá™SWITZERLANDüá®üá≠AUSTRALIAüá¶üá∫ UKüá¨üáß INDIAüáÆüá≥ FRANCEüá´üá∑ SAUDI ARABIAüá∏üá¶¬† PORTUGALüáµüáπ 
‚ö°Ô∏è+150more countriesüê±
üö©üö©üö©üö©üåéüö©üö©üö©

DID NUMBER ‚ÄºÔ∏è
Local, International and toll-free business variety, available in multiple regions.ALL COUNTRIES WORLDWIDE üåê 

üåéDM for smtps and rdps 
üåéAll format for spamming available 

üñ≤we also offerüñ≤
üì≤üì•smtp 50k
üì≤üì•Office Sender
üì≤üì•Encrypted Letter
üì≤üì•Fast Rdp
üì≤ üì•Fud Link cookies grabber 
üì≤üì•Office Email Verifier
üì≤üì•Cashout method 
üì≤üì•result to telegram
üì≤üì•c-panels

üíªScam Pages, True Login & Anti Bot, uAdminüí°
¬†¬†¬†¬†¬†¬† üîãScam Pages
¬†¬†¬†¬†¬†¬† üîãGreece/USA/UK/French ScamPages
¬†¬†¬†¬†¬†¬† üîãCrypto Scam Pages
¬†¬†¬†¬†¬†¬† üîãOffice365 Auto grab antibot truelogin
¬†¬† üîãoffice365 Sender full setup 
¬†¬†¬†¬†¬†¬†üîãSMTP To Sms Sender 
¬†¬†¬†¬†¬†¬† üîãSmtp to sms php sender
üå∏üå∏üå∏üå∏üå∏üå∏üå∏ üå∏üå∏üå∏üå∏üå∏üå∏üå∏
¬†¬†¬† .LEADS
also available in:
‚òéÔ∏è Phone Data
üè¶ Email Data
üè¶ Whatsapp Data
üè¶ Business (B2B/B2C) Leads 
üè¶ Crypto/Forex Data
üè¶ Payday Loan Info
üè¶ Immigration Records
üè¶ Bank Leads (with/without IBAN)¬†¬†¬†¬†¬†¬†¬†¬†¬†¬†¬†¬†¬†¬†¬†¬†¬†¬†¬†¬†¬†¬†¬†¬†¬†¬†¬†¬†¬†¬†¬†¬†¬†¬†¬†¬†¬† 
¬†¬†¬†¬†¬†¬†¬†¬†¬†¬†¬†¬†¬†¬†¬† and many more available worldwide and in large quantities

Admain: @Toolz_4spamming

Channel: @mass_marketing0

WhatsApp: +1 (406) 410-4253",Phishing attempts
Telegram,unknown,A large number of USA updates @Boscoccs4_bot,Phishing attempts
Telegram,unknown,"üî•üî•üî•Hacks wallet and sell in public for lowest ‚úÖ‚úÖ‚úÖSpammed keysüî•üî•üî•
Cheap btc private keys
Buy at 30% of balance
Import & swap in your wallet
Balance checker on checkoutüíØüíØüëç
[
](https://t.me/spamkey1)üíØüíØüíØGOING IF YOU ARE INTERESTED ‚òùÔ∏è‚òùÔ∏è
BUY,IMPORT & SWAP IN YOUR WALLET BALANCE CHECKER ON CHECKOUTüíØüîëüí∞
CHANNEL: https://t.me/+FjpaHYx9HtNhODQ8
price.safe and secure transction #bitcoin #ethereum #hackedwallets
Hacked BTC and Eth Wallets
Hacked USDT
Verified platform $
‚Ä¢ Cyber Security & High Transaction
Security.‚ùóÔ∏è‚ùóÔ∏è‚ùóÔ∏è‚ùóÔ∏è
BUY,IMPORT & SWAP IN YOUR WALLET BALANCE CHECKER ON CHECKOUTüíØüîëüí∞
OFFICIAL CHANNEL: https://t.me/+FjpaHYx9HtNhODQ8
ADMIN.. @HACKEDSEED_2 üíØ‚úÖ",Crypto scams
Telegram,unknown,**DOES ANYONE IN THE CHAT HAS WELLS FARGO üåπOR PNC‚òÑÔ∏è? I NEED IT FOR WIRE TRANSFER**,Phishing attempts
Telegram,unknown,"Flash usdt and btc is available 
Per 1k usdt cost $10 
Per 2k usdt cost $30 
Per 5k usdt cost $50 
Per 10k usdt cost $100 
 FLASH USDT FEATURES
Tradable spendable swappable convert able transferable spilltable and 
Is available at affordable prices 
No demo no test once you make payments you receive immediately after 2 minutes 
Dm if needed or interested 
Telegram @ mayouthm
Whatsapp:+63 930 267 2275",Crypto scams
Telegram,unknown,"Flash usdt and btc is available 
Per 1k usdt cost $10 
Per 2k usdt cost $30 
Per 5k usdt cost $50 
Per 10k usdt cost $100 
 FLASH USDT FEATURES
Tradable spendable swappable convert able transferable spilltable and 
Is available at affordable prices 
No demo no test once you make payments you receive immediately after 2 minutes 
Dm if needed or interested 
Telegram @ mayouthm
Whatsapp:+63 930 267 2275",Crypto scams
Telegram,unknown,"Flash usdt and btc is available 
Per 1k usdt cost $10 
Per 2k usdt cost $30 
Per 5k usdt cost $50 
Per 10k usdt cost $100 
 FLASH USDT FEATURES
Tradable spendable swappable convert able transferable spilltable and 
Is available at affordable prices 
No demo no test once you make payments you receive immediately after 2 minutes 
Dm if needed or interested 
Telegram @ mayouthm
Whatsapp:+63 930 267 2275",Crypto scams
Telegram,unknown,"üî´üî´üî´üî´üî´üî´üî´‚öôÔ∏è**
__Hire me for all Blackhat Seo and cybersecurity hacking services__**üìä‚öôÔ∏è**__
__**üì±üì±üì±üì±üì±üì±üì±üì±üì±üì±üì±üì±üì±
üíª**School grades manipulation**
üíª**Malware and Ransomwares**
üíª**Papers manipulation **
üíª**Ban/Unban Social media**
üíª**All social media Spying
**üíª**Bypass 2FA**
üíª**Clone cards 
**üíª**Legit id cards**
üíª**Pegasus and SS7 attack
**üíª**Pc/Macbook Hacking**
üíª**Whatsapp Hacking**
üíª**Facebook Hacking**
üíª**Instagram Hacking**
üíª**Snapchat Hacking**
üíª**Database Hacking**
üíª**Icloud/Gmail Hacking**
üíª**Mobile phone Hacking** 
üíª**Windows rat and Spyware**
üíª**Scam funds recovery**
üíª**Cctv and ip tracing**
üíª**Wallet phrase recovery**
üíª**Website Database Hacking**
‚ÄºÔ∏èüòá**__And more, inbox me for more__** **__service and info__**‚úâÔ∏è‚≠êÔ∏è

‚ö†Ô∏è**NO FREE SERVICES!!!**‚ö†Ô∏è

‚û°Ô∏è**@Harnuff_H4ck**üëà**
**‚û°Ô∏è**@Harnuff_H4ck**üëà",Phishing attempts
Telegram,unknown,"All spamming tools are available NOW ‚ÄºÔ∏è ‚ÄºÔ∏è ‚ÄºÔ∏è
üí™HOSTING :
üî¥ Bluehost cPanel 
üî¥ Hostgator cPanel 
üî¥ Whm root (2087) 
‚ÄºÔ∏è Nb: All are bulletproof 

üì©Mailing :
‚úÖWorry no more about a bad sender, we're here to serve you better.

SMTP of different limits available for email spamming 

Rackspace smtp
üî¥ Aws ses smtp
üî¥ Senddinblue smtp
üî¥ Sendgrid smtp 
üî¥ Mailgun smtp 
üî¥ Ionos smtp
üî¥ Zimbra smtp
üî¥ Office365 smtp
üî¥ Strato smtp
üî¥ Zoho smtp and more
FEATURES
+ 99% inbox rate of email sendout guaranteed 
+ It inbox to all domains(Hotmail, Gmail, outlook)
+ The smtp works by enabling TLS on mail server which secures your sendout and prevent it from going spam 
üóëThis will not only solve your email sendout going to spam folder but also guarantee high inbox rate to all domains 

üìßWebmailüìß
üî¥Office webmail
üî¥ IONOS webmail
üî¥ Titan (CT/Hostinger)
üî¥ Rackspace webmail
üî¥ Strato webmail
üî¥ Zimbra webmail
üî¥ Owa Microsoft corporation 
üî¥ Other webmails (Seguro/Aruba/cPanel/etc‚Ä¶)
‚ÄºÔ∏èNb: INBOX

üö®VPN :
üî¥ iPvanish socks5 
üî¥ NordVPN socks 5

üë®‚ÄçüíªRDP (Created) :
üî¥ 4gb/8gb/16gb/32gb 

üí•OTHER TOOLSüí•
üî¥ Scampages
üî¥ Leads
üî¥ Letters
‚ÄºÔ∏è Nb: We crack any specific account (Netflix/Spotify/Dating/etc‚Ä¶)

üìùScripts :
üî¥ cPanel/WHM/Webmail/Smtp/VPN Cracker 
üî¥ Accounts cracker (Netflix/Spotify/Dating/etc‚Ä¶) 
‚ÄºÔ∏è Nb: Every account can be cracked
-Node SMTP sender 

üî§Methods and courses :
üîµ Create RDP (Unlimited) 
üîµ Crack cPanel/WHM/webmail/smtp/VPN 
üîµ Crack Accounts 
üîµ Spam courses 

üí¨üí¨ DM DM DM!!!

WhatsApp +1 440 983 8576
üì≤ Telegram: @Greatauro",Phishing attempts
Telegram,unknown,"Message me if you need help on hacking service or if you want to learn Hacking and spamming 

ü§≥recovery of lost funds
ü§≥email hacking and spying 
ü§≥Facebook Hack
ü§≥WhatsApp Hack 
ü§≥Instagram Hack
ü§≥Spying and Monitoring 
ü§≥Windows Hacking
ü§≥Recover lost wallet 
ü§≥Credit score trick 
ü§≥Recover Password
ü§≥Gmail Hack
ü§≥SnapChat Hacking 
ü§≥Cellphone Monitoring 
ü§≥Tik Tok Hack
ü§≥Twitter Hack
ü§≥Lost Phone Tracking
ü§≥LostIaptopTracking
ü§≥Lost Car Tracking
ü§≥Cloning WhatsApp
ü§≥Cryptocurrency Wallet Hacking
ü§≥Iphone unlock 
ü§≥Got banned 
ü§≥remove ban on all social media like Facebook, WhatsApp, twitter, instagram, dating app; meet me, pof, skout and lot more 
ü§≥Private Number available
ü§≥Telegram hacking 
ü§≥Websites hacking 
ü§≥Hack University 
ü§≥IOS and Android hack 
ü§≥Wifi Hacking 
ü§≥CCTV hacking
ü§≥Hack Bot Game 
ü§≥Free fire hack 
ü§≥Changing of school grades 
ü§≥ rat software 
ü§≥hook botnet 
ü§≥track someone 
¬†¬†¬†¬†¬†¬†¬†¬†¬†¬†¬† 
Message me if you need help on hacking service

WhatsApp +1 440 983 8576

@Greatauro",Phishing attempts
Telegram,unknown,"Flash usdt or btc are available right now it‚Äôs tradeable transferable you can also use it for online betting and online purchase 
Instead of using your real usdt for some payments you make you can use flash usdt like paying for house rent and paying for bills and you can also use the flash usdt at many online occasions 

Dm me now if you want to buy or you‚Äôre interested in buying 
Crypto loan are also available for who are interested üíµüíµ
You can also contact us on WhatsApp +1 440 983 8576

@Greatauro",Crypto scams
Telegram,unknown,"Flash usdt and btc is available 
Per 1k usdt cost $10 
Per 2k usdt cost $30 
Per 5k usdt cost $50 
Per 10k usdt cost $100 
 FLASH USDT FEATURES
Tradable spendable swappable convert able transferable spilltable and 
Is available at affordable prices 
No demo no test once you make payments you receive immediately after 2 minutes 
Dm if needed or interested 
Telegram @ mayouthm
Whatsapp:+63 930 267 2275",Crypto scams
Telegram,unknown,A large number of USA updates @Boscoccs4_bot,Phishing attempts
Telegram,unknown,"‚≠êÔ∏è**Unveil Your Customized Call Center System ‚Äî Now with Powerful ‚ÄòPress 1‚Äô Functionality!‚Äù

**üìû**Boost Conversions with High-Impact Outbound Campaigns ‚Äî Auto-Calling and ‚ÄòPress 1‚Äô IVR Built In!

**üìû**Maximize Every Incoming Call with Intelligent IVR, Call Routing, and Instant Response Tools!
**‚≠êÔ∏è** Call Center with Live Monitoring, Call Recording & CRM Integration.
**‚≠êÔ∏è** Spoof Real Caller IDs ‚Äî Appear Exactly How You Want.

**üíº** Powerful Features:

**üìû** All-in-One Call Center Panel ‚Äî Manage Agents, Calls
& Campaigns Seamlessly

**‚úÖ** Outbound & inbound calls

**‚úÖ**Press 1‚Äô Campaigns ‚Äî Automated Calls with Interactive Options Like ‚ÄòPress 1 to Connect.

**‚úÖ** Voicemail Drop, Call Forwarding & Call Recording ‚Äî All in One Platform.

**‚úÖ** Legal verified caller ID (local/toll-free numbers)

**üéØ**CRM + Tracking

**‚úÖ**Track who pressed what
**‚úÖ** See call results: live answer, voicemail, no response
**‚úÖ**Contact tagging & segmentation
**‚úîÔ∏è** Interactive Auto-Dial Campaigns for Lead Engagement

**‚úîÔ∏è**Reactivation Campaigns.

**üöÄ** FAST LAUNCH, FULL CONTROL
Full spoofing., scalable telecom tools.

**üì≤ **DM **üëâ** ****@VoipSync**
**
**üåê**Join Channel **üëâ **@VoIPNexus01****

Own the tools. Own the traffic. **üíº",Phishing attempts
Telegram,unknown,"üî´üî´üî´üî´üî´üî´üî´‚öôÔ∏è**
__Hire me for all Blackhat Seo and cybersecurity hacking services__**üìä‚öôÔ∏è**__
__**üì±üì±üì±üì±üì±üì±üì±üì±üì±üì±üì±üì±üì±
üíª**School grades manipulation**
üíª**Malware and Ransomwares**
üíª**Papers manipulation **
üíª**Ban/Unban Social media**
üíª**All social media Spying
**üíª**Bypass 2FA**
üíª**Clone cards 
**üíª**Legit id cards**
üíª**Pegasus and SS7 attack
**üíª**Pc/Macbook Hacking**
üíª**Whatsapp Hacking**
üíª**Facebook Hacking**
üíª**Instagram Hacking**
üíª**Snapchat Hacking**
üíª**Database Hacking**
üíª**Icloud/Gmail Hacking**
üíª**Mobile phone Hacking** 
üíª**Windows rat and Spyware**
üíª**Scam funds recovery**
üíª**Cctv and ip tracing**
üíª**Wallet phrase recovery**
üíª**Website Database Hacking**
‚ÄºÔ∏èüòá**__And more, inbox me for more__** **__service and info__**‚úâÔ∏è‚≠êÔ∏è

‚ö†Ô∏è**NO FREE SERVICES!!!**‚ö†Ô∏è

‚û°Ô∏è**@Harnuff_H4ck**üëà**
**‚û°Ô∏è**@Harnuff_H4ck**üëà",Phishing attempts
Telegram,unknown,"I‚Äôve had the opportunity to invest with Velo Trust for a while now, and the experience has been nothing short of outstanding. From the very beginning, I was impressed with how professional and transparent the platform is. Every step of the investment process is simple, secure, and designed to give investors complete confidence. Unlike many other platforms that make promises they can‚Äôt keep, Velo Trust has consistently delivered on every commitment.

Among all I would say the are 

üå≥Consistency in good workings
üå≥Best customer service 
üå≥Professional service to all investors 
üå≥No hiding fees 

Invest today not tomorrow 
Crypto is becoming more reliable in making money 
üëáüèΩ
https://velotrust-exchanges.com/?ref=Williambenjamin

https://velotrust-exchanges.com/?ref=Williambenjamin",Crypto scams
Telegram,unknown,"Flash usdt and btc is available 
Per 1k usdt cost $10 
Per 2k usdt cost $30 
Per 5k usdt cost $50 
Per 10k usdt cost $100 
 FLASH USDT FEATURES
Tradable spendable swappable convert able transferable spilltable and 
Is available at affordable prices 
No demo no test once you make payments you receive immediately after 2 minutes 
Dm if needed or interested 
Telegram @ mayouthm
Whatsapp:+63 930 267 2275",Crypto scams
Telegram,unknown,"Flash usdt and btc is available 
Per 1k usdt cost $10 
Per 2k usdt cost $30 
Per 5k usdt cost $50 
Per 10k usdt cost $100 
 FLASH USDT FEATURES
Tradable spendable swappable convert able transferable spilltable and 
Is available at affordable prices 
No demo no test once you make payments you receive immediately after 2 minutes 
Dm if needed or interested 
Telegram @ mayouthm
Whatsapp:+63 930 267 2275",Crypto scams
Telegram,unknown,"**Yo HMU ****@Miguel_spamm****.¬† I got 

üîò¬† Fresh $pammed 
Bank logs, CCs & Fullz

üîò¬† $ Office365 available 

üîò¬†Building virus 100%

üîò¬† SMTP available 

üîò¬† ACH / Wire / DirectDeposit / BillPay Methods 

üîò¬† iPhone & Accessories charting

üîò¬† Drop openup

üîò¬† Tax Rufund & Edd update 

üîò¬† Verified coinbase account/leads

üîò Rackspace available 

Time wasters KEEPOFF

Tappin ****@Miguel_spamm** **purchase.**",Phishing attempts
Telegram,unknown,"**DM WITH YOUR EMAIL OR TAG, I DO ALL LEGIT AND TRUSTED TRANSFER TO ALL COUNTRIES, I GOT BEST DEALS ON BANK LOGS, FULLZ, DOCUMENTS ( fake id, bank statements, passports, checks , money transfers ) SO TAP IN NOW ****@JUSTICE_CC****


HOT AND LEGIT TRANSFER ****üí∞****üí≤****üí≤****üí≤****

****üí≥****CASH APP TRANSFER
****üí∞****PAYPAL TRANSFER
****üí≥****VENMO TRANSFER¬†
****üí∞****SKRILL TRANSFER¬†
****üí≥****ZELLE TRANSFER¬†
****üí∞****BITCOIN TRANSFER
****üè¶****BANK TRANSFER
****üçè****APPLE PAY TRANSFER
****üí∏****WESTERN UNION¬†

LINKABLES¬†****üÜï****
CC¬†****üÜï****
CVV****üÜï****üÜï****
FULLZ¬†****üÜï****
CHECKS¬†****üÜï****
OTP BOTS¬†****üÜï****
NON VBV¬†****üÜï****
CARDING¬†****üÜï****
BILLS PAYMENT****üÜï****
DUMPS WITH PIN¬†****üÜï****

Prices list‚òÑÔ∏è****üëÄ****üëÄ****

‚úÖ¬£‚Ç¨$25¬† For¬† $1000****üí≤****

‚úÖ¬£‚Ç¨$50¬† For¬† $2000****üí≤****¬†

‚úÖ¬£‚Ç¨$75¬†¬† For ¬† $3000****üí≤****

‚úÖ¬£‚Ç¨$85 ¬† For¬†¬† $4000****üí≤****

‚úÖ¬£‚Ç¨$100 ¬† For ¬† $5,594.81 ****üí≤****

‚úÖ¬£‚Ç¨$120 ¬† For ¬† $6,877.04 ****üí≤****

‚úÖ¬£‚Ç¨$140¬†¬† For ¬† $7,124.98 ****üí≤****

‚úÖ¬£‚Ç¨$160¬†¬† For ¬† $8,238.46 $****üí≤****

‚úÖ¬£‚Ç¨$180 ¬† For ¬† $9,296.39 ****üí≤****¬†

‚úÖ¬£‚Ç¨$200¬†¬† For ¬† $10,100.52 ****üí≤****


üì±SPOOFING ROUTE AVAILABLEüì±

‚ö°Ô∏è PREMIUM ROUTE
‚ö°Ô∏è PREMIUM SUPPORT
‚ö°Ô∏è BANK CALLER ID PASS
‚ö°Ô∏è DID NUMBER & TFN
‚ö°Ô∏è SMS & EMAIL SPOOF

We selling Google voice****üòÄ****

‚úÖ818 area code GV****üòÄ****
‚úÖ818 GV ****üòÄ****‚úÖ****
‚úÖNew Google voice ****üòÄ****
‚úÖOld Google voice ****üòÄ****
‚úÖ2fa Google voice ****üòÄ****
Sell start form 1/1000+ account****ü™ô****

Dm admin ****@JUSTICE_CC****
¬† ¬† ¬† ¬† ¬† ¬† ¬† ¬† ¬† ¬† ****@JUSTICE_CC****
¬† ¬† ¬† ¬† ¬† ¬† ¬† ¬† ¬† ¬†¬†****@JUSTICE_CC**",Phishing attempts
Telegram,unknown,"Flash usdt and btc is available 
Per 1k usdt cost $10 
Per 2k usdt cost $30 
Per 5k usdt cost $50 
Per 10k usdt cost $100 
 FLASH USDT FEATURES
Tradable spendable swappable convert able transferable spilltable and 
Is available at affordable prices 
No demo no test once you make payments you receive immediately after 2 minutes 
Dm if needed or interested 
Telegram @ mayouthm
Whatsapp:+63 930 267 2275",Crypto scams
Telegram,unknown,A large number of USA updates @Boscoccs4_bot,Phishing attempts
Telegram,unknown,"**DM WITH YOUR EMAIL OR TAG, I DO ALL LEGIT AND TRUSTED TRANSFER TO ALL COUNTRIES, I GOT BEST DEALS ON BANK LOGS, FULLZ, DOCUMENTS ( fake id, bank statements, passports, checks , money transfers ) SO TAP IN NOW ****@JUSTICE_CC****


HOT AND LEGIT TRANSFER ****üí∞****üí≤****üí≤****üí≤****

****üí≥****CASH APP TRANSFER
****üí∞****PAYPAL TRANSFER
****üí≥****VENMO TRANSFER¬†
****üí∞****SKRILL TRANSFER¬†
****üí≥****ZELLE TRANSFER¬†
****üí∞****BITCOIN TRANSFER
****üè¶****BANK TRANSFER
****üçè****APPLE PAY TRANSFER
****üí∏****WESTERN UNION¬†

LINKABLES¬†****üÜï****
CC¬†****üÜï****
CVV****üÜï****üÜï****
FULLZ¬†****üÜï****
CHECKS¬†****üÜï****
OTP BOTS¬†****üÜï****
NON VBV¬†****üÜï****
CARDING¬†****üÜï****
BILLS PAYMENT****üÜï****
DUMPS WITH PIN¬†****üÜï****

Prices list‚òÑÔ∏è****üëÄ****üëÄ****

‚úÖ¬£‚Ç¨$25¬† For¬† $1000****üí≤****

‚úÖ¬£‚Ç¨$50¬† For¬† $2000****üí≤****¬†

‚úÖ¬£‚Ç¨$75¬†¬† For ¬† $3000****üí≤****

‚úÖ¬£‚Ç¨$85 ¬† For¬†¬† $4000****üí≤****

‚úÖ¬£‚Ç¨$100 ¬† For ¬† $5,594.81 ****üí≤****

‚úÖ¬£‚Ç¨$120 ¬† For ¬† $6,877.04 ****üí≤****

‚úÖ¬£‚Ç¨$140¬†¬† For ¬† $7,124.98 ****üí≤****

‚úÖ¬£‚Ç¨$160¬†¬† For ¬† $8,238.46 $****üí≤****

‚úÖ¬£‚Ç¨$180 ¬† For ¬† $9,296.39 ****üí≤****¬†

‚úÖ¬£‚Ç¨$200¬†¬† For ¬† $10,100.52 ****üí≤****


üì±SPOOFING ROUTE AVAILABLEüì±

‚ö°Ô∏è PREMIUM ROUTE
‚ö°Ô∏è PREMIUM SUPPORT
‚ö°Ô∏è BANK CALLER ID PASS
‚ö°Ô∏è DID NUMBER & TFN
‚ö°Ô∏è SMS & EMAIL SPOOF

We selling Google voice****üòÄ****

‚úÖ818 area code GV****üòÄ****
‚úÖ818 GV ****üòÄ****‚úÖ****
‚úÖNew Google voice ****üòÄ****
‚úÖOld Google voice ****üòÄ****
‚úÖ2fa Google voice ****üòÄ****
Sell start form 1/1000+ account****ü™ô****

Dm admin ****@JUSTICE_CC****
¬† ¬† ¬† ¬† ¬† ¬† ¬† ¬† ¬† ¬† ****@JUSTICE_CC****
¬† ¬† ¬† ¬† ¬† ¬† ¬† ¬† ¬† ¬†¬†****@JUSTICE_CC**",Phishing attempts
Telegram,unknown,"**DM WITH YOUR EMAIL OR TAG, I DO ALL LEGIT AND TRUSTED TRANSFER TO ALL COUNTRIES, I GOT BEST DEALS ON BANK LOGS, FULLZ, DOCUMENTS ( fake id, bank statements, passports, checks , money transfers ) SO TAP IN NOW ****@JUSTICE_CC****


HOT AND LEGIT TRANSFER ****üí∞****üí≤****üí≤****üí≤****

****üí≥****CASH APP TRANSFER
****üí∞****PAYPAL TRANSFER
****üí≥****VENMO TRANSFER¬†
****üí∞****SKRILL TRANSFER¬†
****üí≥****ZELLE TRANSFER¬†
****üí∞****BITCOIN TRANSFER
****üè¶****BANK TRANSFER
****üçè****APPLE PAY TRANSFER
****üí∏****WESTERN UNION¬†

LINKABLES¬†****üÜï****
CC¬†****üÜï****
CVV****üÜï****üÜï****
FULLZ¬†****üÜï****
CHECKS¬†****üÜï****
OTP BOTS¬†****üÜï****
NON VBV¬†****üÜï****
CARDING¬†****üÜï****
BILLS PAYMENT****üÜï****
DUMPS WITH PIN¬†****üÜï****

Prices list‚òÑÔ∏è****üëÄ****üëÄ****

‚úÖ¬£‚Ç¨$25¬† For¬† $1000****üí≤****

‚úÖ¬£‚Ç¨$50¬† For¬† $2000****üí≤****¬†

‚úÖ¬£‚Ç¨$75¬†¬† For ¬† $3000****üí≤****

‚úÖ¬£‚Ç¨$85 ¬† For¬†¬† $4000****üí≤****

‚úÖ¬£‚Ç¨$100 ¬† For ¬† $5,594.81 ****üí≤****

‚úÖ¬£‚Ç¨$120 ¬† For ¬† $6,877.04 ****üí≤****

‚úÖ¬£‚Ç¨$140¬†¬† For ¬† $7,124.98 ****üí≤****

‚úÖ¬£‚Ç¨$160¬†¬† For ¬† $8,238.46 $****üí≤****

‚úÖ¬£‚Ç¨$180 ¬† For ¬† $9,296.39 ****üí≤****¬†

‚úÖ¬£‚Ç¨$200¬†¬† For ¬† $10,100.52 ****üí≤****


üì±SPOOFING ROUTE AVAILABLEüì±

‚ö°Ô∏è PREMIUM ROUTE
‚ö°Ô∏è PREMIUM SUPPORT
‚ö°Ô∏è BANK CALLER ID PASS
‚ö°Ô∏è DID NUMBER & TFN
‚ö°Ô∏è SMS & EMAIL SPOOF

We selling Google voice****üòÄ****

‚úÖ818 area code GV****üòÄ****
‚úÖ818 GV ****üòÄ****‚úÖ****
‚úÖNew Google voice ****üòÄ****
‚úÖOld Google voice ****üòÄ****
‚úÖ2fa Google voice ****üòÄ****
Sell start form 1/1000+ account****ü™ô****

Dm admin ****@JUSTICE_CC****
¬† ¬† ¬† ¬† ¬† ¬† ¬† ¬† ¬† ¬† ****@JUSTICE_CC****
¬† ¬† ¬† ¬† ¬† ¬† ¬† ¬† ¬† ¬†¬†****@JUSTICE_CC**",Phishing attempts
Telegram,unknown,"ü§ùü§ùü§ù GET YOUR COINS AT YOUR AFFORDABLE PRICE üëèüëèüëè

‚ú®Have you heard about crypto currency platforms flashing ‚ú®

The flash can be ü•áUsdt/ TRC20, bep20, erc20 ü§ù BTC üî• Sol ü§ù Usdbit ü§ù sETH ü§ù sETH ü§ù Sphynx ü§ù BNB smart chain ‚ö°usdt.t ü§ù usdc ü§ùEth etc 

‚ú®Get your coins now available ‚ú®

‚ú®500 usdt/BTC flash cost you 10$
‚ú®1k usdt/ BTC flash cost you 20$
‚ú®5k usdt/ BTC flash cost you 70$
‚ú®10k usdt/ BTC flash cost you 120$
‚ú® 20k usdt/ BTC flash cost you 200$

Etc and so on , available for more as well
 
Whtp: +63 9641756871

üî•Features of the flash:

Flash Bitcoin and flash usdt TRC20 and bepAvailable
üíØTransferable
üíØspendable
üíØDirectly received flash
üíØValidity time 180 Days 
üíØIt's tradable,

 spendable, üíéconvertible,üíé transferable, üíésplittable, üíéswappable
 
To multiple wallet on binance, trust wallet, trade wallet and game site

üëáüëáüëá
@Muhammadsambo07",Crypto scams
Telegram,unknown,"**DM WITH YOUR EMAIL OR TAG, I DO ALL LEGIT AND TRUSTED TRANSFER TO ALL COUNTRIES, I GOT BEST DEALS ON BANK LOGS, FULLZ, DOCUMENTS ( fake id, bank statements, passports, checks , money transfers ) SO TAP IN NOW ****@JUSTICE_CC****


HOT AND LEGIT TRANSFER ****üí∞****üí≤****üí≤****üí≤****

****üí≥****CASH APP TRANSFER
****üí∞****PAYPAL TRANSFER
****üí≥****VENMO TRANSFER¬†
****üí∞****SKRILL TRANSFER¬†
****üí≥****ZELLE TRANSFER¬†
****üí∞****BITCOIN TRANSFER
****üè¶****BANK TRANSFER
****üçè****APPLE PAY TRANSFER
****üí∏****WESTERN UNION¬†

LINKABLES¬†****üÜï****
CC¬†****üÜï****
CVV****üÜï****üÜï****
FULLZ¬†****üÜï****
CHECKS¬†****üÜï****
OTP BOTS¬†****üÜï****
NON VBV¬†****üÜï****
CARDING¬†****üÜï****
BILLS PAYMENT****üÜï****
DUMPS WITH PIN¬†****üÜï****

Prices list‚òÑÔ∏è****üëÄ****üëÄ****

‚úÖ¬£‚Ç¨$25¬† For¬† $1000****üí≤****

‚úÖ¬£‚Ç¨$50¬† For¬† $2000****üí≤****¬†

‚úÖ¬£‚Ç¨$75¬†¬† For ¬† $3000****üí≤****

‚úÖ¬£‚Ç¨$85 ¬† For¬†¬† $4000****üí≤****

‚úÖ¬£‚Ç¨$100 ¬† For ¬† $5,594.81 ****üí≤****

‚úÖ¬£‚Ç¨$120 ¬† For ¬† $6,877.04 ****üí≤****

‚úÖ¬£‚Ç¨$140¬†¬† For ¬† $7,124.98 ****üí≤****

‚úÖ¬£‚Ç¨$160¬†¬† For ¬† $8,238.46 $****üí≤****

‚úÖ¬£‚Ç¨$180 ¬† For ¬† $9,296.39 ****üí≤****¬†

‚úÖ¬£‚Ç¨$200¬†¬† For ¬† $10,100.52 ****üí≤****


üì±SPOOFING ROUTE AVAILABLEüì±

‚ö°Ô∏è PREMIUM ROUTE
‚ö°Ô∏è PREMIUM SUPPORT
‚ö°Ô∏è BANK CALLER ID PASS
‚ö°Ô∏è DID NUMBER & TFN
‚ö°Ô∏è SMS & EMAIL SPOOF

We selling Google voice****üòÄ****

‚úÖ818 area code GV****üòÄ****
‚úÖ818 GV ****üòÄ****‚úÖ****
‚úÖNew Google voice ****üòÄ****
‚úÖOld Google voice ****üòÄ****
‚úÖ2fa Google voice ****üòÄ****
Sell start form 1/1000+ account****ü™ô****

Dm admin ****@JUSTICE_CC****
¬† ¬† ¬† ¬† ¬† ¬† ¬† ¬† ¬† ¬† ****@JUSTICE_CC****
¬† ¬† ¬† ¬† ¬† ¬† ¬† ¬† ¬† ¬†¬†****@JUSTICE_CC**",Phishing attempts
Telegram,unknown,"ü§ùü§ùü§ù GET YOUR COINS AT YOUR AFFORDABLE PRICE üëèüëèüëè

‚ú®Have you heard about crypto currency platforms flashing ‚ú®

The flash can be ü•áUsdt/ TRC20, bep20, erc20 ü§ù BTC üî• Sol ü§ù Usdbit ü§ù sETH ü§ù sETH ü§ù Sphynx ü§ù BNB smart chain ‚ö°usdt.t ü§ù usdc ü§ùEth etc 

‚ú®Get your coins now available ‚ú®

‚ú®500 usdt/BTC flash cost you 10$
‚ú®1k usdt/ BTC flash cost you 20$
‚ú®5k usdt/ BTC flash cost you 70$
‚ú®10k usdt/ BTC flash cost you 120$
‚ú® 20k usdt/ BTC flash cost you 200$

Etc and so on , available for more as well
 
Whtp: +63 9641756871

üî•Features of the flash:

Flash Bitcoin and flash usdt TRC20 and bepAvailable
üíØTransferable
üíØspendable
üíØDirectly received flash
üíØValidity time 180 Days 
üíØIt's tradable,

 spendable, üíéconvertible,üíé transferable, üíésplittable, üíéswappable
 
To multiple wallet on binance, trust wallet, trade wallet and game site

üëáüëáüëá
@Muhammadsambo07",Crypto scams
Telegram,unknown,"I‚Äôve had the opportunity to invest with Velo Trust for a while now, and the experience has been nothing short of outstanding. From the very beginning, I was impressed with how professional and transparent the platform is. Every step of the investment process is simple, secure, and designed to give investors complete confidence. Unlike many other platforms that make promises they can‚Äôt keep, Velo Trust has consistently delivered on every commitment.

Among all I would say the are 

üå≥Consistency in good workings
üå≥Best customer service 
üå≥Professional service to all investors 
üå≥No hiding fees 

Invest today not tomorrow 
Crypto is becoming more reliable in making money 
üëáüèΩ
https://velotrust-exchanges.com/?ref=Williambenjamin

https://velotrust-exchanges.com/?ref=Williambenjamin",Crypto scams
Telegram,unknown,"I am sharing a method for free thats paying $1200 to $2500 every day and it has live proof (ONLY method with live proof). it can be done on phone or computer. I am only sharing it for a few days - If you want it, DM me on my account now saying ""method"" and I will send you the method for free: @TheAdamMitchell",Crypto scams
Telegram,unknown,"**DM WITH YOUR EMAIL OR TAG, I DO ALL LEGIT AND TRUSTED TRANSFER TO ALL COUNTRIES, I GOT BEST DEALS ON BANK LOGS, FULLZ, DOCUMENTS ( fake id, bank statements, passports, checks , money transfers ) SO TAP IN NOW ****@JUSTICE_CC****


HOT AND LEGIT TRANSFER ****üí∞****üí≤****üí≤****üí≤****

****üí≥****CASH APP TRANSFER
****üí∞****PAYPAL TRANSFER
****üí≥****VENMO TRANSFER¬†
****üí∞****SKRILL TRANSFER¬†
****üí≥****ZELLE TRANSFER¬†
****üí∞****BITCOIN TRANSFER
****üè¶****BANK TRANSFER
****üçè****APPLE PAY TRANSFER
****üí∏****WESTERN UNION¬†

LINKABLES¬†****üÜï****
CC¬†****üÜï****
CVV****üÜï****üÜï****
FULLZ¬†****üÜï****
CHECKS¬†****üÜï****
OTP BOTS¬†****üÜï****
NON VBV¬†****üÜï****
CARDING¬†****üÜï****
BILLS PAYMENT****üÜï****
DUMPS WITH PIN¬†****üÜï****

Prices list‚òÑÔ∏è****üëÄ****üëÄ****

‚úÖ¬£‚Ç¨$25¬† For¬† $1000****üí≤****

‚úÖ¬£‚Ç¨$50¬† For¬† $2000****üí≤****¬†

‚úÖ¬£‚Ç¨$75¬†¬† For ¬† $3000****üí≤****

‚úÖ¬£‚Ç¨$85 ¬† For¬†¬† $4000****üí≤****

‚úÖ¬£‚Ç¨$100 ¬† For ¬† $5,594.81 ****üí≤****

‚úÖ¬£‚Ç¨$120 ¬† For ¬† $6,877.04 ****üí≤****

‚úÖ¬£‚Ç¨$140¬†¬† For ¬† $7,124.98 ****üí≤****

‚úÖ¬£‚Ç¨$160¬†¬† For ¬† $8,238.46 $****üí≤****

‚úÖ¬£‚Ç¨$180 ¬† For ¬† $9,296.39 ****üí≤****¬†

‚úÖ¬£‚Ç¨$200¬†¬† For ¬† $10,100.52 ****üí≤****


üì±SPOOFING ROUTE AVAILABLEüì±

‚ö°Ô∏è PREMIUM ROUTE
‚ö°Ô∏è PREMIUM SUPPORT
‚ö°Ô∏è BANK CALLER ID PASS
‚ö°Ô∏è DID NUMBER & TFN
‚ö°Ô∏è SMS & EMAIL SPOOF

We selling Google voice****üòÄ****

‚úÖ818 area code GV****üòÄ****
‚úÖ818 GV ****üòÄ****‚úÖ****
‚úÖNew Google voice ****üòÄ****
‚úÖOld Google voice ****üòÄ****
‚úÖ2fa Google voice ****üòÄ****
Sell start form 1/1000+ account****ü™ô****

Dm admin ****@JUSTICE_CC****
¬† ¬† ¬† ¬† ¬† ¬† ¬† ¬† ¬† ¬† ****@JUSTICE_CC****
¬† ¬† ¬† ¬† ¬† ¬† ¬† ¬† ¬† ¬†¬†****@JUSTICE_CC**",KYC / Banking scams
Telegram,unknown,"ü§ùü§ùü§ù GET YOUR COINS AT YOUR AFFORDABLE PRICE üëèüëèüëè

‚ú®Have you heard about crypto currency platforms flashing ‚ú®

The flash can be ü•áUsdt/ TRC20, bep20, erc20 ü§ù BTC üî• Sol ü§ù Usdbit ü§ù sETH ü§ù sETH ü§ù Sphynx ü§ù BNB smart chain ‚ö°usdt.t ü§ù usdc ü§ùEth etc 

‚ú®Get your coins now available ‚ú®

‚ú®500 usdt/BTC flash cost you 10$
‚ú®1k usdt/ BTC flash cost you 20$
‚ú®5k usdt/ BTC flash cost you 70$
‚ú®10k usdt/ BTC flash cost you 120$
‚ú® 20k usdt/ BTC flash cost you 200$

Etc and so on , available for more as well
 
Whtp: +63 9641756871

üî•Features of the flash:

Flash Bitcoin and flash usdt TRC20 and bepAvailable
üíØTransferable
üíØspendable
üíØDirectly received flash
üíØValidity time 180 Days 
üíØIt's tradable,

 spendable, üíéconvertible,üíé transferable, üíésplittable, üíéswappable
 
To multiple wallet on binance, trust wallet, trade wallet and game site

üëáüëáüëá
@Muhammadsambo07",Crypto scams
Telegram,unknown,"ü§ëü§ëü§ëü§ë Real Flash Bitcoin and ü§ëü§ëü§ë flash usdt TRC20 and üí´üí´bep Available‚úÖ

üéâüéâüéâüéâüéâüéâüéâTransferable spendable‚úÖ
Directly received flash‚úÖ

Trc20, bep20,Erc20,usdt.z,usdt.t

Validity time 280 Day

It's tradable, spendable, convertible, transferable, splittable, swappable, P2P 

Work on binance, exodus, trust wallet, BYBIT , bitget, game site, etc?


 üí∏üí∏üí∏Per 1k cost 15$
 üí∏üí∏üí∏per 2k cost 25$
 üí∏üí∏üí∏Per 3k cost 35$
 üí∏üí∏üí∏Per 4k cost 45$ 
 üí∏üí∏üí∏Per 5k cost 55$

üéáüéáüéáüéáPer 1btc cost 30$
üéáüéáüéáüéáPer 2btc cost 50$
üéáüéáüéáüéáPer 3btc cost 80$

And so much price Dm me now let deal 

Work on Android phone and iphone 

To multiple wallet on binance, trust wallet trade wallet and game site

DM @druvflasher

NOTE: only interested buyers should DM",Crypto scams
Telegram,unknown,"I‚Äôve had the opportunity to invest with Velo Trust for a while now, and the experience has been nothing short of outstanding. From the very beginning, I was impressed with how professional and transparent the platform is. Every step of the investment process is simple, secure, and designed to give investors complete confidence. Unlike many other platforms that make promises they can‚Äôt keep, Velo Trust has consistently delivered on every commitment.

Among all I would say the are 

üå≥Consistency in good workings
üå≥Best customer service 
üå≥Professional service to all investors 
üå≥No hiding fees 

Invest today not tomorrow 
Crypto is becoming more reliable in making money 
üëáüèΩ
https://velotrust-exchanges.com/?ref=Williambenjamin

https://velotrust-exchanges.com/?ref=Williambenjamin",referral_investment_scam
Telegram,unknown,"**DM WITH YOUR EMAIL OR TAG, I DO ALL LEGIT AND TRUSTED TRANSFER TO ALL COUNTRIES, I GOT BEST DEALS ON BANK LOGS, FULLZ, DOCUMENTS ( fake id, bank statements, passports, checks , money transfers ) SO TAP IN NOW ****@JUSTICE_CC****


HOT AND LEGIT TRANSFER ****üí∞****üí≤****üí≤****üí≤****

****üí≥****CASH APP TRANSFER
****üí∞****PAYPAL TRANSFER
****üí≥****VENMO TRANSFER¬†
****üí∞****SKRILL TRANSFER¬†
****üí≥****ZELLE TRANSFER¬†
****üí∞****BITCOIN TRANSFER
****üè¶****BANK TRANSFER
****üçè****APPLE PAY TRANSFER
****üí∏****WESTERN UNION¬†

LINKABLES¬†****üÜï****
CC¬†****üÜï****
CVV****üÜï****üÜï****
FULLZ¬†****üÜï****
CHECKS¬†****üÜï****
OTP BOTS¬†****üÜï****
NON VBV¬†****üÜï****
CARDING¬†****üÜï****
BILLS PAYMENT****üÜï****
DUMPS WITH PIN¬†****üÜï****

Prices list‚òÑÔ∏è****üëÄ****üëÄ****

‚úÖ¬£‚Ç¨$25¬† For¬† $1000****üí≤****

‚úÖ¬£‚Ç¨$50¬† For¬† $2000****üí≤****¬†

‚úÖ¬£‚Ç¨$75¬†¬† For ¬† $3000****üí≤****

‚úÖ¬£‚Ç¨$85 ¬† For¬†¬† $4000****üí≤****

‚úÖ¬£‚Ç¨$100 ¬† For ¬† $5,594.81 ****üí≤****

‚úÖ¬£‚Ç¨$120 ¬† For ¬† $6,877.04 ****üí≤****

‚úÖ¬£‚Ç¨$140¬†¬† For ¬† $7,124.98 ****üí≤****

‚úÖ¬£‚Ç¨$160¬†¬† For ¬† $8,238.46 $****üí≤****

‚úÖ¬£‚Ç¨$180 ¬† For ¬† $9,296.39 ****üí≤****¬†

‚úÖ¬£‚Ç¨$200¬†¬† For ¬† $10,100.52 ****üí≤****


üì±SPOOFING ROUTE AVAILABLEüì±

‚ö°Ô∏è PREMIUM ROUTE
‚ö°Ô∏è PREMIUM SUPPORT
‚ö°Ô∏è BANK CALLER ID PASS
‚ö°Ô∏è DID NUMBER & TFN
‚ö°Ô∏è SMS & EMAIL SPOOF

We selling Google voice****üòÄ****

‚úÖ818 area code GV****üòÄ****
‚úÖ818 GV ****üòÄ****‚úÖ****
‚úÖNew Google voice ****üòÄ****
‚úÖOld Google voice ****üòÄ****
‚úÖ2fa Google voice ****üòÄ****
Sell start form 1/1000+ account****ü™ô****

Dm admin ****@JUSTICE_CC****
¬† ¬† ¬† ¬† ¬† ¬† ¬† ¬† ¬† ¬† ****@JUSTICE_CC****
¬† ¬† ¬† ¬† ¬† ¬† ¬† ¬† ¬† ¬†¬†****@JUSTICE_CC**",carding_and_illegal_docs_marketplace
Telegram,unknown,"**DM WITH YOUR EMAIL OR TAG, I DO ALL LEGIT AND TRUSTED TRANSFER TO ALL COUNTRIES, I GOT BEST DEALS ON BANK LOGS, FULLZ, DOCUMENTS ( fake id, bank statements, passports, checks , money transfers ) SO TAP IN NOW ****@JUSTICE_CC****


HOT AND LEGIT TRANSFER ****üí∞****üí≤****üí≤****üí≤****

****üí≥****CASH APP TRANSFER
****üí∞****PAYPAL TRANSFER
****üí≥****VENMO TRANSFER¬†
****üí∞****SKRILL TRANSFER¬†
****üí≥****ZELLE TRANSFER¬†
****üí∞****BITCOIN TRANSFER
****üè¶****BANK TRANSFER
****üçè****APPLE PAY TRANSFER
****üí∏****WESTERN UNION¬†

LINKABLES¬†****üÜï****
CC¬†****üÜï****
CVV****üÜï****üÜï****
FULLZ¬†****üÜï****
CHECKS¬†****üÜï****
OTP BOTS¬†****üÜï****
NON VBV¬†****üÜï****
CARDING¬†****üÜï****
BILLS PAYMENT****üÜï****
DUMPS WITH PIN¬†****üÜï****

Prices list‚òÑÔ∏è****üëÄ****üëÄ****

‚úÖ¬£‚Ç¨$25¬† For¬† $1000****üí≤****

‚úÖ¬£‚Ç¨$50¬† For¬† $2000****üí≤****¬†

‚úÖ¬£‚Ç¨$75¬†¬† For ¬† $3000****üí≤****

‚úÖ¬£‚Ç¨$85 ¬† For¬†¬† $4000****üí≤****

‚úÖ¬£‚Ç¨$100 ¬† For ¬† $5,594.81 ****üí≤****

‚úÖ¬£‚Ç¨$120 ¬† For ¬† $6,877.04 ****üí≤****

‚úÖ¬£‚Ç¨$140¬†¬† For ¬† $7,124.98 ****üí≤****

‚úÖ¬£‚Ç¨$160¬†¬† For ¬† $8,238.46 $****üí≤****

‚úÖ¬£‚Ç¨$180 ¬† For ¬† $9,296.39 ****üí≤****¬†

‚úÖ¬£‚Ç¨$200¬†¬† For ¬† $10,100.52 ****üí≤****


üì±SPOOFING ROUTE AVAILABLEüì±

‚ö°Ô∏è PREMIUM ROUTE
‚ö°Ô∏è PREMIUM SUPPORT
‚ö°Ô∏è BANK CALLER ID PASS
‚ö°Ô∏è DID NUMBER & TFN
‚ö°Ô∏è SMS & EMAIL SPOOF

We selling Google voice****üòÄ****

‚úÖ818 area code GV****üòÄ****
‚úÖ818 GV ****üòÄ****‚úÖ****
‚úÖNew Google voice ****üòÄ****
‚úÖOld Google voice ****üòÄ****
‚úÖ2fa Google voice ****üòÄ****
Sell start form 1/1000+ account****ü™ô****

Dm admin ****@JUSTICE_CC****
¬† ¬† ¬† ¬† ¬† ¬† ¬† ¬† ¬† ¬† ****@JUSTICE_CC****
¬† ¬† ¬† ¬† ¬† ¬† ¬† ¬† ¬† ¬†¬†****@JUSTICE_CC**",carding_and_illegal_docs_marketplace
Telegram,unknown,"Yo @Muwop1 I got

üìë Leads Available 

üìÆ Database available 

üì§ SMTP available 

üßæ Scampage and letter 

üè¶ Bank log available 

üè¶ Spamming banks DM

üñ• All Linkeble CC available
 ( Google pay, cashapp & PayPal)

Tappin @Muwop1 for purchase",carding_and_illegal_docs_marketplace
Telegram,unknown,"Yoo fam HMU @Spikesel 

üíª OFFICE365 AVAILABLE 

üì™ SMTP AVAILABLE 

üìù LEADS AVAILABLE 

üì≤ SMS TRAFFIC AVAILABLE 

üñ≤ ALL SPAMMING TOOLS AVAILABLE 

PM @Spikesel for purchase",spam_and_credential_ware_marketplace
Telegram,unknown,"üìåüìû**Unlock Next-Level VoIP Spoofing with Global Coverage and Total Network Control ‚Äî Take Full Charge of Your Call Management Today!**üëâüìû

‚úÖ **THE MOST ADVANCED SPOOFING SIP ACCESS IS HERE! **üí•
No Limits. No Restrictions. Just Pure Power & Control.

üîπ üî• UNLIMITED SPOOFING FEATURES üòÄ
‚úÖ Unlimited Spoofing Credits ‚Äì Call as much as you want!
‚úÖ Worldwide Caller ID Spoofing ‚Äì Covering 250+ countries üåé
‚úÖ Dynamic Caller ID ‚Äì Change your number per call!
‚úÖ Multi-Number Support ‚Äì Use multiple caller IDs for flexibility.
‚úÖ Scheduled Caller ID ‚Äì Set your preferred ID at specific times.
‚úÖ CNAM Spoofing ‚Äì Customize caller name display.
‚úÖ VoIP Spoofing & SIM Boxing ‚Äì Next-level anonymity!
‚úÖ STIR/SHAKEN Secure Authentication ‚Äì Stay ahead, stay secure.
‚úÖ IVR Integration & Automated Call Routing ‚Äì Smart call management.
‚úÖ Call Forwarding & Number Porting ‚Äì Full control over your calls.

üåé ‚≠êÔ∏è GLOBAL COVERAGE EXPANDED! ‚≠êÔ∏è
üìç North America ‚Äì USA (50 states), Canada, Mexico
üìç Europe ‚Äì UK, Germany, France, Italy, Spain, Netherlands, Switzerland & 35+ more!
üìç Asia ‚Äì China, UAE, Japan, India, Malaysia, Singapore, Philippines & 25+ more!
üìç Africa ‚Äì South Africa, Nigeria, Kenya, Ghana, Egypt & 30+ more!
üìç South America ‚Äì Brazil, Argentina, Colombia, Peru, Chile & 20+ more!
üìç Australia & Oceania ‚Äì Australia, New Zealand, Fiji & more!

üíé ELITE-LEVEL ADVANCED FEATURES üöÄ
üî∏ Real-time Call Monitoring & Analytics ‚Äì Track every call.
üî∏ Call Recording & Transcription ‚Äì Capture every detail.
üî∏ DTMF Support & IVR Customization ‚Äì Automate responses.
üî∏ Supports 200+ Concurrent Calls ‚Äì Scalable & powerful.
üî∏ Call Queue Management & Custom Call Flows ‚Äì Never miss a call.
üî∏ Music-on-Hold (MOH) & Do Not Disturb (DND) ‚Äì Professional call handling.
üî∏ Integration with CRM & Business Tools ‚Äì Seamless workflow.
üî∏ Advanced Call Blocking & Security Features ‚Äì Stay protected.

üîàEXCLUSIVE OFFER FOR THIS WEEK ONLY! üîà
DM NOW TO GET STARTED & EXPERIENCE THE FUTURE OF SPOOFING!


üîπ Telegram: @VOIPSYNC
 Channel: @VOIPNEXUS01
**Instant Support ‚Ä¢ Secure Solutions ‚Ä¢ Always On**

UnlimitedSpoofing CallerIDSpoofing
 VoIPSpoofing 
GlobalCoverage CyberStormTech 
SecureCalling",voip_and_call_spoofing_marketplace
Telegram,unknown,"Flash usdt and btc is available 
Per 1k usdt cost $10 
Per 2k usdt cost $30 
Per 5k usdt cost $50 
Per 10k usdt cost $100 
 FLASH USDT FEATURES
Tradable spendable swappable convert able transferable spilltable and 
Is available at affordable prices 
No demo no test once you make payments you receive immediately after 2 minutes 
Dm if needed or interested 
Telegram @ mayouthm
Whatsapp:+63 930 267 2275",crypto_and_usdt_scam_marketplace
Telegram,unknown,"üî´üî´üî´üî´üî´üî´üî´‚öôÔ∏è**
__Hire me for all Blackhat Seo and cybersecurity hacking services__**üìä‚öôÔ∏è**__
__**üì±üì±üì±üì±üì±üì±üì±üì±üì±üì±üì±üì±üì±
üíª**School grades manipulation**
üíª**Malware and Ransomwares**
üíª**Papers manipulation **
üíª**Ban/Unban Social media**
üíª**All social media Spying
**üíª**Bypass 2FA**
üíª**Clone cards 
**üíª**Legit id cards**
üíª**Pegasus and SS7 attack
**üíª**Pc/Macbook Hacking**
üíª**Whatsapp Hacking**
üíª**Facebook Hacking**
üíª**Instagram Hacking**
üíª**Snapchat Hacking**
üíª**Database Hacking**
üíª**Icloud/Gmail Hacking**
üíª**Mobile phone Hacking** 
üíª**Windows rat and Spyware**
üíª**Scam funds recovery**
üíª**Cctv and ip tracing**
üíª**Wallet phrase recovery**
üíª**Website Database Hacking**
‚ÄºÔ∏èüòá**__And more, inbox me for more__** **__service and info__**‚úâÔ∏è‚≠êÔ∏è

‚ö†Ô∏è**NO FREE SERVICES!!!**‚ö†Ô∏è

‚û°Ô∏è**@Harnuff_H4ck**üëà**
**‚û°Ô∏è**@Harnuff_H4ck**üëà",blackhat_hacking_services_marketplace
Telegram,unknown,"I‚Äôve had the opportunity to invest with Velo Trust for a while now, and the experience has been nothing short of outstanding. From the very beginning, I was impressed with how professional and transparent the platform is. Every step of the investment process is simple, secure, and designed to give investors complete confidence. Unlike many other platforms that make promises they can‚Äôt keep, Velo Trust has consistently delivered on every commitment.

Among all I would say the are 

üå≥Consistency in good workings
üå≥Best customer service 
üå≥Professional service to all investors 
üå≥No hiding fees 

Invest today not tomorrow 
Crypto is becoming more reliable in making money 
üëáüèΩ
https://velotrust-exchanges.com/?ref=Williambenjamin

https://velotrust-exchanges.com/?ref=Williambenjamin",referral_investment_scam
Telegram,unknown,"Flash usdt and btc is available 
Per 1k usdt cost $10 
Per 2k usdt cost $30 
Per 5k usdt cost $50 
Per 10k usdt cost $100 
 FLASH USDT FEATURES
Tradable spendable swappable convert able transferable spilltable and 
Is available at affordable prices 
No demo no test once you make payments you receive immediately after 2 minutes 
Dm if needed or interested 
Telegram @ mayouthm
Whatsapp:+63 930 267 2275",crypto_and_usdt_scam_marketplace
Telegram,unknown,"**Yooo ****@Duke110**** **I got **

CC‚ÄôS 
CLONED CARDS 
DEBIT/CREDIT LINKABLES 
BANK LOGS
CRYPTO LOADING 
CHECKS
DUMPS WITH PIN
FULLZ


HMU ****@Duke110**** coin ready**",carding_and_illegal_docs_marketplace
Telegram,unknown,"**I‚Äôm available for Blackhat and cybersecurity services
üîùWebsite database / website clone/ scam pages
Database leaks available 

üîù Any social media access ****/ban****

Darkweb market fully active
****üå´****üå´****üå´****üå´**** Available 

VALIDATED LEADS AVAILABLE:

¬†¬†¬† .Office leads 
¬†¬†¬† .Business leads
¬†¬†¬† .Local leads
¬†¬†¬† .custom leads
¬†¬†¬† .Yahoo, aol, Hotmail, org, fr, USA, cfo, edu, comcast, net all domain

FULL 0.365 SPAMMING SETUP

****‚ö°Ô∏è****smtp 50k,100k,200k and 300k
****‚ö°Ô∏è****Office Sender
****‚ö°Ô∏è****Encrypted Letter
****‚ö°Ô∏è****Fast Rdp
****‚ö°Ô∏è****Fud Link cookies grabber
****‚ö°Ô∏è****Office Email Verifier
****‚ö°Ô∏è****Cashout method
****‚ö°Ô∏è****result to telegram**",blackhat_hacking_services_marketplace
Telegram,unknown,"**DM WITH YOUR EMAIL OR TAG, I DO ALL LEGIT AND TRUSTED TRANSFER TO ALL COUNTRIES, I GOT BEST DEALS ON BANK LOGS, FULLZ, DOCUMENTS ( fake id, bank statements, passports, checks , money transfers ) SO TAP IN NOW ****@JUSTICE_CC****


HOT AND LEGIT TRANSFER ****üí∞****üí≤****üí≤****üí≤****

****üí≥****CASH APP TRANSFER
****üí∞****PAYPAL TRANSFER
****üí≥****VENMO TRANSFER¬†
****üí∞****SKRILL TRANSFER¬†
****üí≥****ZELLE TRANSFER¬†
****üí∞****BITCOIN TRANSFER
****üè¶****BANK TRANSFER
****üçè****APPLE PAY TRANSFER
****üí∏****WESTERN UNION¬†

LINKABLES¬†****üÜï****
CC¬†****üÜï****
CVV****üÜï****üÜï****
FULLZ¬†****üÜï****
CHECKS¬†****üÜï****
OTP BOTS¬†****üÜï****
NON VBV¬†****üÜï****
CARDING¬†****üÜï****
BILLS PAYMENT****üÜï****
DUMPS WITH PIN¬†****üÜï****

Prices list‚òÑÔ∏è****üëÄ****üëÄ****

‚úÖ¬£‚Ç¨$25¬† For¬† $1000****üí≤****

‚úÖ¬£‚Ç¨$50¬† For¬† $2000****üí≤****¬†

‚úÖ¬£‚Ç¨$75¬†¬† For ¬† $3000****üí≤****

‚úÖ¬£‚Ç¨$85 ¬† For¬†¬† $4000****üí≤****

‚úÖ¬£‚Ç¨$100 ¬† For ¬† $5,594.81 ****üí≤****

‚úÖ¬£‚Ç¨$120 ¬† For ¬† $6,877.04 ****üí≤****

‚úÖ¬£‚Ç¨$140¬†¬† For ¬† $7,124.98 ****üí≤****

‚úÖ¬£‚Ç¨$160¬†¬† For ¬† $8,238.46 $****üí≤****

‚úÖ¬£‚Ç¨$180 ¬† For ¬† $9,296.39 ****üí≤****¬†

‚úÖ¬£‚Ç¨$200¬†¬† For ¬† $10,100.52 ****üí≤****


üì±SPOOFING ROUTE AVAILABLEüì±

‚ö°Ô∏è PREMIUM ROUTE
‚ö°Ô∏è PREMIUM SUPPORT
‚ö°Ô∏è BANK CALLER ID PASS
‚ö°Ô∏è DID NUMBER & TFN
‚ö°Ô∏è SMS & EMAIL SPOOF

We selling Google voice****üòÄ****

‚úÖ818 area code GV****üòÄ****
‚úÖ818 GV ****üòÄ****‚úÖ****
‚úÖNew Google voice ****üòÄ****
‚úÖOld Google voice ****üòÄ****
‚úÖ2fa Google voice ****üòÄ****
Sell start form 1/1000+ account****ü™ô****

Dm admin ****@JUSTICE_CC****
¬† ¬† ¬† ¬† ¬† ¬† ¬† ¬† ¬† ¬† ****@JUSTICE_CC****
¬† ¬† ¬† ¬† ¬† ¬† ¬† ¬† ¬† ¬†¬†****@JUSTICE_CC**",carding_and_illegal_docs_marketplace
Telegram,unknown,"Flash usdt and btc is available 
Per 1k usdt cost $10 
Per 2k usdt cost $30 
Per 5k usdt cost $50 
Per 10k usdt cost $100 
 FLASH USDT FEATURES
Tradable spendable swappable convert able transferable spilltable and 
Is available at affordable prices 
No demo no test once you make payments you receive immediately after 2 minutes 
Dm if needed or interested 
Telegram @ mayouthm
Whatsapp:+63 930 267 2275",crypto_and_usdt_scam_marketplace
Telegram,unknown,"**DM WITH YOUR EMAIL OR TAG, I DO ALL LEGIT AND TRUSTED TRANSFER TO ALL COUNTRIES, I GOT BEST DEALS ON BANK LOGS, FULLZ, DOCUMENTS ( fake id, bank statements, passports, checks , money transfers ) SO TAP IN NOW ****@JUSTICE_CC****


HOT AND LEGIT TRANSFER ****üí∞****üí≤****üí≤****üí≤****

****üí≥****CASH APP TRANSFER
****üí∞****PAYPAL TRANSFER
****üí≥****VENMO TRANSFER¬†
****üí∞****SKRILL TRANSFER¬†
****üí≥****ZELLE TRANSFER¬†
****üí∞****BITCOIN TRANSFER
****üè¶****BANK TRANSFER
****üçè****APPLE PAY TRANSFER
****üí∏****WESTERN UNION¬†

LINKABLES¬†****üÜï****
CC¬†****üÜï****
CVV****üÜï****üÜï****
FULLZ¬†****üÜï****
CHECKS¬†****üÜï****
OTP BOTS¬†****üÜï****
NON VBV¬†****üÜï****
CARDING¬†****üÜï****
BILLS PAYMENT****üÜï****
DUMPS WITH PIN¬†****üÜï****

Prices list‚òÑÔ∏è****üëÄ****üëÄ****

‚úÖ¬£‚Ç¨$25¬† For¬† $1000****üí≤****

‚úÖ¬£‚Ç¨$50¬† For¬† $2000****üí≤****¬†

‚úÖ¬£‚Ç¨$75¬†¬† For ¬† $3000****üí≤****

‚úÖ¬£‚Ç¨$85 ¬† For¬†¬† $4000****üí≤****

‚úÖ¬£‚Ç¨$100 ¬† For ¬† $5,594.81 ****üí≤****

‚úÖ¬£‚Ç¨$120 ¬† For ¬† $6,877.04 ****üí≤****

‚úÖ¬£‚Ç¨$140¬†¬† For ¬† $7,124.98 ****üí≤****

‚úÖ¬£‚Ç¨$160¬†¬† For ¬† $8,238.46 $****üí≤****

‚úÖ¬£‚Ç¨$180 ¬† For ¬† $9,296.39 ****üí≤****¬†

‚úÖ¬£‚Ç¨$200¬†¬† For ¬† $10,100.52 ****üí≤****


üì±SPOOFING ROUTE AVAILABLEüì±

‚ö°Ô∏è PREMIUM ROUTE
‚ö°Ô∏è PREMIUM SUPPORT
‚ö°Ô∏è BANK CALLER ID PASS
‚ö°Ô∏è DID NUMBER & TFN
‚ö°Ô∏è SMS & EMAIL SPOOF

We selling Google voice****üòÄ****

‚úÖ818 area code GV****üòÄ****
‚úÖ818 GV ****üòÄ****‚úÖ****
‚úÖNew Google voice ****üòÄ****
‚úÖOld Google voice ****üòÄ****
‚úÖ2fa Google voice ****üòÄ****
Sell start form 1/1000+ account****ü™ô****

Dm admin ****@JUSTICE_CC****
¬† ¬† ¬† ¬† ¬† ¬† ¬† ¬† ¬† ¬† ****@JUSTICE_CC****
¬† ¬† ¬† ¬† ¬† ¬† ¬† ¬† ¬† ¬†¬†****@JUSTICE_CC**",carding_and_illegal_docs_marketplace
Telegram,unknown,"I‚Äôve had the opportunity to invest with Velo Trust for a while now, and the experience has been nothing short of outstanding. From the very beginning, I was impressed with how professional and transparent the platform is. Every step of the investment process is simple, secure, and designed to give investors complete confidence. Unlike many other platforms that make promises they can‚Äôt keep, Velo Trust has consistently delivered on every commitment.

Among all I would say the are 

üå≥Consistency in good workings
üå≥Best customer service 
üå≥Professional service to all investors 
üå≥No hiding fees 

Invest today not tomorrow 
Crypto is becoming more reliable in making money 
üëáüèΩ
https://velotrust-exchanges.com/?ref=Williambenjamin

https://velotrust-exchanges.com/?ref=Williambenjamin",blackhat_hacking_services_marketplace
Telegram,unknown,"I am sharing a method for free thats paying $1200 to $2500 every day and it has live proof (ONLY method with live proof). it can be done on phone or computer. I am only sharing it for a few days - If you want it, DM me on my account now saying ""method"" and I will send you the method for free: @TheAdamMitchell",carding_and_illegal_docs_marketplace
Telegram,unknown,A large number of USA updates @Boscoccs4_bot,carding_and_illegal_docs_marketplace
Telegram,unknown,"ü§ëü§ëü§ëü§ë Real Flash Bitcoin and ü§ëü§ëü§ë flash usdt TRC20 and üí´üí´bep Available‚úÖ

üéâüéâüéâüéâüéâüéâüéâTransferable spendable‚úÖ
Directly received flash‚úÖ

Trc20, bep20,Erc20,usdt.z,usdt.t

Validity time 280 Day

It's tradable, spendable, convertible, transferable, splittable, swappable, P2P 

Work on binance, exodus, trust wallet, BYBIT , bitget, game site, etc?


 üí∏üí∏üí∏Per 1k cost 15$
 üí∏üí∏üí∏per 2k cost 25$
 üí∏üí∏üí∏Per 3k cost 35$
 üí∏üí∏üí∏Per 4k cost 45$ 
 üí∏üí∏üí∏Per 5k cost 55$

üéáüéáüéáüéáPer 1btc cost 30$
üéáüéáüéáüéáPer 2btc cost 50$
üéáüéáüéáüéáPer 3btc cost 80$

And so much price Dm me now let deal 

Work on Android phone and iphone 

To multiple wallet on binance, trust wallet trade wallet and game site

DM @druvflasher

NOTE: only interested buyers should DM",referral_investment_scam
Telegram,unknown,"**GET THE BEST DEALS ON>
‚Ä¶‚Ä¶..LIVE & VALID CARDS
****‚ÄúAll cc are non vbv and works in different countries‚Äù****
>To Buy: ****@BIG_GREEK****

‚Ä¢ APPLE PAY CC

‚Ä¢ CC TO PAYPAL 

‚Ä¢ CC TO CRYPTO 

‚Ä¢ GPAY CC

‚Ä¢ CC FOR BOOKING 

‚Ä¢ CC FOR SHOPPING 

‚Ä¢ CC TO AMAZON

‚Ä¢ CC TO EBAY

‚Ä¢ CC FOR ONLINE ORDERS

‚Ä¢ I‚Äôll be working you in with the methods on how to skip Otp verification

Tap in -****@BIG_GREEK****
Check bio for update ^
OR PM On WhatsApp ****+447495798498**",unreal_crypto_or_investment_scam
Telegram,unknown,"**DM WITH YOUR EMAIL OR TAG, I DO ALL LEGIT AND TRUSTED TRANSFER TO ALL COUNTRIES, I GOT BEST DEALS ON BANK LOGS, FULLZ, DOCUMENTS ( fake id, bank statements, passports, checks , money transfers ) SO TAP IN NOW ****@JUSTICE_CC****


HOT AND LEGIT TRANSFER ****üí∞****üí≤****üí≤****üí≤****

****üí≥****CASH APP TRANSFER
****üí∞****PAYPAL TRANSFER
****üí≥****VENMO TRANSFER¬†
****üí∞****SKRILL TRANSFER¬†
****üí≥****ZELLE TRANSFER¬†
****üí∞****BITCOIN TRANSFER
****üè¶****BANK TRANSFER
****üçè****APPLE PAY TRANSFER
****üí∏****WESTERN UNION¬†

LINKABLES¬†****üÜï****
CC¬†****üÜï****
CVV****üÜï****üÜï****
FULLZ¬†****üÜï****
CHECKS¬†****üÜï****
OTP BOTS¬†****üÜï****
NON VBV¬†****üÜï****
CARDING¬†****üÜï****
BILLS PAYMENT****üÜï****
DUMPS WITH PIN¬†****üÜï****

Prices list‚òÑÔ∏è****üëÄ****üëÄ****

‚úÖ¬£‚Ç¨$25¬† For¬† $1000****üí≤****

‚úÖ¬£‚Ç¨$50¬† For¬† $2000****üí≤****¬†

‚úÖ¬£‚Ç¨$75¬†¬† For ¬† $3000****üí≤****

‚úÖ¬£‚Ç¨$85 ¬† For¬†¬† $4000****üí≤****

‚úÖ¬£‚Ç¨$100 ¬† For ¬† $5,594.81 ****üí≤****

‚úÖ¬£‚Ç¨$120 ¬† For ¬† $6,877.04 ****üí≤****

‚úÖ¬£‚Ç¨$140¬†¬† For ¬† $7,124.98 ****üí≤****

‚úÖ¬£‚Ç¨$160¬†¬† For ¬† $8,238.46 $****üí≤****

‚úÖ¬£‚Ç¨$180 ¬† For ¬† $9,296.39 ****üí≤****¬†

‚úÖ¬£‚Ç¨$200¬†¬† For ¬† $10,100.52 ****üí≤****


üì±SPOOFING ROUTE AVAILABLEüì±

‚ö°Ô∏è PREMIUM ROUTE
‚ö°Ô∏è PREMIUM SUPPORT
‚ö°Ô∏è BANK CALLER ID PASS
‚ö°Ô∏è DID NUMBER & TFN
‚ö°Ô∏è SMS & EMAIL SPOOF

We selling Google voice****üòÄ****

‚úÖ818 area code GV****üòÄ****
‚úÖ818 GV ****üòÄ****‚úÖ****
‚úÖNew Google voice ****üòÄ****
‚úÖOld Google voice ****üòÄ****
‚úÖ2fa Google voice ****üòÄ****
Sell start form 1/1000+ account****ü™ô****

Dm admin ****@JUSTICE_CC****
¬† ¬† ¬† ¬† ¬† ¬† ¬† ¬† ¬† ¬† ****@JUSTICE_CC****
¬† ¬† ¬† ¬† ¬† ¬† ¬† ¬† ¬† ¬†¬†****@JUSTICE_CC**",carding_and_illegal_docs_marketplace
Telegram,unknown,"üìâüìâüí∏üéÅ‚ô•Ô∏èTransferable Flash BTC&USDT TRC20&bep20
Requirements as follows:

üíéüíéTransferable 
üíéüíé Spendable
üíéüíé Directly received flash 

üéñÔ∏èüéñÔ∏èPer 1k cost 20$
üéñÔ∏èüéñÔ∏èPer 5k cost 50$
üéñÔ∏èüéñÔ∏èPer 10k cost 90$
üéñÔ∏èüéñÔ∏èPer 20k cost 140$

Usdt flash üí∏ BTC flash üí∏ EURC üí∏ Eth flashüí∏ Tether üí∏ Usdt.züí∏WUSDT Flash üí∏BTC flash üí∏ crypto flash.


‚úÖ To multiple wallet on binance, trust wallet, Tradeable wallet and game site, sporty ‚úÖ 

Advance featuresüíØ
Buy now flash üõí
And make unlimited money
Dm now fast guys

Instantly deliverable | 100% Transferable | Fully Spendable

AS MUCH AS YOU CAN AFFORD

üíéüíéDM now and get to your wallet
@Hammedlous2",crypto_and_usdt_scam_marketplace
Telegram,unknown,"üìâüìâüí∏üéÅ‚ô•Ô∏èTransferable Flash BTC&USDT TRC20&bep20
Requirements as follows:

üíéüíéTransferable 
üíéüíé Spendable
üíéüíé Directly received flash 

üéñÔ∏èüéñÔ∏èPer 1k cost 20$
üéñÔ∏èüéñÔ∏èPer 5k cost 50$
üéñÔ∏èüéñÔ∏èPer 10k cost 90$
üéñÔ∏èüéñÔ∏èPer 20k cost 140$

Usdt flash üí∏ BTC flash üí∏ EURC üí∏ Eth flashüí∏ Tether üí∏ Usdt.züí∏WUSDT Flash üí∏BTC flash üí∏ crypto flash.


‚úÖ To multiple wallet on binance, trust wallet, Tradeable wallet and game site, sporty ‚úÖ 

Advance featuresüíØ
Buy now flash üõí
And make unlimited money
Dm now fast guys

Instantly deliverable | 100% Transferable | Fully Spendable

AS MUCH AS YOU CAN AFFORD

üíéüíéDM now and get to your wallet
@Hammedlous2",crypto_and_usdt_scam_marketplace
,,,
,,,
,,,
,,,
,,,
,,,
,,,
,,,
,,,
,,,
,,,
,,,
,,,
,,,
,,,
,,,
,,,
,,,
,,,
,,,
,,,
,,,
,,,
,,,
,,,
,,,
,,,
,,,
,,,
,,,
,,,
,,,
,,,
,,,
,,,
,,,
,,,
,,,
,,,
,,,
,,,
,,,
,,,
,,,
,,,
,,,
,,,
,,,
,,,
,,,
,,,
,,,
,,,
,,,
,,,
,,,
,,,
,,,
,,,
,,,
,,,
,,,
,,,
,,,
,,,
,,,
,,,
,,,
,,,
,,,
,,,
,,,
,,,
,,,